tree
version=v4
num_class=1
num_tree_per_iteration=1
label_index=0
max_feature_idx=58
objective=binary sigmoid:1
feature_names=rule_score rule_accepted rule_selected key_edit_distance key_weak key_cluster_size key_n_words key_x0 key_y0 key_x1 key_y1 value_found value_x0 value_y0 value_x1 value_y1 word_gap line_gap dx value_len value_n_words digit_ratio alpha_ratio upper_ratio has_comma has_initial value_is_date page_count page_frac n_keys_page n_trusted_keys_page n_field_keys n_field_candidates n_field_accepted page_value_count page_distinct_values record_value_pages record_value_share record_distinct_values heading_height_ratio heading_key_overlap heading_value_overlap heading_whole_line heading_line_count heading_ends_colon heading_tail_words score_rank score_gap same_value_in_group key key_match key_trusted_reason region relation rule_source detail_cat heading_key_field heading_position id_type
feature_infos=[0:0.93310000000000004] [0:1] [0:1] none none none none none none none none none [0.019300000000000001:0.93359999999999999] [0.015599999999999999:0.80079999999999996] [0.064000000000000001:0.99880000000000002] [0.034000000000000002:0.80840000000000001] none none none [2:115] [1:16] [0:1] [0:1] [0:1] [0:1] none [0:1] [9:14] [0.071400000000000005:1] [1:20] [1:20] none [2:66] [0:19] [0:4] [0:17] [0:4] [0:0.375] [49:79] [0.58799999999999997:2.6360000000000001] [0:1] [0:1] [0:1] none [0:1] [0:38] [1:29] [0:0.93310000000000004] [1:15] none none none -1:2:0:1 none -1:1:2:0 -1:1:0 -1:1:3:0:5:4:2 -1:2:1:0 none
tree_sizes=1674 1715 1714 1734 1710 1708 1717 1722 1707 1721 1737 1619 1738 1724 1732 1710 1728 1718 1732 1731 1604 1739 1716 1724 1736 1728 1710 1706 1723 1733 1717 1719 1731 1724 1733 1727 1727 1724 1721 1711 1731 1739 1711 1728 1715 1729 1731 1731 1734 1723 1728 1721 1718 1702 1726 1723 1722 1717 1720 1736 1720 1723 1728 1716 1719 1705 1710 1725 1722 1729 1712 1731 1716 1730 1718 1700 1722 1721 1725 1733 1715 1721 1726 1718 1729 1721 1696 1725 1725 1724 1733 1743 1725 1724 1741 1723 1723 1753 1736 1725 1728 1726 1717 1719 1713 1737 1742 1725 1725 1723 1734 1749 1727 1733 1746 1720 1709 1726 1735 1743 1737 1737 1735 1681 1728 1706 1735 1737 1724 1727 1755 1755 1717 1741 1740 1741 1742 1752 1742 1721 1731 1762 1737 1738 1736 1734 1734 1742 1748 1740 1762 1730 1738 1716 1756 1744 1732 1751 1747 1759 1738 1745 1742 1746 1751 1744 1744 1743 1747 1740 1737 1732 1746 1742 1751 1749 1755 1729 1720 1737 1749 1739 1714 1736 1736 1736 1746 1754 1763 1757 1762 1736 1744 1743 1751 1736 1757 1740 1756 1726

Tree=0
num_leaves=15
num_cat=1
split_feature=36 13 47 37 12 14 23 40 42 37 52 45 45 22
split_gain=309.841 80.695 94.0216 21.3044 14.5129 10.8396 5.96561 5.86689 2.98906 2.60645 0.773064 2.27416 0.226141 0.180863
threshold=1.0000000180025095e-35 0.23255000000000003 0.23810000000000001 0.10795 0.027350000000000003 0.21200000000000005 0.21825000000000003 0.75000000000000011 1.0000000180025095e-35 0.081150000000000014 0 3.5000000000000004 14.500000000000002 0.9215500000000002
decision_type=2 2 2 2 2 2 2 2 2 2 1 2 2 2
left_child=4 8 6 5 -1 -4 -3 10 -2 -8 11 13 -12 -6
right_child=1 2 3 -5 7 -7 9 -9 -10 -11 12 -13 -14 -15
leaf_value=-1.3363338526903255 -1.432649748171388 -1.1797265336729392 -1.4332907901010896 -1.2772059162506817 -1.4327835453722242 -1.3423436711007553 -1.3249018082726662 -1.3840278885983486 -1.3777238312156181 -1.2393324210050825 -1.4393034169849133 -1.3820620303609623 -1.4106939954366382 -1.4035086149613156
leaf_weight=3.3736709654331198 5.6227849423885328 19.438770800828937 6.1047379374504107 5.1408319473266593 11.084918886423113 5.1408319473266602 3.373670965433119 6.104737937450408 3.8556239604949951 4.980180948972702 75.024016231298447 3.3736709654331198 4.1769259572029105 3.2130199670791617
leaf_count=21 35 121 38 32 69 32 21 38 24 31 467 21 26 20
internal_value=-1.3796 -1.2827 -1.25479 -1.35223 -1.42894 -1.39207 -1.20028 -1.43236 -1.41227 -1.26436 -1.43533 -1.42 -1.4382 -1.4282
internal_weight=160.008 53.6574 44.179 16.3864 106.351 11.2456 27.7926 102.977 9.47841 8.35385 96.8726 17.6716 79.2009 14.2979
internal_count=996 334 275 102 662 70 173 641 59 52 603 110 493 89
cat_boundaries=0 1
cat_threshold=4
is_linear=0
shrinkage=1


Tree=1
num_leaves=15
num_cat=1
split_feature=36 13 47 37 52 47 45 15 29 47 42 47 46 45
split_gain=277.629 62.5615 74.7161 16.5321 11.0279 7.89774 6.07694 5.93175 5.48448 4.54463 4.31919 3.60796 2.66686 2.14647
threshold=1.0000000180025095e-35 0.23255000000000003 0.23810000000000001 0.10795 0 0.38125000000000009 3.5000000000000004 0.63690000000000013 6.5000000000000009 0.91400000000000003 1.0000000180025095e-35 0.12605000000000002 12.500000000000002 6.5000000000000009
decision_type=2 2 2 2 1 2 2 2 2 2 2 2 2 2
left_child=4 10 7 8 5 -1 -7 11 12 -6 -2 -3 -4 -11
right_child=1 2 3 -5 9 6 -8 -9 -10 13 -12 -13 -14 -15
leaf_value=0.029922555250190632 -0.052323506625148467 0.1883720712570203 0.046604689897702528 0.089079275640488509 -0.059115553557336997 -0.047148675820471761 0.023494321155735673 0.079876384908164733 -0.04394361790571763 -0.035086285780746379 0.012006830415275461 0.11045168163197926 -0.011279332815484523 0.012783451962915696
leaf_weight=6.1806627511978176 5.4445369541645032 17.603602483868606 3.232119947671892 5.6261959522962561 74.870514988899231 13.178527221083643 3.2123345136642447 4.9699758589267722 5.0893556028604507 5.0069131106138212 3.8597520589828491 7.9270529001951209 3.1623018085956573 3.1604633182287216
leaf_count=39 35 99 20 33 482 84 20 28 32 32 24 45 20 20
internal_value=0.00100292 0.08912 0.111914 0.0261158 -0.0468755 -0.0150465 -0.032749 0.157688 -0.00939617 -0.0552453 -0.0270616 0.169254 0.0203246 -0.0171887
internal_weight=162.524 56.9149 47.6106 17.11 105.609 22.5715 16.3909 30.5006 11.4838 83.0379 9.30429 25.5307 6.39442 8.16738
internal_count=1013 336 277 105 677 143 104 172 72 534 59 144 40 52
cat_boundaries=0 1
cat_threshold=4
is_linear=0
shrinkage=0.05


Tree=2
num_leaves=15
num_cat=2
split_feature=36 52 23 13 36 0 52 46 12 12 19 23 45 28
split_gain=231.81 50.6896 36.0818 36.779 14.0292 21.237 12.7342 11.4219 9.8695 9.06261 9.02153 5.7618 3.49968 4.69436
threshold=1.0000000180025095e-35 0 0.085150000000000017 0.26005000000000006 1.5000000000000002 0.67555000000000021 1 9.5000000000000018 0.099600000000000008 0.027900000000000005 10.500000000000002 0.22475000000000003 1.0000000180025095e-35 0.52780000000000016
decision_type=2 1 2 2 2 2 1 2 2 2 2 2 2 2
left_child=6 2 -2 8 5 11 7 -1 -4 -8 -7 -5 -9 -14
right_child=1 -3 3 4 -6 10 9 12 -10 -11 -12 -13 13 -15
leaf_value=0.041171970004834114 -0.049437910800056772 -0.037714675186441914 0.065568111364986234 0.061524692378443747 0.17913008855198573 0.061016477401419592 0.020893924111477329 -0.051210489222258099 -0.03431265200908705 -0.057914763624664536 0.15551815634333035 -0.014295328887704331 0.033317481172736634 -0.038710912021185227
leaf_weight=6.3603947013616589 3.3807657659053794 7.5923947840929022 3.35653407871723 6.2739975899457949 11.04083079099655 5.4022119939327267 3.3477321714162818 9.6649520397186297 4.7663556337356567 77.349575936794281 12.959463670849798 3.3337372839450836 3.3134783655405036 3.7761972993612289
leaf_count=40 20 48 20 37 58 29 21 63 30 516 67 20 21 24
internal_value=-0.000490115 0.0786921 0.0965809 0.107864 0.127568 0.101734 -0.0451383 -0.011789 0.00962313 -0.0544297 0.132302 0.0363488 -0.0330806 -0.00509003
internal_weight=161.919 58.1063 50.5139 47.1331 39.0102 27.9694 103.812 23.115 8.12289 80.6973 18.3617 9.60773 16.7546 7.08968
internal_count=1014 329 281 261 211 153 685 148 50 537 96 57 108 45
cat_boundaries=0 1 2
cat_threshold=4 4
is_linear=0
shrinkage=0.05


Tree=3
num_leaves=15
num_cat=1
split_feature=36 13 47 36 52 46 14 23 15 39 23 45 28 12
split_gain=219.326 47.5347 48.9069 17.8686 13.3016 10.4176 7.67004 6.89028 5.70074 5.39468 3.52317 2.80871 4.84231 2.32548
threshold=1.0000000180025095e-35 0.23520000000000002 0.23810000000000001 1.5000000000000002 0 9.5000000000000018 0.21800000000000003 0.15895000000000004 0.63690000000000013 1.0605000000000002 0.25545000000000007 1.0000000180025095e-35 0.52780000000000016 0.029050000000000003
decision_type=2 2 2 2 1 2 2 2 2 2 2 2 2 2
left_child=4 9 8 6 5 7 -4 -1 10 -2 -3 -7 -13 -6
right_child=1 2 3 -5 13 11 -8 -9 -10 -11 -12 12 -14 -15
leaf_value=0.080161982611081109 -0.05261473553240447 0.14540566047726505 -0.041757526066429018 0.10774219844974722 -0.017488821506868264 -0.049898824565412059 0.030039274088574 -0.012953781745942888 0.062391563754724856 0.019767862420270409 0.067233911755374617 0.031470743142653003 -0.040160897224842437 -0.057717434432907083
leaf_weight=3.280215501785281 5.9161015748977643 24.544210404157642 6.904029533267023 3.3892566412687293 4.9089802205562583 8.9154117256402987 6.0728300362825394 3.2604332268238068 5.6494869440793982 3.4250933974981308 4.2971317470073691 3.382910653948783 4.1643536686897278 71.64278969168663
leaf_count=20 39 119 44 18 32 60 36 20 29 22 22 21 27 496
internal_value=-5.11234e-05 0.0745806 0.0933454 0.0204604 -0.0454717 -0.0115116 -0.00841319 0.0381826 0.126379 -0.0267294 0.136402 -0.0323111 -0.00812794 -0.0553965
internal_weight=159.753 60.1981 50.8569 16.3661 99.5551 23.0033 12.9769 6.54065 34.4908 9.34119 28.8413 16.4627 7.54726 76.5518
internal_count=1005 329 268 98 676 148 80 40 170 61 141 108 48 528
cat_boundaries=0 1
cat_threshold=4
is_linear=0
shrinkage=0.05


Tree=4
num_leaves=15
num_cat=2
split_feature=36 54 14 0 37 12 14 54 47 13 46 28 13 28
split_gain=203.227 38.1707 30.593 16.2954 17.5827 12.9426 10.2113 7.74821 9.05525 4.0287 1.92289 1.8066 1.61735 0.960759
threshold=1.0000000180025095e-35 0 0.66485000000000005 0.6735000000000001 0.10795 0.027350000000000003 0.21200000000000005 1 0.34020000000000006 0.26640000000000003 9.5000000000000018 0.42265000000000003 0.62580000000000002 0.30950000000000005
decision_type=2 1 2 2 2 2 2 1 2 2 2 2 2 2
left_child=5 2 3 4 6 -1 -2 8 -7 -5 -10 -3 -11 -12
right_child=1 11 -4 9 -6 7 -8 -9 10 12 13 -13 -14 -15
leaf_value=0.041091170540764069 -0.03696518187446423 -0.049768828495634125 -0.040574116357949268 0.046605791706005248 0.10705067171208729 0.040486514284321651 0.052527268399293128 -0.056558399740475329 -0.0012015427950226234 0.13031147162525855 -0.021729371928347889 -0.0021210436915839368 0.063491989227698983 -0.054617658404198799
leaf_weight=3.4448121935129157 5.2704307883977908 4.3111783862113944 4.0036665797233573 3.5616683959960964 7.3369609266519538 3.9489732235670116 5.5253922343254089 73.76904422044754 3.2582262754440334 24.348969936370853 5.5766582489013663 3.3288660645484924 4.0321801602840415 8.5452662110328657
leaf_count=21 33 29 25 20 37 24 32 530 20 112 37 21 20 58
internal_value=-0.000948071 0.0695525 0.0841659 0.0947383 0.0524467 -0.045359 0.00940786 -0.0488856 -0.0210038 0.116425 -0.0364177 -0.0316564 0.123302 -0.0439261
internal_weight=160.262 61.7193 54.0793 50.0756 18.1328 98.543 10.7958 95.0982 21.3291 31.9428 17.3802 7.64004 28.3812 14.1219
internal_count=1019 329 279 254 102 690 65 669 139 152 115 50 132 95
cat_boundaries=0 1 2
cat_threshold=2 2
is_linear=0
shrinkage=0.05


Tree=5
num_leaves=15
num_cat=2
split_feature=36 54 14 47 54 46 32 23 12 13 28 45 28 28
split_gain=170.984 33.2719 22.5001 15.1774 9.5987 10.8487 9.16927 6.09752 6.0656 5.50356 4.95339 2.75719 3.21915 2.17402
threshold=1.0000000180025095e-35 0 0.57295000000000018 0.2261 1 9.5000000000000018 39.500000000000007 0.15895000000000004 0.027900000000000005 0.33770000000000006 0.80950000000000011 1.0000000180025095e-35 0.52780000000000016 0.42265000000000003
decision_type=2 1 2 2 1 2 2 2 2 2 2 2 2 2
left_child=4 2 3 10 5 7 9 -1 -6 -5 -2 -7 -13 -3
right_child=1 13 -4 6 8 11 -8 -9 -10 -11 -12 12 -14 -15
leaf_value=0.073818958352707562 0.11637542953515086 -0.049833147731637863 -0.012782672798026154 0.012932776649975603 0.011328111534832885 -0.053954290824293011 -0.016651041158023808 -0.01290402480070576 -0.055734886207580915 0.094599717988739424 0.055010496578259051 0.022090897839478707 -0.037939857015731437 0.0020508005890944553
leaf_weight=3.4477609097957638 27.092851489782333 4.5901725441217414 5.9717629551887503 3.6025754958391172 3.2208135724067679 8.690065070986746 4.5273164063692084 3.2566887736320496 68.307986348867416 5.3009633272886276 6.9219385385513297 3.2655848413705817 3.8198533654212952 3.0409415513277054
leaf_count=20 124 32 36 20 20 62 27 20 510 29 32 20 26 19
internal_value=-0.00156259 0.0630033 0.0768053 0.0881125 -0.0437129 -0.0143976 0.0390523 0.0354861 -0.0526006 0.0661979 0.105815 -0.0364493 -0.0109622 -0.0313156
internal_weight=155.057 61.0485 53.4174 47.4456 94.0088 22.48 13.4309 6.70445 71.5288 8.90354 34.0148 15.7755 7.08544 7.63111
internal_count=997 319 268 232 678 148 76 40 530 49 156 108 46 51
cat_boundaries=0 1 2
cat_threshold=2 2
is_linear=0
shrinkage=0.05


Tree=6
num_leaves=15
num_cat=1
split_feature=36 13 0 37 52 46 14 47 23 15 45 28 23 39
split_gain=156.463 36.1845 29.8354 14.4011 10.4876 10.5732 6.84329 3.6508 5.00815 2.95042 2.70832 2.90517 2.63771 2.26448
threshold=1.0000000180025095e-35 0.23255000000000003 0.6735000000000001 0.10795 0 9.5000000000000018 0.21200000000000005 0.91400000000000003 0.20940000000000003 0.63690000000000013 1.5000000000000002 0.52780000000000016 0.25545000000000007 1.0570000000000002
decision_type=2 2 2 2 1 2 2 2 2 2 2 2 2 2
left_child=4 13 3 6 5 -1 -3 -6 -9 12 -7 -12 -4 -2
right_child=1 2 9 -5 7 10 -8 8 -10 -11 11 -13 -14 -15
leaf_value=0.039099587624864089 -0.050961554805078302 -0.036731156069671277 0.11927940569171586 0.073660306392954275 -0.055569562014794453 -0.049080893457114826 0.0310583299709381 -0.047457529904472585 0.02866791209662994 0.049055883892409571 0.024168590803052007 -0.034679387817051592 0.055474328616253323 0.00088115942917681893
leaf_weight=6.3841295540332821 5.1946144402027112 7.1526273041963595 23.931459993124012 8.8109935373067838 59.794919237494469 9.1795209944248182 5.8775341063737869 3.8153860718011847 3.0248598754405975 4.513910084962844 3.1512358486652365 3.2825406789779663 4.5814500451087943 3.1408279836177826
leaf_count=37 36 46 102 43 463 67 33 28 21 21 19 23 21 20
internal_value=0.000838411 0.060413 0.0750118 0.0278808 -0.0418439 -0.011266 -0.00611901 -0.0516224 -0.0144309 0.104445 -0.032974 -0.00648208 0.111254 -0.0334251
internal_weight=151.836 63.2034 54.868 21.8412 88.6326 21.9974 13.0302 66.6352 6.84025 33.0268 15.6133 6.43378 28.5129 8.33544
internal_count=980 322 266 122 658 146 79 512 49 144 109 42 123 56
cat_boundaries=0 1
cat_threshold=4
is_linear=0
shrinkage=0.05


Tree=7
num_leaves=15
num_cat=1
split_feature=36 13 47 37 52 46 12 14 12 42 13 32 47 14
split_gain=136.76 25.0944 24.5246 10.4643 9.13859 9.92943 8.59011 5.95715 5.24317 4.91562 3.39438 5.04714 3.08571 2.44008
threshold=1.0000000180025095e-35 0.23255000000000003 0.24985000000000004 0.10795 0 8.5000000000000018 0.027900000000000005 0.23190000000000002 0.051150000000000008 1.0000000180025095e-35 0.50865000000000016 38.500000000000007 0.37830000000000003 0.16685000000000003
decision_type=2 2 2 2 1 2 2 2 2 2 2 2 2 2
left_child=4 9 8 7 5 -1 -6 -4 -3 -2 -10 -12 -7 -14
right_child=1 2 3 -5 6 12 -8 -9 10 -11 11 -13 13 -15
leaf_value=0.047290275240209741 -0.05014495236692821 0.036631761147700004 -0.045012545240435867 0.0611355508848496 0.023347973659055297 0.011328189486186154 -0.054535281976118843 0.023954437125191772 0.10970456341745281 0.017277225115635286 0.091825914105644446 0.021944044011697857 -0.0017305885873163847 -0.050570488153449493
leaf_weight=4.4642977714538601 5.097122520208357 6.1590096354484549 6.0496404767036456 6.3532620370388022 3.2111773490905753 3.2447439134120968 64.086812391877174 4.7781781554222107 21.082686379551888 4.1538772135972977 5.9157409071922284 5.4313165247440338 3.3828654438257209 10.490701615810393
leaf_count=25 37 27 42 31 20 21 516 27 90 26 26 25 23 76
internal_value=-0.00141028 0.0532398 0.0657326 0.0148856 -0.0415372 -0.0124955 -0.0505316 -0.0151261 0.0874236 -0.0211389 0.0956856 0.062863 -0.0298367 -0.0395786
internal_weight=153.901 65.0208 55.7698 17.1811 88.8806 21.5826 67.298 10.8278 38.5888 9.251 32.4297 11.3471 17.1183 13.8736
internal_count=1012 331 268 100 681 145 536 69 168 63 141 51 120 99
cat_boundaries=0 1
cat_threshold=4
is_linear=0
shrinkage=0.05


Tree=8
num_leaves=15
num_cat=2
split_feature=36 52 14 12 52 47 47 37 29 14 46 32 23 23
split_gain=136.474 22.9638 18.2472 10.3288 9.50005 10.1198 8.47054 12.8446 6.64327 5.70063 1.65966 2.9254 1.40884 1.19081
threshold=1.0000000180025095e-35 0 0.66485000000000005 0.027900000000000005 1 0.37170000000000003 0.12605000000000002 0.10795 6.5000000000000009 0.21200000000000005 15.500000000000002 20.000000000000004 0.21825000000000003 0.23025000000000004
decision_type=2 1 2 2 1 2 2 2 2 2 2 2 2 2
left_child=3 2 6 -1 5 -5 12 8 9 -8 11 -7 -2 -3
right_child=1 13 -4 4 -6 10 7 -9 -10 -11 -12 -13 -14 -15
leaf_value=0.028260016522697103 0.10220542534700749 -0.046395522410173362 -0.030962100006029981 0.041314931949333139 -0.053832744059942844 -0.035746512057114731 -0.0002748472892428366 0.089012775616893067 -0.02243507262856519 0.075474031882933529 -0.051690434774857665 0.020612854623626675 0.058390469269086455 -0.0054224800922800503
leaf_weight=4.602030247449874 20.946129530668262 3.1159818992018691 3.9734949171543112 5.2525207102298763 60.177375055849552 5.270282104611395 4.424111410975458 10.558570608496664 5.769984856247901 4.6421149373054504 6.5227282941341391 2.8228675276041031 7.6087059378623954 3.6462272852659225
leaf_count=28 88 22 25 30 504 36 25 47 32 24 49 20 34 25
internal_value=0.00176905 0.0559767 0.0660693 -0.0398248 -0.0440395 -0.0132196 0.0736492 0.0493021 0.0172047 0.0421551 -0.0342084 -0.0159835 0.0929012 -0.0278474
internal_weight=149.333 64.6853 57.9231 84.6478 80.0458 19.8684 53.9496 25.3948 14.8362 9.06623 14.6159 8.09315 28.5548 6.76221
internal_count=989 322 275 667 639 135 250 128 81 49 105 56 122 47
cat_boundaries=0 1 2
cat_threshold=4 4
is_linear=0
shrinkage=0.05


Tree=9
num_leaves=15
num_cat=1
split_feature=52 47 14 35 14 47 28 28 45 12 36 28 47 12
split_gain=127.713 43.5526 19.9283 9.55191 8.49079 5.83649 7.20908 5.44697 4.65489 3.4396 3.00762 2.25807 1.44846 0.824251
threshold=0 0.30495 0.66485000000000005 5.5000000000000009 0.27110000000000006 0.074650000000000008 0.42265000000000003 0.80950000000000011 14.500000000000002 0.12500000000000003 1.0000000180025095e-35 0.23610000000000003 0.91400000000000003 0.068200000000000011
decision_type=1 2 2 2 2 2 2 2 2 2 2 2 2 2
left_child=1 2 5 4 -3 -1 11 9 12 -8 13 -7 -2 -5
right_child=8 3 -4 10 -6 6 7 -9 -10 -11 -12 -13 -14 -15
leaf_value=0.097234487772089373 -0.05454127900533421 0.071859866057942909 -0.031706780149931856 -0.017810370956047487 -0.0245946106229641 0.040699113143694281 0.10064388881297821 0.019461738252319082 0.0029930444790891627 0.035368405407493968 -0.00055644700611589084 -0.0066318665500241097 -0.023200312199671641 -0.052476830887732695
leaf_weight=22.141238018870354 58.467343010008335 4.5110965892672565 4.1062574386596671 3.8841162994504002 3.2192131727933884 3.8988825827837008 11.777625218033792 4.508084535598754 3.9829414635896674 4.1733902245759955 6.0134435147047034 4.6995351761579514 6.1631417721509925 8.0540539994835836
leaf_count=93 499 25 26 27 20 18 52 21 32 20 34 25 48 63
internal_value=0.00104586 0.0433265 0.0679507 -0.0102602 0.0334761 0.0763978 0.0578139 0.0734496 -0.048765 0.0866594 -0.0298665 0.0168342 -0.0519517 -0.0434463
internal_weight=149.6 80.9869 55.305 25.6819 7.73031 51.1988 29.0575 20.4591 68.6134 15.951 17.9516 8.59842 64.6305 11.9382
internal_count=1003 424 255 169 45 229 136 93 579 72 124 43 547 90
cat_boundaries=0 1
cat_threshold=4
is_linear=0
shrinkage=0.05


Tree=10
num_leaves=15
num_cat=1
split_feature=36 13 0 12 36 12 12 52 47 15 45 23 13 45
split_gain=118.324 21.8464 12.7128 10.1735 9.91935 9.72365 9.19284 6.31592 9.05518 4.80811 2.75027 1.65828 1.45385 0.953545
threshold=1.0000000180025095e-35 0.26005000000000006 0.6735000000000001 0.068200000000000011 1.5000000000000002 0.027900000000000005 0.11410000000000002 0 0.37170000000000003 0.63690000000000013 4.5000000000000009 0.25545000000000007 0.51930000000000009 14.500000000000002
decision_type=2 2 2 2 2 2 2 1 2 2 2 2 2 2
left_child=5 3 4 -2 6 -1 12 8 -7 11 -10 -4 -3 -9
right_child=1 2 9 -5 -6 7 -8 13 10 -11 -12 -13 -14 -15
leaf_value=0.025185905170832214 0.047244875848381045 -0.00097196246303412378 0.096322067361573588 -0.043547427074065594 0.080463538890379549 0.0342301774602215 0.054466990078195547 -0.054295219898149755 -0.049851830745477686 0.030022199016833929 0.0027805733182044707 0.045671826478561779 -0.038777641618928715 -0.016366857138171376
leaf_weight=4.7866256386041632 3.8568438291549665 4.547406807541849 24.310548111796383 7.5735728442668915 5.699171006679534 5.1526957154274013 5.1911580115556708 52.256521254777908 10.467631116509436 5.2471454888582221 3.0376087427139273 4.7173248082399359 4.9250260517001152 2.8070208951830855
leaf_count=29 21 27 98 52 25 29 27 473 81 23 20 20 29 24
internal_value=0.00155145 0.0504538 0.0634055 -0.0115761 0.0300103 -0.0397191 0.00651596 -0.0442139 -0.0177968 0.0818324 -0.0386381 0.089886 -0.0224542 -0.0526881
internal_weight=144.576 66.0682 54.6378 11.4304 20.3628 78.5081 14.6636 73.7215 18.6579 34.275 13.5052 29.0279 9.47243 55.0635
internal_count=978 322 249 73 108 656 83 627 130 141 101 118 56 497
cat_boundaries=0 1
cat_threshold=4
is_linear=0
shrinkage=0.05


Tree=11
num_leaves=14
num_cat=1
split_feature=52 0 14 35 22 37 0 14 12 45 36 22 28
split_gain=105.772 33.8285 12.2242 12.0978 11.2046 9.13816 5.55912 7.04804 4.50911 2.9508 2.33641 1.32701 1.1086
threshold=0 0.58655000000000013 0.57295000000000018 5.5000000000000009 0.88120000000000009 0.10795 0.6735000000000001 0.23970000000000005 0.029050000000000003 15.500000000000002 1.5000000000000002 0.79060000000000008 0.80950000000000011
decision_type=1 2 2 2 2 2 2 2 2 2 2 2 2
left_child=1 3 6 4 -1 11 7 -3 -2 10 -10 -5 -8
right_child=8 2 -4 5 -6 -7 12 -9 9 -11 -12 -13 -14
leaf_value=-0.006464811763867916 0.00034950382228403793 -0.0024944353554130802 -0.0057302355810182164 -0.012833754272254401 0.091524467159224965 0.040940911352369221 0.087920220563068238 0.074063012957983981 -0.05417081582887906 0.0034877179970656258 -0.004176918170592985 -0.048219416603163742 0.046767201554726683
leaf_weight=6.070242606103422 4.8458150923252097 5.844863146543501 5.4603446424007407 4.4600177779793801 4.4074050933122635 3.4893560856580725 28.568356841802597 5.0560806542634964 54.061989575624466 2.375779189169406 2.6228402480483046 12.144252240657805 5.8208595514297476
leaf_count=36 34 31 32 33 24 16 119 23 504 20 18 90 24
internal_value=0.00176531 0.0393846 0.0640204 -0.00224509 0.0391371 -0.0246559 0.0723719 0.0362541 -0.0459749 -0.0497183 -0.0519701 -0.0399835 0.0824728
internal_weight=145.228 81.3218 50.7505 30.5713 10.4776 20.0936 45.2902 10.9009 63.9064 59.0606 56.6848 16.6043 34.3892
internal_count=1004 428 229 199 60 139 197 54 576 542 522 123 143
cat_boundaries=0 1
cat_threshold=4
is_linear=0
shrinkage=0.05


Tree=12
num_leaves=15
num_cat=1
split_feature=36 23 13 48 12 52 46 46 12 42 35 13 45 19
split_gain=107.27 21.0505 20.9822 9.2295 8.74686 7.02788 7.36513 4.31673 4.97574 3.9344 2.81124 1.2786 1.01361 0.0830886
threshold=1.0000000180025095e-35 0.085150000000000017 0.23255000000000003 1.5000000000000002 0.027900000000000005 0 8.5000000000000018 11.500000000000002 0.051150000000000008 1.0000000180025095e-35 4.5000000000000009 0.29635000000000006 14.500000000000002 8.5000000000000018
decision_type=2 2 2 2 2 1 2 2 2 2 2 2 2 2
left_child=4 -2 9 7 -1 6 -6 8 -4 -3 -8 -12 -7 -10
right_child=1 2 3 -5 5 12 10 -9 13 -11 11 -13 -14 -15
leaf_value=0.021584285562349263 -0.05356165250032812 -0.047274266383878084 0.032019803725280363 0.0031371817005003432 0.034291371441648753 -0.054397046438123445 0.010667076170013098 0.028705472103261895 0.051785161527594964 0.015296566742865956 -0.012139549796210892 -0.05252558666494625 -0.015584549631914957 0.089496197246263898
leaf_weight=5.0124152451753607 4.0732704252004615 4.1686281859874708 6.739665448665618 5.458477944135665 4.5596066266298321 49.473521009087563 2.5964813977479926 6.6496511772274962 5.1664599329233161 4.1696950197219849 3.3895697593688956 8.535643592476843 2.7501008436083785 30.892052784562111
leaf_count=30 25 34 29 28 24 486 17 36 23 25 26 70 24 129
internal_value=0.00155425 0.0471944 0.0544163 0.0654885 -0.0387937 -0.0432778 -0.0161913 0.0721727 0.0781167 -0.0176975 -0.0332302 -0.0428738 -0.0526844 0.0856362
internal_weight=143.635 67.3179 63.2446 54.9063 76.3173 71.3049 19.0813 49.4478 42.7982 8.33832 14.5217 11.9252 52.2236 36.0585
internal_count=1006 329 304 245 677 647 137 217 181 59 113 96 510 152
cat_boundaries=0 1
cat_threshold=4
is_linear=0
shrinkage=0.05


Tree=13
num_leaves=15
num_cat=1
split_feature=52 0 37 13 29 13 32 47 12 12 13 39 45 15
split_gain=91.7853 26.6796 15.4505 13.8911 6.01223 8.10223 11.1229 7.64925 3.89241 3.16549 2.33339 1.58506 4.28249 1.16772
threshold=0 0.6735000000000001 0.10795 0.25225000000000003 7.5000000000000009 0.28430000000000005 38.500000000000007 0.41850000000000009 0.051150000000000008 0.029050000000000003 0.31920000000000004 1.1175000000000004 2.5000000000000004 0.5173000000000002
decision_type=1 2 2 2 2 2 2 2 2 2 2 2 2 2
left_child=1 2 4 -3 5 -1 7 -7 -5 -2 -6 -11 -13 -10
right_child=9 3 -4 8 10 6 -8 -9 13 11 -12 12 -14 -15
leaf_value=-0.044817110227922001 -0.0067451802794800276 -0.014050034455040997 0.056564796739168671 0.027742136755648336 -0.0010810381200808254 0.098459230242321283 -0.029564682544045692 0.0088511121566265307 0.089432613361605545 -0.055434017062631583 -0.050648825356041517 -0.048572124442440349 0.017291420650253249 0.052996975189218198
leaf_weight=4.9256432801485124 4.6844671964645377 4.9217394962906829 9.8677189499139768 5.5675277113914481 3.1863308548927298 4.1362906545400602 5.3656062036752692 4.8477980121970177 20.434577420353893 44.479097999632359 8.8534424081444723 6.4729929491877538 3.0598349347710609 9.1679322868585569
leaf_count=31 33 30 43 23 21 21 37 34 84 439 63 67 28 38
internal_value=-0.000585562 0.0336636 0.00509323 0.0621734 -0.0123745 0.00511495 0.0240577 0.0558363 0.0729338 -0.0477786 -0.0386196 -0.0511501 -0.0277968 0.080249
internal_weight=139.971 81.2746 41.1828 40.0918 31.3151 19.2753 14.3497 8.98409 35.17 58.6964 12.0398 54.0119 9.53283 29.6025
internal_count=992 425 250 175 207 123 92 55 145 567 84 534 95 122
cat_boundaries=0 1
cat_threshold=4
is_linear=0
shrinkage=0.05


Tree=14
num_leaves=15
num_cat=1
split_feature=36 13 23 36 23 12 52 19 47 35 14 0 0 45
split_gain=81.5264 15.1482 12.5675 9.81618 11.8109 6.65459 6.3803 6.27836 6.22582 4.63174 4.45787 3.65711 2.13388 1.55594
threshold=1.0000000180025095e-35 0.23255000000000003 0.088950000000000015 1.5000000000000002 0.21825000000000003 0.027900000000000005 0 8.5000000000000018 0.36400000000000005 3.5000000000000004 0.44020000000000009 0.63260000000000016 0.7340000000000001 15.500000000000002
decision_type=2 2 2 2 2 2 1 2 2 2 2 2 2 2
left_child=5 10 -3 4 7 -1 8 -4 -7 -10 -2 -6 -9 -8
right_child=1 2 3 -5 11 6 13 12 9 -11 -12 -13 -14 -15
leaf_value=0.017454547702460979 0.023550774600902696 -0.029507396950910914 0.0025819513120173836 0.088624982967145105 -0.029480147517243295 0.029735420663467071 -0.052539517278939664 0.044357836534733477 0.013648937629161327 -0.048111607064373479 -0.043422068712681998 0.020404004171084029 0.084809750719604365 -0.0048623053768486841
leaf_weight=4.6936048865318289 3.121583089232443 4.2318320125341407 4.3155559450387981 14.97352387011051 4.9306275248527518 4.8114370256662395 45.614141173660755 10.274922057986261 3.6701281219720832 10.064617365598677 5.7944554463028908 8.6624885052442533 12.001225769519804 1.9996930137276638
leaf_count=28 20 25 23 62 30 26 485 47 22 88 45 37 49 18
internal_value=0.000299925 0.0389881 0.0480224 0.0543901 0.0397915 -0.0370208 -0.0410878 0.058586 -0.0151328 -0.031802 -0.0199639 0.00152933 0.0688586 -0.0506784
internal_weight=139.16 68.3062 59.3902 55.1583 40.1848 70.8536 66.16 26.5917 18.5462 13.7347 8.91604 13.5931 22.2761 47.6138
internal_count=1005 338 273 248 186 667 639 119 136 110 65 67 96 503
cat_boundaries=0 1
cat_threshold=4
is_linear=0
shrinkage=0.05


Tree=15
num_leaves=15
num_cat=2
split_feature=36 52 0 37 14 52 45 35 28 32 46 12 23 28
split_gain=75.592 12.0161 9.31849 8.66395 7.26259 7.09657 6.15833 4.61725 8.40461 3.94157 6.51749 3.22044 2.38988 1.87304
threshold=1.0000000180025095e-35 0 0.76440000000000008 0.10795 0.31460000000000005 1 7.5000000000000009 10.500000000000002 0.34520000000000001 20.000000000000004 15.500000000000002 0.027900000000000005 0.21825000000000003 0.56350000000000011
decision_type=2 1 2 2 2 1 2 2 2 2 2 2 2 2
left_child=5 2 3 7 -5 6 9 8 -2 -1 -11 -7 -4 -3
right_child=1 13 12 4 -6 11 -8 -9 -10 10 -12 -13 -14 -15
leaf_value=-0.045144189583734805 -0.028857737994754232 -0.045422602694817113 0.07785606768026937 0.076327618747415282 6.3826186236755359e-06 0.0025982173173154707 0.043564981514306308 -0.026710808439286082 0.051485078811931068 0.044302126846954809 -0.037016810838737924 -0.050149380377955202 0.036701883374739043 0.0051202891658388792
leaf_weight=8.5480700954794937 4.4543094485998171 3.4014625400304785 17.965671569108967 9.7733649611473066 4.3862640112638465 2.9834374636411658 3.2917260453104964 6.995016135275363 7.5000178888440132 3.751556120812892 4.1212208345532417 45.503278657793999 7.9638376310467711 2.826847642660141
leaf_count=61 25 29 76 40 24 18 21 39 36 25 37 501 35 19
internal_value=-0.000227838 0.0379415 0.0448811 0.0260639 0.0542454 -0.0367764 -0.0107731 0.00334205 0.0216318 -0.0235412 0.00235921 -0.0469168 0.0670485 -0.0249479
internal_weight=133.466 65.2668 59.0385 33.109 14.1596 68.1993 19.7126 18.9493 11.9543 16.4208 7.87278 48.4867 25.9295 6.22831
internal_count=986 323 275 164 64 663 144 100 61 123 62 519 111 48
cat_boundaries=0 1 2
cat_threshold=4 4
is_linear=0
shrinkage=0.05


Tree=16
num_leaves=15
num_cat=1
split_feature=36 13 47 42 45 52 45 15 22 42 23 13 45 47
split_gain=70.3633 12.1053 9.56396 6.7007 6.07531 6.00697 4.62217 3.58493 3.38116 3.16741 3.08792 2.98916 2.60967 1.86131
threshold=1.0000000180025095e-35 0.23255000000000003 0.2261 1.0000000180025095e-35 4.5000000000000009 0 7.5000000000000009 0.63690000000000013 0.9245000000000001 1.0000000180025095e-35 0.25545000000000007 0.47935000000000005 15.500000000000002 0.91400000000000003
decision_type=2 2 2 2 2 1 2 2 2 2 2 2 2 2
left_child=5 9 7 4 -4 6 8 10 -1 -2 -3 -5 13 -7
right_child=1 2 3 11 -6 12 -8 -9 -10 -11 -12 -13 -14 -15
leaf_value=-0.034857929430815809 -0.046913439092038593 0.071216585607281391 -0.043046481691031063 0.070445333104489805 0.025896476250538897 -0.052846617461527759 0.03566881396132305 0.018820356144406986 0.016293472243052189 0.011108019353249461 0.026772067619454255 0.012309308094556748 0.0032462191962876683 -0.016796580369434818
leaf_weight=12.872941486537462 4.0968522280454627 26.458799421787262 6.0053253769874573 4.1296781897544861 4.9748449325561523 39.406821094453335 3.1415171772241584 6.3939204216003409 3.5566171854734412 3.7889018356800079 6.4999599605798712 4.79819455742836 2.3869144842028609 5.2260029837489119
leaf_count=98 35 110 35 20 31 452 20 27 26 23 27 24 21 49
internal_value=-0.000705834 0.0351516 0.0428368 0.0136745 -0.0122559 -0.0368476 -0.0127177 0.0568851 -0.0234853 -0.0209229 0.0634979 0.0435878 -0.0464173 -0.0490861
internal_weight=133.737 67.1465 59.2607 19.908 10.9802 66.5908 19.5711 39.3527 16.4296 7.88575 32.9588 8.92787 47.0197 44.6328
internal_count=998 332 274 110 66 666 144 164 124 58 137 44 522 501
cat_boundaries=0 1
cat_threshold=4
is_linear=0
shrinkage=0.05


Tree=17
num_leaves=15
num_cat=0
split_feature=36 14 23 12 22 46 47 19 14 15 12 39 41 15
split_gain=59.2957 9.99078 10.0228 8.9478 5.99402 9.88246 5.59408 5.93164 4.36385 3.79206 3.48279 2.1144 7.12448 1.11224
threshold=1.0000000180025095e-35 0.66485000000000005 0.088950000000000015 0.027900000000000005 0.90695000000000014 9.5000000000000018 0.23810000000000001 9.5000000000000018 0.28200000000000008 0.23965000000000003 0.051150000000000008 1.0650000000000002 0.89900000000000013 0.5173000000000002
decision_type=2 2 2 2 2 2 2 2 2 2 2 2 2 2
left_child=3 2 -2 -1 11 -6 9 -8 -9 -4 -11 -5 -13 -12
right_child=1 -3 6 4 5 -7 7 8 -10 10 13 12 -14 -15
leaf_value=0.031980698518525523 -0.029430320944484192 -0.032683966829344324 0.0073060442389595338 -0.048027645464579286 0.066332886696828172 -0.03762664728590142 -0.022376028413164668 0.063314104839541571 -0.00076676578246545005 0.021780333736953681 0.075731577451297147 -0.040376488341600764 0.045033884451512178 0.044475495957772365
leaf_weight=4.3468982875347129 4.1292867437005034 4.3434777334332457 4.0347013920545569 42.009621813893318 2.8069811016321173 4.7314973920583725 5.1690229550003997 6.0593277812004072 4.2220445349812508 6.2944694012403479 20.683868169784549 9.1867591217160207 2.3087215051054946 10.073014706373213
leaf_count=26 25 33 26 460 15 51 33 28 22 26 87 106 16 42
internal_value=0.0014423 0.0349891 0.0402857 -0.0319335 -0.036927 0.00431822 0.0458006 0.0185353 0.0392639 0.0553697 0.060274 -0.0427107 -0.0209917 0.0672179
internal_weight=130.4 65.0092 60.6657 65.3905 61.0436 7.53848 56.5364 15.4504 10.2814 41.0861 37.0514 53.5051 11.4955 30.7569
internal_count=996 322 289 674 648 66 264 83 50 181 155 582 122 129
is_linear=0
shrinkage=0.05


Tree=18
num_leaves=15
num_cat=1
split_feature=36 52 12 14 36 0 47 21 28 32 28 13 19 45
split_gain=60.7634 10.5632 9.34553 8.76078 6.3767 6.47666 4.6945 10.476 4.49141 7.71356 2.45808 2.25573 1.51406 2.28965
threshold=1.0000000180025095e-35 0 0.027350000000000003 0.66485000000000005 1.5000000000000002 0.70295000000000007 0.37170000000000003 0.10895000000000002 0.26785000000000009 38.500000000000007 0.56350000000000011 0.50865000000000016 4.5000000000000009 2.5000000000000004
decision_type=2 1 2 2 2 2 2 2 2 2 2 2 2 2
left_child=2 3 -1 4 5 8 7 -4 -2 -10 -3 -7 13 -8
right_child=1 10 6 -5 -6 11 12 -9 9 -11 -12 -13 -14 -15
leaf_value=0.037399928624860773 -0.033437473991530173 -0.046167798574954538 0.046010043069594178 -0.028900857676921618 0.073186269645834759 0.059660128260209659 -0.041499115949865301 -0.044194814320371124 0.051439375329090854 -0.018794088159264585 0.011628731121950536 0.021807385736870372 -0.048922187530406371 0.014792653985945281
leaf_weight=3.5247248560190192 3.6796251982450512 3.8064603582024565 4.3376292809843999 3.658613681793212 14.615550488233565 17.382412314414982 2.9604543074965468 7.1696772649884224 8.358962342143057 6.0097888261079779 2.440965935587883 7.0821891278028479 42.598744086921215 2.5972940847277641
leaf_count=20 21 34 23 26 62 75 34 77 39 33 16 29 484 28
internal_value=0.000778296 0.0336956 -0.0341235 0.0400465 0.0448832 0.0336946 -0.0388957 -0.00923243 0.0101427 0.0227524 -0.0250971 0.0499889 -0.0456519 -0.0169482
internal_weight=130.223 67.0346 63.1885 60.7871 57.1285 42.513 59.6638 11.5073 18.0484 14.3688 6.24743 24.4646 48.1565 5.55775
internal_count=1001 335 666 285 259 197 646 100 93 72 50 104 546 62
cat_boundaries=0 1
cat_threshold=4
is_linear=0
shrinkage=0.05


Tree=19
num_leaves=15
num_cat=1
split_feature=52 14 46 36 0 33 12 29 32 13 0 0 36 22
split_gain=59.3596 15.6576 12.4131 6.63213 6.81112 9.08444 6.49671 4.84962 7.31162 3.86128 2.6029 1.9896 1.91239 1.74676
threshold=0 0.59120000000000006 15.500000000000002 1.5000000000000002 0.70295000000000007 4.5000000000000009 0.027900000000000005 5.5000000000000009 38.500000000000007 0.48490000000000005 0.58655000000000013 0.75095000000000012 1.5000000000000002 0.85330000000000006
decision_type=1 2 2 2 2 2 2 2 2 2 2 2 2 2
left_child=1 2 3 4 5 -1 -2 8 -7 -6 -9 -3 -8 -4
right_child=6 11 13 -5 9 7 12 10 -10 -11 -12 -13 -14 -15
leaf_value=0.060509514040803403 0.021182469360294779 -0.050070757772295062 -0.046151593259028519 0.075197440513879513 0.068324664598215679 0.054014893377213151 -0.049141536097680509 -0.051400747659678163 -0.026020492353638902 0.024067757160045028 0.00028387529310068852 -4.524676367179657e-05 -0.0025373715103926726 0.0025285165739012353
leaf_weight=6.6398230418562916 3.2501375377178183 5.2402525022625905 3.5156991779804221 12.453895047307013 14.308748021721842 5.4252523854374903 42.817632496356964 4.6348918974399549 4.3110284730792046 9.6109018772840482 4.2717563658952713 2.919162206351757 2.4356912970542899 2.946224607527256
leaf_count=35 19 42 31 53 62 29 536 34 27 40 21 16 17 23
internal_value=0.000898654 0.0282745 0.0361355 0.0430292 0.0335512 0.0145725 -0.0418547 -0.00403592 0.019454 0.0522217 -0.0290856 -0.0341323 -0.0467422 -0.0265922
internal_weight=124.781 76.2776 68.1182 61.6563 49.2024 25.2828 48.5035 18.6429 9.73628 23.9196 8.90665 8.15941 45.2533 6.46192
internal_count=985 413 355 301 248 146 572 111 56 102 55 58 553 54
cat_boundaries=0 1
cat_threshold=4
is_linear=0
shrinkage=0.05


Tree=20
num_leaves=14
num_cat=1
split_feature=52 14 0 37 33 12 0 29 19 19 39 45 14
split_gain=60.5132 14.9534 14.5508 8.86846 8.63121 5.59063 3.38459 4.66737 1.68136 1.91828 1.64683 8.04849 0.156783
threshold=0 0.66485000000000005 0.6735000000000001 0.10795 4.5000000000000009 0.027900000000000005 0.46275000000000005 5.5000000000000009 25.500000000000004 13.500000000000002 1.1175000000000004 3.5000000000000004 0.15400000000000003
decision_type=1 2 2 2 2 2 2 2 2 2 2 2 2
left_child=1 2 3 4 -1 -2 -6 -8 9 12 -7 -12 -4
right_child=5 -3 8 -5 6 10 7 -9 -10 -11 11 -13 -14
leaf_value=0.04256993531728287 0.01522650080877163 -0.044055623050768447 0.02619486055135405 0.052044727946833985 -0.044176547239156344 -0.050931501506471855 0.024787341229501696 -0.032914347486118642 0.02321162183806217 0.07737001354080672 -0.046940433943850217 0.056280916914023073 0.050426218891848798
leaf_weight=6.7126223221421268 3.5699510723352423 5.4732966199517241 4.7948047667741838 9.3469871133565885 7.282112360000613 35.69487913697958 6.4737014770507795 5.6049550473690033 4.7031274735927573 14.997039198875425 6.1653960719704619 1.6357734203338621 11.519698217511175
leaf_count=36 21 42 20 39 72 454 35 36 21 66 82 15 50
internal_value=0.00279632 0.0299944 0.0361979 0.0128723 -0.00257426 -0.0413461 -0.0195484 -0.00245779 0.0581711 0.0625413 -0.0462272 -0.0213611 0.0452289
internal_weight=123.974 76.9083 71.435 35.4204 26.0734 47.066 19.3608 12.0787 36.0147 31.3115 43.496 7.80117 16.3145
internal_count=989 417 375 218 179 572 143 71 157 136 551 97 70
cat_boundaries=0 1
cat_threshold=4
is_linear=0
shrinkage=0.05


Tree=21
num_leaves=15
num_cat=1
split_feature=52 0 36 35 14 14 12 28 12 30 47 36 45 45
split_gain=48.4082 14.4077 8.73466 7.87019 7.47122 3.75632 3.63375 2.55392 2.53725 2.30075 3.74599 1.99149 1.68577 1.41855
threshold=0 0.6735000000000001 1.5000000000000002 5.5000000000000009 0.56325000000000014 0.27110000000000006 0.027900000000000005 0.78175000000000006 0.28440000000000004 2.5000000000000004 0.42740000000000006 1.5000000000000002 1.5000000000000002 15.500000000000002
decision_type=1 2 2 2 2 2 2 2 2 2 2 2 2 2
left_child=1 2 3 5 7 -1 -2 12 9 10 -5 13 -3 -8
right_child=6 4 -4 8 -6 -7 11 -9 -10 -11 -12 -13 -14 -15
leaf_value=0.05146963156274055 0.0062522914045645105 0.071025163791944429 0.056542309939262181 0.029111449011496385 -0.0061887039173154565 -0.0039903230623880926 -0.050361998192313295 0.024838756186297134 0.016357834081781899 -0.039653789550705441 -0.040880591950469058 -0.00049117118864192022 0.027194756533628059 -0.0051450295383705172
leaf_weight=5.5680228024721128 3.433914139866828 18.344377934932716 5.3161726444959632 3.3102580010891023 5.572148084640502 5.4554103538393974 37.092757172882557 7.2409447729587546 2.8295795619487754 14.573704749345778 2.4380801841616631 2.3394529670476905 4.4300776422023764 2.0703571513295165
leaf_count=28 20 80 23 20 32 34 509 31 22 105 22 17 20 22
internal_value=-0.00101701 0.0234634 0.00245584 -0.00732596 0.0460711 0.0259738 -0.0415387 0.0556595 -0.0236003 -0.0296702 -0.00223357 -0.045547 0.0640018 -0.0481592
internal_weight=120.015 75.0788 39.4912 34.1751 35.5875 11.0234 44.9365 30.0154 23.1516 20.322 5.74834 41.5026 22.7745 39.1631
internal_count=985 417 254 231 163 62 568 131 169 147 42 548 100 531
cat_boundaries=0 1
cat_threshold=4
is_linear=0
shrinkage=0.05


Tree=22
num_leaves=15
num_cat=1
split_feature=52 23 14 47 33 45 29 0 32 13 15 36 23 14
split_gain=48.0666 14.6791 13.344 7.98464 6.93889 5.36894 4.08689 4.73743 4.06747 5.12672 3.68754 2.93941 2.30338 1.47334
threshold=0 0.085150000000000017 0.66485000000000005 0.38125000000000009 3.5000000000000004 16.500000000000004 10.500000000000002 0.67135000000000011 56.000000000000007 0.52540000000000009 0.27545000000000003 1.0000000180025095e-35 0.36035 0.15160000000000004
decision_type=1 2 2 2 2 2 2 2 2 2 2 2 2 2
left_child=1 -1 3 6 -5 8 10 -8 -2 -10 -3 -6 13 -12
right_child=5 2 -4 4 11 -7 7 -9 9 -11 12 -13 -14 -15
leaf_value=-0.053740364206275905 -0.049380097189596794 0.012425409759132916 -0.037284490960601574 0.05517101314554064 -0.036683041479735008 0.031578235093993122 -0.024710225678877616 0.04218146820121893 0.032740196647877071 -0.043784728108698379 0.030393528146223182 0.02094967416790534 0.021129745378958509 0.068612236668757695
leaf_weight=4.4646096602082244 35.352267183363438 5.5573125705122939 5.5781774744391432 3.2733537107706061 6.6288886070251447 1.8791058734059323 3.7954037860035879 5.1115952581167221 3.3935667201876631 3.3841521665453911 5.3565442860126486 2.3601678386330605 4.9693794697523108 27.642997816205025
leaf_count=31 483 28 43 17 66 18 22 22 33 41 25 12 21 125
internal_value=0.00200812 0.0263108 0.0320793 0.0385364 0.00198371 -0.0389316 0.0468878 0.0140608 -0.0427357 -0.00618596 0.0531387 -0.0209686 0.0586259 0.0634849
internal_weight=118.748 74.7384 70.2738 64.6956 12.2624 44.0091 52.4332 8.907 42.13 6.77772 43.5262 8.98906 37.9689 32.9995
internal_count=987 412 381 338 95 575 243 44 557 74 199 78 171 150
cat_boundaries=0 1
cat_threshold=4
is_linear=0
shrinkage=0.05


Tree=23
num_leaves=15
num_cat=1
split_feature=52 20 19 39 0 46 13 45 14 32 32 13 0 13
split_gain=42.8399 13.1568 8.18813 6.79046 6.73504 6.10095 4.28527 3.89897 3.64823 3.23928 2.90685 3.54092 2.57384 2.49115
threshold=0 3.5000000000000004 8.5000000000000018 1.0975000000000004 0.61255000000000004 13.500000000000002 0.26005000000000006 17.500000000000004 0.14920000000000003 36.500000000000007 56.000000000000007 0.52540000000000009 0.74535000000000007 0.55215000000000014
decision_type=1 2 2 2 2 2 2 2 2 2 2 2 2 2
left_child=1 2 4 12 -1 6 -4 10 -8 -10 -2 -12 -3 -11
right_child=7 3 5 -5 -6 -7 8 -9 9 13 11 -13 -14 -15
leaf_value=-0.0303528731259399 -0.049214965593484136 -0.050565213469895766 -0.0014940782977324227 0.033847881857325478 0.030825704792329461 -0.012868823396524637 0.0049366012664562786 0.026204723695584787 0.069011195504765657 0.050562654265077479 0.021895794834156553 -0.042948866003023119 0.0034624319447845047 0.003368353092575722
leaf_weight=7.9217438772320738 34.76098170876503 8.5610902234911901 3.9423895701766005 3.5656467378139487 8.074401415884493 4.1842501983046523 3.7910846173763266 1.4703578650951374 22.694797433912754 5.886365242302416 3.380768969655036 3.1468008682131767 2.7057639658451071 4.9640024155378342
leaf_count=59 490 62 23 18 37 35 18 14 110 28 34 39 13 23
internal_value=-0.00109576 0.0212944 0.031412 -0.0199646 0.000525075 0.0420344 0.0477725 -0.0406185 0.0528779 0.0579962 -0.0435616 -0.0109172 -0.0383658 0.0310777
internal_weight=119.05 76.2915 61.459 14.8325 15.9961 45.4629 41.2786 42.7589 37.3362 33.5452 41.2886 6.52757 11.2669 10.8504
internal_count=1003 426 333 93 96 237 202 577 179 161 563 73 75 51
cat_boundaries=0 1
cat_threshold=4
is_linear=0
shrinkage=0.05


Tree=24
num_leaves=15
num_cat=1
split_feature=52 0 14 36 45 33 28 32 23 23 22 12 36 0
split_gain=39.6325 10.9864 9.37636 8.29538 6.79025 6.74247 5.05487 7.33997 4.41567 3.43665 2.98196 2.52394 2.63193 2.31655
threshold=0 0.76440000000000008 0.60310000000000008 1.5000000000000002 18.500000000000004 5.5000000000000009 0.69050000000000011 22.500000000000004 0.23660000000000003 0.21825000000000003 0.88120000000000009 0.027900000000000005 1.5000000000000002 0.48300000000000004
decision_type=1 2 2 2 2 2 2 2 2 2 2 2 2 2
left_child=1 2 3 5 11 10 7 -7 13 -3 -1 -2 -13 -9
right_child=4 9 -4 -5 -6 6 -8 8 -10 -11 -12 12 -14 -15
leaf_value=0.008781302701340905 -0.00088719678995317821 0.060947067240829413 -0.050467905645474403 0.064708294429176721 0.044846556663310243 -0.034398530049671687 -0.037741149142183905 -0.0010485384804948938 -0.017495956514268812 0.018611481645002214 0.068542943007276008 -0.050932381022908792 0.0045417263866270033 0.052961342873523387
leaf_weight=4.1228374466299993 3.1661887764930716 16.016921713948253 5.2663770020008078 6.0501007437705985 1.489343188703059 6.4074898064136567 7.986289530992507 2.4775919914245597 3.7041042372584334 8.3139266669750196 4.0676538124680519 34.164378676563501 2.1099779978394499 8.2710543498396856
leaf_count=23 19 77 44 26 13 44 57 22 21 37 19 525 16 41
internal_value=-0.00100403 0.0210881 0.00695766 0.0149621 -0.0398031 0.00534836 -0.00632909 0.00687328 0.0262127 0.0477867 0.0426895 -0.0440295 -0.0476703 0.0414823
internal_weight=113.614 72.6843 48.3535 43.0871 40.9299 37.037 28.8465 20.8602 14.4528 24.3308 8.19049 39.4405 36.2744 10.7486
internal_count=984 411 297 253 573 227 185 128 84 114 42 560 541 63
cat_boundaries=0 1
cat_threshold=4
is_linear=0
shrinkage=0.05


Tree=25
num_leaves=15
num_cat=1
split_feature=52 20 19 46 19 46 32 23 13 27 27 47 32 14
split_gain=38.8711 10.7516 9.32993 5.10178 4.92673 4.70269 4.60736 3.86498 3.50737 3.26757 2.67481 2.66332 1.28979 1.24412
threshold=0 3.5000000000000004 8.5000000000000018 13.500000000000002 5.5000000000000009 9.5000000000000018 56.000000000000007 0.19200000000000003 0.26005000000000006 10.500000000000002 10.500000000000002 0.91400000000000003 8.5000000000000018 0.27510000000000007
decision_type=1 2 2 2 2 2 2 2 2 2 2 2 2 2
left_child=1 2 4 8 5 -1 12 -8 -4 -10 -3 -9 -2 -12
right_child=6 10 3 -5 -6 -7 7 11 9 -11 13 -13 -14 -15
leaf_value=0.050836940947532765 -0.0047421641630616546 0.019403963312581492 0.0043398815145875447 -0.0073643209171508827 -0.034016883760418802 -0.016697498933575271 -0.041154281423882874 -0.010749979491506556 0.017763411929478414 0.061255340930858541 0.0010074862361031688 0.056420409736704272 -0.049400133490279684 -0.036627426045035008
leaf_weight=4.6190297007560712 1.941084712743758 3.2636883184313765 4.1673037782311431 4.2362222224473944 6.128055363893508 4.0636259540915489 2.7379895895719519 2.3580028340220451 6.287885643541812 27.786442682147026 2.8283639773726454 2.0302319079637527 30.522498231381178 8.0678205266594869
leaf_count=20 26 17 24 35 40 31 36 28 30 136 19 16 469 55
internal_value=-3.521e-06 0.021943 0.031486 0.0431632 -0.00261657 0.0207695 -0.0391756 -0.0023339 0.0488055 0.0539649 -0.0161968 0.0250302 -0.0469514 -0.0275949
internal_weight=111.038 71.4484 57.2886 42.4779 14.8107 8.68266 39.5898 7.12622 38.2416 34.0743 14.1599 4.38823 32.4636 10.8962
internal_count=982 407 316 225 91 51 575 80 190 166 91 44 495 74
cat_boundaries=0 1
cat_threshold=4
is_linear=0
shrinkage=0.05


Tree=26
num_leaves=15
num_cat=1
split_feature=52 23 14 36 48 20 19 32 33 13 32 13 47 39
split_gain=36.2538 10.9437 10.9798 6.25704 5.64134 4.6754 6.72309 4.83778 6.1105 5.38099 4.13819 4.26753 2.16292 1.53632
threshold=0 0.085150000000000017 0.66485000000000005 1.5000000000000002 1.5000000000000002 3.5000000000000004 13.500000000000002 22.500000000000004 5.5000000000000009 0.51930000000000009 56.000000000000007 0.52540000000000009 0.91400000000000003 1.054
decision_type=1 2 2 2 2 2 2 2 2 2 2 2 2 2
left_child=1 -1 3 4 5 6 7 8 -3 -9 -2 12 -12 -7
right_child=10 2 -4 -5 -6 13 -8 9 -10 -11 11 -13 -14 -15
leaf_value=-0.051794563481091974 -0.046476693445208467 0.030573615856444903 -0.041129102313989176 0.062839115094090833 -0.028372350826524201 -0.027141368484345674 0.057311134487420312 0.062270872985792917 -0.041841869879331924 -0.0030167787642196085 -0.0086684241921310533 -0.042413342158847372 0.052824125146259129 0.013739580063840637
leaf_weight=3.9489554017782202 31.155173808336258 4.3054982870817202 4.8111020475625983 12.098489567637442 4.0999677851796141 3.718501277267932 17.20312437415123 6.61526822298765 5.552183523774147 5.2384997829794884 2.2017998173832884 3.0708332881331444 2.1069908142089844 3.6049937978386879
leaf_count=29 493 20 41 58 29 25 88 36 35 25 25 41 16 21
internal_value=-0.00023301 0.0208452 0.0258072 0.0315321 0.0229302 0.0279835 0.0347413 0.015122 -0.0103104 0.0354285 -0.0387192 -0.00433052 0.0256875 -0.0077847
internal_weight=109.731 71.1966 67.2476 62.4365 50.338 46.2381 38.9146 21.7114 9.85768 11.8538 38.5348 7.37962 4.30879 7.3235
internal_count=982 407 378 337 279 250 204 116 55 61 575 82 41 46
cat_boundaries=0 1
cat_threshold=4
is_linear=0
shrinkage=0.05


Tree=27
num_leaves=15
num_cat=1
split_feature=52 47 22 45 13 12 32 13 38 32 33 32 37 14
split_gain=31.281 10.755 7.47005 7.13685 5.1989 5.06543 4.19909 4.48575 3.81257 3.58044 3.57437 2.67577 2.52874 2.30603
threshold=0 0.2261 0.89090000000000014 18.500000000000004 0.26005000000000006 0.051150000000000008 56.000000000000007 0.52540000000000009 71.500000000000014 20.000000000000004 5.5000000000000009 30.500000000000004 0.10795 0.24090000000000003
decision_type=1 2 2 2 2 2 2 2 2 2 2 2 2 2
left_child=1 4 8 6 -1 -6 -2 -8 9 -3 -4 -11 13 -12
right_child=3 2 10 -5 5 -7 7 -9 -10 11 12 -13 -14 -15
leaf_value=-0.0054202422428816198 -0.048978161514998654 -0.039514887446475383 0.05761762152346233 0.052844557279183579 0.00048531442394327901 0.051522458294518417 0.031682514718576284 -0.041819447140911854 -0.04961589243086495 0.044184578615076971 -0.036801245665831421 -0.0094099229709502397 0.03265977077484649 0.018446184910515681
leaf_weight=6.2488396540284148 29.345008604228497 3.6064453013241309 4.2086904719471923 1.2987590432167042 5.8283762186765662 28.902483552694321 3.3806995004415503 2.9528296738862991 6.917741432785987 3.1768166497349739 3.4329831898212415 4.6338555663824081 3.9254699796438217 2.4739279747009277
leaf_count=37 490 32 20 11 26 137 31 41 53 19 27 37 18 19
internal_value=0.000287244 0.0191412 -0.0024393 -0.0366345 0.0358429 0.0432109 -0.0412436 -0.00361539 -0.0229292 -0.00406587 0.024062 0.0149293 0.00570568 -0.014342
internal_weight=110.333 73.3556 32.3759 36.9773 40.9797 34.7309 35.6785 6.33353 18.3349 11.4171 14.0411 7.81067 9.83238 5.90691
internal_count=998 425 225 573 200 163 562 72 141 88 84 56 64 46
cat_boundaries=0 1
cat_threshold=4
is_linear=0
shrinkage=0.05


Tree=28
num_leaves=15
num_cat=1
split_feature=52 0 45 23 14 14 37 47 19 23 13 14 36 47
split_gain=32.2641 10.8772 6.15048 6.05645 6.40535 7.69771 4.72554 4.64953 4.45722 4.34307 3.53557 2.2909 1.45876 1.11403
threshold=0 0.73160000000000014 18.500000000000004 0.085150000000000017 0.60310000000000008 0.21200000000000005 0.10795 0.91400000000000003 19.500000000000004 0.21825000000000003 0.52540000000000009 0.14290000000000003 1.0000000180025095e-35 0.28950000000000004
decision_type=1 2 2 2 2 2 2 2 2 2 2 2 2 2
left_child=1 3 7 -1 5 6 11 -2 12 -3 -9 -5 -7 -10
right_child=2 9 -4 4 -6 8 -8 10 13 -11 -12 -13 -14 -15
leaf_value=-0.04968191108612266 -0.04894899960992765 0.057851424575391941 0.041909312959745468 0.006307951987676183 -0.045009228352490376 0.02152727719205191 0.032966312321488833 0.036461609555055167 0.024338906607974303 0.012986933285433136 -0.037469729389068319 -0.036877948477676198 0.068289923421694557 -0.0085188699502253048
leaf_weight=3.6670923903584471 30.090156819671392 18.173930197954181 1.5455955862998951 4.1918930411338833 3.704379938542842 3.5888076499104518 4.2602242380380622 2.6434025503695002 4.1976929455995542 8.4857684671878797 1.9167068302631376 8.3285509869456273 7.8245352804660797 4.3631794564425945
leaf_count=29 515 94 13 27 36 28 19 24 19 38 24 57 35 31
internal_value=0.000385247 0.0199648 -0.0374125 0.00444887 0.0104351 0.0170672 -0.00775322 -0.0420271 0.0372948 0.0445569 0.00423663 -0.023022 0.0565046 0.00845299
internal_weight=106.982 70.7861 36.1959 44.1264 40.4593 36.7549 16.7807 34.6503 19.9742 26.6597 4.56011 12.5204 11.4133 8.56087
internal_count=989 413 576 281 252 216 103 563 113 132 48 84 63 50
cat_boundaries=0 1
cat_threshold=4
is_linear=0
shrinkage=0.05


Tree=29
num_leaves=15
num_cat=1
split_feature=52 0 23 12 19 20 33 45 13 23 13 30 12 45
split_gain=24.986 9.64039 6.42091 5.98985 5.90395 7.92431 4.38419 4.27182 3.77919 3.56778 2.90256 5.45148 2.73622 2.10476
threshold=0 0.76440000000000008 0.085150000000000017 0.027900000000000005 8.5000000000000018 3.5000000000000004 5.5000000000000009 18.500000000000004 0.29925000000000007 0.21825000000000003 0.59630000000000016 9.5000000000000018 0.10765000000000001 1.0000000180025095e-35
decision_type=1 2 2 2 2 2 2 2 2 2 2 2 2 2
left_child=1 2 -1 -2 13 6 -6 -5 -8 -3 11 -10 -7 -4
right_child=3 9 4 7 5 12 8 -9 10 -11 -12 -13 -14 -15
leaf_value=-0.050902246920158767 0.026442927960085624 0.05552666552493192 -0.0012878661037108666 -0.045328773245910475 0.067998834731495678 0.0037771558249553952 -0.026109090011328467 0.029548089238902793 0.063001935807971074 0.012580341633726094 -0.0055239584490233704 -0.008314120737497285 -0.048565439129227783 -0.042930661709062352
leaf_weight=3.8965438567101947 2.9612746685743323 15.534299701452257 6.6415713056921941 29.79756031930447 6.1473926305770901 5.4845545887947065 2.9150419533252743 1.3678944259881962 7.7791363820433599 7.8494027182459822 4.1071516424417487 3.5510136187076569 3.3901316933333874 4.6877885609865189
leaf_count=31 18 82 42 540 30 35 20 12 41 36 23 23 30 36
internal_value=-0.000121474 0.0165555 0.00360617 -0.0347684 0.0093671 0.0198442 0.0341513 -0.0412259 0.0198857 0.0422177 0.029631 0.041789 -0.019111 -0.020603
internal_weight=106.111 71.984 48.6003 34.1267 44.7038 33.3744 24.4997 31.1655 18.3523 23.3837 15.4373 11.3302 8.87469 11.3294
internal_count=999 429 311 570 280 202 137 552 107 118 87 64 65 78
cat_boundaries=0 1
cat_threshold=4
is_linear=0
shrinkage=0.05


Tree=30
num_leaves=15
num_cat=0
split_feature=36 23 13 36 23 0 14 45 41 22 39 14 12 35
split_gain=24.2934 9.06132 6.47418 6.76569 6.1574 5.31325 6.81913 4.85337 8.51663 4.21166 4.20998 3.40333 3.24333 1.74003
threshold=1.0000000180025095e-35 0.085150000000000017 0.23255000000000003 1.5000000000000002 0.21825000000000003 0.7340000000000001 0.21200000000000005 8.5000000000000018 1.0000000180025095e-35 0.9245000000000001 1.0570000000000002 0.16240000000000002 0.11410000000000002 8.5000000000000018
decision_type=2 2 2 2 2 2 2 2 2 2 2 2 2 2
left_child=7 -2 12 4 5 6 -4 9 11 -1 13 -9 -3 -6
right_child=1 2 3 -5 10 -7 -8 8 -10 -11 -12 -13 -14 -15
leaf_value=-0.041586255566572833 -0.049764188924321301 0.021394104162012088 -0.025893540605193579 0.063363592247535155 0.035824041527590687 0.060209336829580018 0.041616705770691612 0.022438026235262438 0.075485625289362035 0.0087499626510047345 -0.042413150925024984 -0.044898373638795397 -0.03899770559000796 -0.0087004080539871392
leaf_weight=31.976697884500027 3.3395334482192984 2.8863298818469039 5.8231776207685488 12.33874963223934 3.4591712281107885 10.193608045578001 7.4306868016719818 2.099151808768509 2.060273814946413 4.3972031436860552 4.4435737654566765 4.5047649219632149 4.5406470224261284 3.7053631320595741
leaf_count=517 25 18 32 64 19 54 33 22 12 39 20 70 44 21
internal_value=-0.000368363 0.020831 0.0259459 0.0326745 0.0204148 0.0346924 0.0122199 -0.0276024 0.00552457 -0.0354299 -0.0088889 -0.0233585 -0.0157741 0.0145516
internal_weight=103.199 58.1608 54.8213 47.3943 35.0556 23.4475 13.2539 45.0381 8.66419 36.3739 11.6081 6.60392 7.42698 7.16453
internal_count=990 330 305 243 179 119 65 660 104 556 60 92 62 40
is_linear=0
shrinkage=0.05


Tree=31
num_leaves=15
num_cat=1
split_feature=52 0 14 23 14 37 45 33 0 12 23 22 37 12
split_gain=23.149 9.27413 7.32318 6.70618 5.66252 5.70087 5.60252 4.61319 6.01764 3.85336 3.015 2.31409 2.06334 1.65695
threshold=0 0.76440000000000008 0.60310000000000008 0.085150000000000017 0.21200000000000005 0.10795 18.500000000000004 6.5000000000000009 0.58655000000000013 0.026250000000000002 0.21825000000000003 0.88515000000000021 0.16235000000000002 0.067000000000000018
decision_type=1 2 2 2 2 2 2 2 2 2 2 2 2 2
left_child=1 2 3 -1 5 13 9 -6 11 -2 -3 -9 -11 -5
right_child=6 10 -4 4 7 -7 -8 8 -10 12 -12 -13 -14 -15
leaf_value=-0.047534871173098153 0.021751710583938502 0.055610309825027848 -0.048516130006752187 0.00036662861675831968 0.067464491164288681 0.037641863935736812 0.042626703887842954 -0.038331534749949818 0.043378051648371906 -0.044891412362248181 0.014830953314096144 0.01499297479106174 0.014272446598016172 -0.034065899427678438
leaf_weight=3.4221826568245879 1.9490111321210886 14.927089259028437 4.7652666680514804 5.9174907580018061 6.3265371173620251 5.1591171175241461 1.5132043883204449 3.8637898303568354 8.3448407351970655 28.257618412375454 7.6374524459242812 2.772193655371666 1.1094617918133725 7.4572073593735695
leaf_count=29 10 82 46 39 32 24 12 35 38 537 35 16 11 52
internal_value=0.00122482 0.0173191 0.004612 0.0114277 0.0175322 -0.00275039 -0.0328719 0.0345071 0.0172382 -0.0377262 0.0430228 -0.017009 -0.0422599 -0.0198659
internal_weight=103.422 70.5932 48.0286 43.2634 39.8412 18.5338 32.8293 21.3074 14.9808 31.3161 22.5645 6.63598 29.3671 13.3747
internal_count=998 428 311 265 236 115 570 121 89 558 117 51 548 91
cat_boundaries=0 1
cat_threshold=4
is_linear=0
shrinkage=0.05


Tree=32
num_leaves=15
num_cat=1
split_feature=52 23 14 47 45 36 32 32 47 14 15 15 23 33
split_gain=23.1482 9.12234 7.41241 5.87641 5.70808 4.00507 4.84064 6.48491 3.97174 3.87069 3.75341 3.54252 3.21379 3.16438
threshold=0 0.085150000000000017 0.66485000000000005 0.033600000000000026 18.500000000000004 1.5000000000000002 38.500000000000007 22.500000000000004 0.91400000000000003 0.23190000000000002 0.52485000000000015 0.33100000000000007 0.19200000000000003 7.5000000000000009
decision_type=1 2 2 2 2 2 2 2 2 2 2 2 2 2
left_child=1 -1 3 -3 8 6 7 9 -2 -5 -8 -9 -10 -11
right_child=4 2 -4 5 -6 -7 10 11 12 13 -12 -13 -14 -15
leaf_value=-0.049575644159738121 -0.04611407852677249 0.056463696530191926 -0.033943723092879331 -0.028284169278278516 0.04235022618834916 0.051886386222940721 0.012815496989835931 -0.0010611077191348308 -0.036842943130764395 0.036559456625571772 -0.039977276871429872 0.05831125308027172 0.033526569206948124 -0.018532610453538479
leaf_weight=3.9292339123785487 26.328898184001449 11.928971543908117 4.7387966364622107 6.2767786085605684 1.5164331048727024 6.3893347382545462 5.8197981566190702 3.1514921486377707 1.8789446763694275 6.7289318628609163 5.9440801963210106 10.739748895168303 2.7280338108539581 3.1806727685034275
leaf_count=33 523 63 43 38 12 33 43 18 27 39 35 59 25 21
internal_value=0.000280782 0.016662 0.0213638 0.0262041 -0.0339216 0.0177251 0.0114192 0.0218621 -0.0388694 -4.2526e-05 -0.0149019 0.0456748 0.00337426 0.0187987
internal_weight=101.28 68.8278 64.8986 60.1598 32.4523 48.2308 41.8415 30.0776 30.9359 16.1864 11.7639 13.8912 4.60698 9.9096
internal_count=1012 425 392 349 587 286 253 175 575 98 78 77 52 60
cat_boundaries=0 1
cat_threshold=4
is_linear=0
shrinkage=0.05


Tree=33
num_leaves=15
num_cat=1
split_feature=54 23 14 36 0 12 14 45 33 0 14 32 36 23
split_gain=19.9384 8.05011 6.06775 5.64786 5.64557 5.5227 4.85655 4.33818 3.97521 6.00707 3.562 4.35007 3.08159 2.83984
threshold=0 0.085150000000000017 0.66485000000000005 1.5000000000000002 0.70295000000000007 0.027900000000000005 0.21200000000000005 18.500000000000004 6.5000000000000009 0.58655000000000013 0.16630000000000003 25.500000000000004 1.5000000000000002 0.21825000000000003
decision_type=1 2 2 2 2 2 2 2 2 2 2 2 2 2
left_child=1 -1 3 4 6 -2 10 12 -8 -10 11 -3 -7 -6
right_child=5 2 -4 -5 13 7 8 -9 9 -11 -12 -13 -14 -15
leaf_value=-0.047965197504728364 0.026460005718224173 -0.037642078478461898 -0.031620286032205569 0.055829886361423359 0.048858734988128559 -0.048535466961509496 0.05203500190824259 0.033151630669976999 -0.028392989156170813 0.041852339024664564 -0.046027439287489751 0.029944504788038995 0.012786122565419278 0.010155172969359687
leaf_weight=3.6597415618598452 2.9254342615604427 2.9669516012072581 4.3598245084285727 10.929668441414831 13.623171374201776 23.685729440301664 5.2856086939573279 1.2574299573898304 6.1671801395714265 4.291032150387764 5.6098203472793102 4.9674284085631371 1.8322562016546715 7.9528509974479666
leaf_count=33 18 20 41 61 72 513 28 10 53 20 40 31 17 34
internal_value=0.00164524 0.0162199 0.0204321 0.0245497 0.0168814 -0.0320257 0.00231611 -0.0391383 0.0206056 0.00156607 -0.0188986 0.00328701 -0.0438163 0.0356745
internal_weight=99.5141 69.8133 66.1535 61.7937 50.864 29.7008 29.288 26.7754 15.7438 10.4582 13.5442 7.93438 25.518 21.576
internal_count=991 433 400 359 298 558 192 540 101 73 91 51 530 106
cat_boundaries=0 1
cat_threshold=2
is_linear=0
shrinkage=0.05


Tree=34
num_leaves=15
num_cat=1
split_feature=52 23 14 36 23 32 19 13 33 19 13 14 20 47
split_gain=19.9796 7.65237 6.23338 5.11144 4.56929 4.50516 4.08499 4.07679 3.98097 3.97603 3.45917 2.93776 3.64561 1.89543
threshold=0 0.085150000000000017 0.66485000000000005 1.5000000000000002 0.21825000000000003 56.000000000000007 4.5000000000000009 0.52540000000000009 7.5000000000000009 8.5000000000000018 0.59630000000000016 0.16120000000000004 3.5000000000000004 0.91400000000000003
decision_type=1 2 2 2 2 2 2 2 2 2 2 2 2 2
left_child=1 -1 3 4 9 -2 -6 13 -8 -3 11 -11 -13 -7
right_child=5 2 -4 -5 6 7 8 -9 -10 10 -12 12 -14 -15
leaf_value=-0.047907785781849808 -0.043051025404902764 -0.010631639901498742 -0.032246508706356557 0.054229942504495914 0.037341988013594452 -0.0066249365977596982 0.0088248054225117702 -0.039875155159644966 -0.044277741114908981 -0.012710083100714507 -0.0064885834375263494 0.057971007004040023 0.0090093334496044973 0.051036584482539227
leaf_weight=3.5426893793046466 23.200289584696296 5.4321485459804526 4.5008248016238204 10.570386514067648 3.3320484012365332 2.0580967366695395 6.4246632568538171 2.589372593909502 6.1499451920390129 1.882516086101538 4.1317049190402022 16.17802277952433 5.4148129038512698 2.5004420429468155
leaf_count=31 489 36 43 61 21 26 38 45 38 11 21 88 36 18
internal_value=0.000322243 0.0154384 0.0196269 0.0240178 0.016538 -0.0327478 -0.00528164 0.00187338 -0.018495 0.0268896 0.0343861 0.0415513 0.0466352 0.0284951
internal_weight=97.908 67.5598 64.0171 59.5162 48.9459 30.3482 15.9067 7.14791 12.5746 33.0392 27.6071 23.4754 21.5928 4.55854
internal_count=1002 424 393 350 289 578 97 89 76 192 156 135 124 44
cat_boundaries=0 1
cat_threshold=4
is_linear=0
shrinkage=0.05


Tree=35
num_leaves=15
num_cat=1
split_feature=36 13 12 12 13 36 32 42 0 52 45 46 0 39
split_gain=17.4799 4.74949 8.03839 4.48256 4.14457 3.45777 2.85382 2.73586 2.87065 2.41189 2.79878 2.27622 2.21196 2.19749
threshold=1.0000000180025095e-35 0.26005000000000006 0.067000000000000018 0.027900000000000005 0.51760000000000017 1.5000000000000002 38.500000000000007 1.0000000180025095e-35 0.7159500000000002 0 18.500000000000004 8.5000000000000018 0.47030000000000005 1.0605000000000002
decision_type=2 2 2 2 2 2 2 2 2 1 2 2 2 2
left_child=3 2 -2 -1 7 6 -6 8 12 11 -11 -5 -3 -13
right_child=1 4 -4 9 5 -7 -8 -9 -10 10 -12 13 -14 -15
leaf_value=0.019067716592533646 0.041116057442430236 0.01990481479049936 -0.044150214819315192 0.01262508500858959 0.01793124140583632 0.038788577757673574 -0.026712955718168386 0.048202446226727369 0.042422419886387168 -0.04545700697478907 0.024626996415373522 -0.039229251588033587 -0.03228883728566239 0.0099132510551305422
leaf_weight=4.3396816030144683 3.469260632991789 3.004541080445053 6.3961537554860115 4.7118158116936693 5.1792222298681754 4.2851567566394797 7.7154677398502827 16.607166983187199 3.91023850440979 21.058678664267067 0.91503199189901252 7.5705868825316411 3.1971706971526146 2.6264250501990318
leaf_count=27 18 21 57 25 29 24 42 91 24 506 8 83 20 25
internal_value=-0.00146369 0.0171901 -0.0131411 -0.025624 0.0241473 0.00456489 -0.0087814 0.0361195 0.0137233 -0.031247 -0.0415936 -0.0143415 -0.00774984 -0.0268168
internal_weight=94.9866 53.7644 9.86541 41.2222 43.899 17.1798 12.8947 26.7191 10.112 36.8825 21.9737 14.9088 6.20171 10.197
internal_count=1000 326 75 674 251 95 71 156 65 647 514 133 41 108
cat_boundaries=0 1
cat_threshold=4
is_linear=0
shrinkage=0.05


Tree=36
num_leaves=15
num_cat=1
split_feature=52 23 14 37 45 48 23 14 28 32 13 0 0 23
split_gain=18.0953 6.65267 6.23258 5.88478 5.52426 4.00349 3.25642 4.48901 4.01778 3.15599 2.90999 2.46917 2.42391 1.51222
threshold=0 0.085150000000000017 0.59120000000000006 0.13395000000000004 18.500000000000004 1.5000000000000002 0.21825000000000003 0.12860000000000002 0.30950000000000005 56.000000000000007 0.51145000000000007 0.7904500000000001 0.39730000000000004 0.12770000000000001
decision_type=1 2 2 2 2 2 2 2 2 2 2 2 2 2
left_child=1 -1 3 5 9 6 7 -3 -8 -2 -11 -4 -9 -14
right_child=4 2 11 -5 -6 -7 8 12 -10 10 -12 -13 13 -15
leaf_value=-0.046283112152644058 -0.046118580755935834 -0.024519868631812779 -0.045336815612382543 0.058977627599784768 0.04283951736864669 -0.027665587075607585 0.034075227287817922 4.8209553466549213e-06 -0.018116755462165384 0.026491613197653044 -0.037281954232972002 0.014220202718496673 0.023967499872546885 0.05499956522428754
leaf_weight=3.1859564408659926 21.07959062978626 2.6393704488873508 3.9843021631240836 9.3601420521736127 1.4825673103332508 3.8140482120215884 4.8205298185348502 3.777549400925639 9.0644497312605363 2.9903905279934397 2.2462552301585674 2.0819640457630157 9.2776922136545199 12.253966093063353
leaf_count=29 490 13 44 56 11 28 30 32 49 30 44 12 49 69
internal_value=0.000825128 0.015385 0.0192958 0.0246379 -0.0321972 0.0164831 0.0210601 0.0306087 0.00107496 -0.0378381 -0.00245562 -0.0257769 0.0370713 0.0432854
internal_weight=92.0588 64.26 61.074 55.0077 27.7988 45.6476 41.8336 27.9486 13.885 26.3162 5.23665 6.06627 25.3092 21.5317
internal_count=986 411 382 326 575 270 242 163 79 564 74 56 150 118
cat_boundaries=0 1
cat_threshold=4
is_linear=0
shrinkage=0.05


Tree=37
num_leaves=15
num_cat=1
split_feature=52 14 23 23 14 13 36 39 45 45 47 32 22 33
split_gain=16.6878 6.37389 6.71591 4.65284 5.17451 6.07459 4.42696 4.20682 4.16808 7.42537 6.2602 3.26933 3.09771 2.85112
threshold=0 0.66485000000000005 0.085150000000000017 0.20940000000000003 0.2949500000000001 0.5273500000000001 1.5000000000000002 1.1765000000000001 1.5000000000000002 4.5000000000000009 0.38125000000000009 14.500000000000002 0.77350000000000019 7.5000000000000009
decision_type=1 2 2 2 2 2 2 2 2 2 2 2 2 2
left_child=1 2 -1 -2 5 12 7 8 10 -10 11 -4 -5 -13
right_child=3 -3 6 4 -6 -7 -8 -9 9 -11 -12 13 -14 -15
leaf_value=-0.044094574185339762 -0.046974437965111568 -0.037833802590195129 -0.0079194487820870886 0.084562213155125174 -0.037745100195773415 -0.037027416388947049 0.052693301897573125 0.058985968088091915 -0.046086014825109496 0.02579469670463222 -0.023617507494782437 0.060060854124092102 0.0075739292332078255 0.021518986675518534
leaf_weight=2.9069789946079245 15.155412413179876 4.1454642862081519 4.0812195092439714 2.1070641800761205 5.7369548976421356 2.1519248187541962 10.481546990573404 4.4663023464381686 6.42906805872917 6.0538997128605843 5.5746646821498862 8.7903715521097201 2.6304464265704155 13.091742828488348
leaf_count=29 356 43 20 23 130 42 65 24 43 37 53 43 29 70
internal_value=0.00270197 0.0163501 0.0205242 -0.0291729 -0.00592657 0.0219952 0.0243919 0.0173328 0.0118904 -0.0118982 0.0213824 0.031562 0.0505859 0.03895
internal_weight=93.8031 66.0213 61.8758 27.7818 12.6264 6.88944 58.9688 48.4873 44.021 12.483 31.538 25.9633 4.73751 21.8821
internal_count=1007 427 384 580 224 94 355 290 266 80 186 133 52 113
cat_boundaries=0 1
cat_threshold=4
is_linear=0
shrinkage=0.05


Tree=38
num_leaves=15
num_cat=0
split_feature=37 14 22 45 41 28 0 28 14 14 19 13 28 0
split_gain=16.0537 4.87102 5.13014 4.74941 5.66709 4.3446 5.89835 4.57773 5.5316 3.68175 2.36842 3.64519 5.01899 3.01167
threshold=1.0000000180025095e-35 0.36470000000000008 0.8651500000000002 8.5000000000000018 1.0000000180025095e-35 0.42265000000000003 0.73890000000000011 0.80950000000000011 0.21680000000000002 0.16240000000000002 9.5000000000000018 0.41600000000000009 0.34520000000000001 0.38785000000000008
decision_type=2 2 2 2 2 2 2 2 2 2 2 2 2 2
left_child=3 5 -3 10 9 6 -2 -7 -9 -5 -1 -12 -13 -14
right_child=1 2 -4 4 -6 7 -8 8 -10 -11 11 12 13 -15
leaf_value=-0.046942255029637669 -0.028382246362411791 -0.039579170849427102 0.02147246661296141 0.026021422887610796 0.065428101825354815 0.050829514088148543 0.036270319717516646 -0.037035115617856391 0.038681241357409024 -0.043016401838139255 -0.039273284655970804 0.043866289804647143 -0.043088481504644387 0.030563209267039024
leaf_weight=13.795229453593494 6.5014830306172353 5.6829728931188566 6.1715292409062386 2.4203442893922311 2.0989710725843906 19.050955895334486 5.6634008660912514 3.4153589457273474 4.3351910263299942 3.6869016140699387 8.6028019227087515 3.612116511911152 4.0971365459263325 1.1010359041392801
leaf_count=300 48 48 43 25 12 108 31 18 25 71 124 44 92 8
internal_value=0.000500724 0.0189168 -0.00859746 -0.0231254 0.00979212 0.027293 0.00218572 0.0382004 0.00489666 -0.0158446 -0.0318164 -0.0179346 0.004781 -0.0250741
internal_weight=90.2354 50.8209 11.8545 39.4145 8.20622 38.9664 12.1649 26.8015 7.75055 6.10725 31.2083 17.4131 8.81029 5.19817
internal_count=997 321 91 676 108 230 79 151 43 96 568 268 144 100
is_linear=0
shrinkage=0.05


Tree=39
num_leaves=15
num_cat=1
split_feature=54 0 14 33 37 23 14 13 23 20 19 22 39 22
split_gain=12.1617 5.59572 4.67924 5.44259 4.12701 3.8742 4.07682 5.2659 3.25485 2.92469 3.49896 2.36395 1.66235 1.63876
threshold=0 0.76440000000000008 0.60310000000000008 5.5000000000000009 0.10795 0.20940000000000003 0.2949500000000001 0.5273500000000001 0.21825000000000003 1.5000000000000002 19.500000000000004 0.88120000000000009 0.9425 0.7633000000000002
decision_type=1 2 2 2 2 2 2 2 2 2 2 2 2 2
left_child=1 2 3 11 9 -2 7 13 -3 12 -11 -1 -5 -7
right_child=5 8 -4 4 -6 6 -8 -9 -10 10 -12 -13 -14 -15
leaf_value=0.0088528260591177604 -0.046261257660122901 0.047129047508278045 -0.045635636151596583 0.00029384717794441655 0.026361916395392627 0.069941369941430673 -0.036606192782791265 -0.036704087639094933 0.0056238566246810499 0.021526804924780013 -0.027889066239140694 0.058933310569748223 -0.046768141269427355 0.010423794461412754
leaf_weight=4.7007061988115293 13.785687360912563 12.342695869505407 3.877796381711959 2.4616747908294254 6.9902100116014472 2.0715289637446386 5.3566403687000275 2.1485825851559639 7.778780370950698 7.4326866082847101 5.2280351743102074 4.7435060292482376 6.7277129739522934 2.5224902331829071
leaf_count=27 346 81 45 19 35 24 131 46 37 50 42 24 56 28
internal_value=-0.000875763 0.0111028 0.000565962 0.00628821 -0.00475604 -0.0290392 -0.00738314 0.0175624 0.0321095 -0.0154292 0.000573521 0.0372408 -0.0353695 0.0449667
internal_weight=88.1687 62.2838 42.1623 38.2845 28.8403 25.8849 12.0992 6.7426 20.1215 21.8501 12.6607 9.44421 9.18939 4.59402
internal_count=991 416 298 253 202 575 229 98 118 167 92 51 75 52
cat_boundaries=0 1
cat_threshold=2
is_linear=0
shrinkage=0.05


Tree=40
num_leaves=15
num_cat=1
split_feature=52 46 20 12 48 27 36 12 15 32 45 13 37 39
split_gain=12.8842 4.31941 4.62683 4.08695 3.40319 2.92416 2.84821 2.76814 4.45418 2.76006 2.75788 2.19409 2.64362 1.76751
threshold=0 15.500000000000002 3.5000000000000004 0.027900000000000005 1.5000000000000002 13.000000000000002 1.5000000000000002 0.051150000000000008 0.27545000000000003 18.500000000000004 19.500000000000004 0.50640000000000007 0.081150000000000014 1.0800000000000003
decision_type=1 2 2 2 2 2 2 2 2 2 2 2 2 2
left_child=1 2 4 -2 7 -3 10 9 -9 -1 -5 -10 -13 -4
right_child=3 5 13 6 -6 -7 -8 8 11 -11 -12 12 -14 -15
leaf_value=-0.023320609980736363 0.018507817425007032 0.017913303986562799 -0.02341933662258161 -0.046971074592313963 -0.015813098011581924 -0.045575685455294994 0.017806044152400086 -0.012028905612663131 0.051725403817443671 0.028986010145062847 0.024332950416979561 -0.0056010069018915254 0.043073890791160419 0.015385304865778694
leaf_weight=4.2579665109515172 3.1765739321708706 2.1330113671720019 7.7775681242346746 18.704644467681653 4.2218915075063697 4.1211722306907177 1.5985537469387043 4.0051993690431109 18.447919610887769 3.8515397980809212 0.86022421717643638 5.0815299823880178 4.6819801107048988 3.5763283967971802
leaf_count=25 19 19 58 520 28 50 15 28 121 21 6 29 25 20
internal_value=0.000259565 0.0123412 0.0168132 -0.0298624 0.0239716 -0.0244381 -0.0376302 0.0284187 0.0348147 0.00197681 -0.0428052 0.0416492 0.0195738 -0.0109404
internal_weight=86.4961 62.1561 55.9019 24.34 44.548 6.25418 21.1634 40.3261 32.2166 8.10951 19.5649 28.2114 9.76351 11.3539
internal_count=984 424 355 560 277 69 541 249 203 46 526 175 54 78
cat_boundaries=0 1
cat_threshold=4
is_linear=0
shrinkage=0.05


Tree=41
num_leaves=15
num_cat=1
split_feature=54 23 45 15 12 36 48 0 29 12 47 0 24 12
split_gain=14.612 5.60605 4.98923 4.87673 4.93236 3.95832 3.69451 3.45037 5.02261 4.48201 2.06377 3.20452 1.99926 2.1997
threshold=0 0.085150000000000017 18.500000000000004 0.27545000000000003 0.068200000000000011 1.5000000000000002 1.5000000000000002 0.70295000000000007 7.5000000000000009 0.051150000000000008 0.23220000000000005 0.39730000000000004 1.0000000180025095e-35 0.027900000000000005
decision_type=1 2 2 2 2 2 2 2 2 2 2 2 2 2
left_child=1 -1 12 4 -3 6 7 8 10 -9 -5 -12 13 -2
right_child=2 3 -4 5 -6 -7 -8 9 -10 -11 11 -13 -14 -15
leaf_value=-0.044599610022031139 -0.0011413831274183031 0.024536147421172237 0.03846448438272905 -0.0090908310072260936 -0.039131499012098864 0.05501641764997655 -0.026650521962675672 -0.0051375592667574632 -0.021591051809144141 0.052453513060033909 -0.00058426761298662551 0.054511960889755628 0.018569164115592868 -0.047112042369487177
leaf_weight=3.0011343136429778 3.0557104572653868 4.3761563152074796 1.5565875247120846 2.9312172383070019 6.2125104293227196 7.4760760962963095 3.6229811981320372 4.3224217891693142 8.2394236326217634 12.139783866703509 4.027678754180668 6.5409051552414894 0.9494330920279016 18.72619266808033
leaf_count=31 20 22 11 15 50 51 27 21 67 70 33 34 13 528
internal_value=0.000563617 0.0132905 -0.0316132 0.0168763 -0.0129718 0.0234174 0.0166163 0.0212949 0.00760383 0.0379038 0.0256827 0.0352793 -0.0378306 -0.0409962
internal_weight=87.1782 62.8903 24.2879 59.8892 10.5887 49.3005 41.8244 38.2014 21.7392 16.4622 13.4998 10.5686 22.7313 21.7819
internal_count=993 421 572 390 72 318 267 240 149 91 82 67 561 548
cat_boundaries=0 1
cat_threshold=2
is_linear=0
shrinkage=0.05


Tree=42
num_leaves=15
num_cat=0
split_feature=36 28 14 45 28 14 0 45 22 35 28 22 13 13
split_gain=12.5781 3.8076 7.26481 5.95535 4.45553 4.20371 4.02462 2.58151 2.03535 4.21417 2.69311 3.77544 3.06355 3.29651
threshold=1.0000000180025095e-35 0.42265000000000003 0.36850000000000005 1.5000000000000002 0.80950000000000011 0.22095000000000004 0.73890000000000011 18.500000000000004 0.90695000000000014 4.5000000000000009 0.34520000000000001 0.83935000000000015 0.29320000000000007 0.52540000000000009
decision_type=2 2 2 2 2 2 2 2 2 2 2 2 2 2
left_child=7 3 4 6 -3 -6 -2 8 10 -10 11 12 -1 -14
right_child=1 2 -4 -5 5 -7 -8 -9 9 -11 -12 -13 13 -15
leaf_value=-0.032854281735135417 -0.011982199445591446 0.050540937097155764 -0.01968427067241935 -0.042749663505324151 -0.033876644151651515 0.03486648180025511 0.04210051751065428 0.03192417574110834 0.046322877969895072 -0.028368216653446326 -0.042813554085865374 -0.043491843642887287 0.057266477019322373 -0.017177466980907441
leaf_weight=1.7008504979312435 5.9798983782529849 17.898787859827287 6.2583794295787802 5.270186234265565 3.1648976728320113 3.7809055261313915 6.1278028339147568 1.2260646149516095 2.0881810504943124 3.8618225008249283 17.473733607679605 3.8827210869640112 3.1128848101943731 1.7454972099512813
leaf_count=49 42 108 48 44 17 23 41 9 14 62 385 83 26 35
internal_value=-0.000486725 0.0158908 0.0261 -0.00280765 0.0379485 0.0032219 0.0165132 -0.0229263 -0.0257708 0.000738446 -0.0312512 -0.00985175 0.0131806 0.0321539
internal_weight=83.5726 48.4809 31.103 17.3779 24.8446 6.9458 12.1077 35.0918 33.8657 5.95 27.9157 10.442 6.55923 4.85838
internal_count=986 323 196 127 148 40 83 663 654 76 578 193 110 61
is_linear=0
shrinkage=0.05


Tree=43
num_leaves=15
num_cat=1
split_feature=52 32 20 37 19 0 29 39 39 15 30 29 23 32
split_gain=12.6851 4.7757 4.32123 3.96465 4.63978 4.44652 3.82398 3.40748 3.15435 2.51681 3.53057 2.3923 2.08309 2.01521
threshold=0 56.000000000000007 3.5000000000000004 0.13395000000000004 13.500000000000002 0.67555000000000021 9.5000000000000018 1.0800000000000003 0.99950000000000017 0.29880000000000001 4.5000000000000009 6.5000000000000009 0.23025000000000004 8.5000000000000018
decision_type=1 2 2 2 2 2 2 2 2 2 2 2 2 2
left_child=2 13 3 4 6 -6 9 -4 -3 -1 -11 -12 -10 -2
right_child=1 8 7 -5 5 -7 -8 -9 12 10 11 -13 -14 -15
leaf_value=-0.024734352686501544 0.011648636790084899 -0.035512013275588221 -0.029616551816872769 0.049297137198416087 -0.00084375552660895237 0.051843732956071642 -0.033641633458428959 0.022170902763646739 -0.0076140645972395081 -0.0069010611762762679 0.062995022942017087 0.0086506521030594256 0.054032878427067943 -0.046764333265633659
leaf_weight=3.3635910153389039 1.2262753061950267 1.904814215376972 8.5312104448676092 8.109780400991438 6.3408771865069893 9.7229316830635053 5.8980188481509677 3.8958209343254557 1.9688747730106113 7.1798914484679681 3.9104816913604736 4.0759132988750935 2.3039433136582375 16.452702110633254
leaf_count=24 27 40 74 60 47 60 41 22 29 50 19 23 17 480
internal_value=0.000517046 -0.029669 0.0126051 0.0192658 0.0122079 0.0322157 -0.00169874 -0.0129393 0.00735069 0.00967058 0.0183589 0.039309 0.0295698 -0.0423059
internal_weight=84.8851 23.8566 61.0285 48.6015 40.4917 16.0638 24.4279 12.427 6.17763 18.5299 15.1663 7.98639 4.27282 17.679
internal_count=1013 593 420 324 264 107 157 96 86 116 92 42 46 507
cat_boundaries=0 1
cat_threshold=4
is_linear=0
shrinkage=0.05


Tree=44
num_leaves=15
num_cat=1
split_feature=52 12 0 37 35 13 29 0 47 39 45 22 13 19
split_gain=8.6951 4.66454 4.57652 4.72417 3.22704 2.67914 2.29204 2.18104 3.12182 2.08058 5.16218 2.02813 2.01726 1.16011
threshold=0 0.027900000000000005 0.7904500000000001 0.10795 5.5000000000000009 0.28430000000000005 10.500000000000002 0.58655000000000013 0.16375000000000003 1.1175000000000004 3.5000000000000004 0.79060000000000008 0.33340000000000009 11.500000000000002
decision_type=1 2 2 2 2 2 2 2 2 2 2 2 2 2
left_child=2 -2 3 4 5 -1 -4 11 -9 -3 -11 -6 -5 -14
right_child=1 9 6 12 7 -7 -8 8 -10 10 -12 -13 13 -15
leaf_value=-0.016458404604586679 0.029223496487327305 -0.04087454895145462 0.042600842542684592 -0.0036534542685693742 0.0033164494354145004 0.031551960093487423 0.00083954771781055064 -0.029114600848431857 0.017694610308601949 -0.036343188651987705 0.065190569108535351 -0.049060029559964594 0.055814312676215928 0.015403956180676422
leaf_weight=3.9260004088282603 2.6463576182723072 16.014324113726619 12.282450303435327 3.5889071449637404 2.282157104462387 6.5470555499196053 4.4196303337812415 5.7468885183334333 6.5869873911142349 2.3711919616907831 0.99185447208583344 6.602898120880127 4.2795143276453 4.2624708563089371
leaf_count=25 15 463 82 28 26 41 23 29 37 81 11 80 23 25
internal_value=0.000964146 -0.0252593 0.0107618 0.00204634 -0.0081747 0.0136886 0.0322218 -0.0190962 -0.00466362 -0.033769 0.00168008 -0.0366324 0.0273378 0.0393771
internal_weight=82.5487 22.0237 60.525 43.8229 31.692 10.4731 16.7021 21.2189 12.3339 19.3774 3.36305 8.88506 12.1309 8.54199
internal_count=989 570 419 314 238 66 105 172 66 555 92 106 76 48
cat_boundaries=0 1
cat_threshold=4
is_linear=0
shrinkage=0.05


Tree=45
num_leaves=15
num_cat=1
split_feature=52 23 14 36 47 23 14 0 28 33 23 14 33 36
split_gain=9.38788 4.99073 4.63102 3.86938 3.52985 3.2676 3.49428 4.19044 3.27579 3.18798 3.14934 2.66059 1.90274 1.75695
threshold=0 0.085150000000000017 0.66485000000000005 1.5000000000000002 0.88690000000000013 0.21825000000000003 0.22095000000000004 0.70485000000000009 0.19050000000000003 6.5000000000000009 0.19200000000000003 0.38725000000000004 8.5000000000000018 2.5000000000000004
decision_type=1 2 2 2 2 2 2 2 2 2 2 2 2 2
left_child=1 -1 3 5 13 6 7 -3 -7 -10 -6 -8 -12 -2
right_child=4 2 -4 -5 10 8 11 -9 9 -11 12 -13 -14 -15
leaf_value=-0.043948155241168685 -0.042918785113373492 -0.01509275119024185 -0.034935546327476939 0.048725432961746806 -0.037138321722673305 0.030483903981590066 0.053164241740688283 0.037450903915328203 0.01666515126578957 -0.033362624244642251 -0.013855778742920617 0.0058244422478741301 0.044145397190997936 0.013868939680946976
leaf_weight=2.9261937905102959 14.688420485705137 9.4340688511729258 3.479023713618516 7.9408215433359137 2.1130514945834866 3.8132547140121487 9.3843396529555303 4.9787558615207663 3.9988447017967692 8.7021270506083948 1.5755246747285125 4.5328433476388446 3.0786376558244228 1.0304182879626758
leaf_count=32 456 62 41 59 51 26 56 33 27 54 40 33 29 11
internal_value=0.000571892 0.0110266 0.0146033 0.0184572 -0.026246 0.0121515 0.0221866 0.00431011 -0.00534737 -0.0175449 0.00370193 0.0391697 0.0255329 -0.0385893
internal_weight=81.6763 59.1903 56.2641 52.7851 22.4861 44.8442 28.33 14.4128 16.5142 12.701 6.76721 13.9172 4.65416 15.7188
internal_count=1010 423 391 350 587 291 184 95 107 81 120 89 69 467
cat_boundaries=0 1
cat_threshold=4
is_linear=0
shrinkage=0.05


Tree=46
num_leaves=15
num_cat=1
split_feature=36 14 12 36 22 0 13 13 29 28 22 0 57 13
split_gain=8.76722 4.72014 4.44802 3.72784 2.84375 2.2668 2.25713 2.0835 2.49569 1.67637 1.22987 1.18763 1.16772 0.95369
threshold=1.0000000180025095e-35 0.36470000000000008 0.027900000000000005 1.5000000000000002 0.8651500000000002 0.70485000000000009 0.51930000000000009 0.33340000000000009 7.5000000000000009 0.42265000000000003 0.95535000000000014 0.7904500000000001 0 0.45285000000000003
decision_type=2 2 2 2 2 2 2 2 2 2 2 2 1 2
left_child=2 3 -1 6 -3 10 7 8 -2 -8 12 -6 -4 -9
right_child=1 4 5 -5 11 -7 9 13 -10 -11 -12 -13 -14 -15
leaf_value=0.024071443664030443 -0.023212279508895393 -0.037289162904933733 -0.002233786349805339 0.052284404775303439 -0.0099368390374480198 0.017314539458902829 -0.029640892967138788 0.046345895790256997 0.027239438353581204 0.010520149077931144 0.0058306327041748422 0.031031568637411047 -0.037347186904833019 0.01234269842122899
leaf_weight=4.3229357227683058 3.8579363040626111 5.1803412493318302 2.7996645197272327 7.5325688757002345 2.8648413121700287 2.0913872849196187 3.4890141822397691 7.0426381789147836 3.9568550549447536 5.3176722526550293 1.8657280988991249 2.4788486510515213 21.099765909835703 4.0375585034489632
leaf_count=27 24 49 73 57 23 31 26 44 25 29 22 18 498 23
internal_value=0.000510621 0.0144529 -0.019153 0.0230915 -0.013963 -0.0264625 0.0136084 0.0229796 0.00252509 -0.00679083 -0.0305301 0.0109636 -0.0334888 0.0360028
internal_weight=77.9378 45.7583 32.1795 35.2342 10.524 27.8565 27.7017 18.895 7.81479 8.80669 25.7652 5.34369 23.8994 11.0802
internal_count=969 318 651 228 90 624 171 116 49 55 593 41 571 67
cat_boundaries=0 1
cat_threshold=1
is_linear=0
shrinkage=0.05


Tree=47
num_leaves=15
num_cat=1
split_feature=52 45 20 0 33 39 29 32 13 32 13 13 39 28
split_gain=9.48098 4.29109 3.83534 2.75864 3.20731 2.69968 2.51028 2.50434 2.10404 2.06716 2.0612 2.0148 1.99681 2.51352
threshold=0 18.500000000000004 3.5000000000000004 0.6735000000000001 3.5000000000000004 1.0800000000000003 12.500000000000002 56.000000000000007 0.63200000000000012 8.5000000000000018 0.26535000000000003 0.52540000000000009 1.0495000000000003 0.69050000000000011
decision_type=1 2 2 2 2 2 2 2 2 2 2 2 2 2
left_child=2 7 3 4 -1 -4 12 9 10 -2 -5 -9 13 -6
right_child=1 -3 5 8 6 -7 -8 11 -10 -11 -12 -13 -14 -15
leaf_value=0.036888698669311493 0.011486032610617522 0.036275820281160991 -0.027714621121937913 0.0031167896226391226 0.030177051033543831 0.019263076399185924 -0.042333609656538013 0.025301138985378026 -0.0026686685049271209 -0.048608243208004318 0.045480432515926435 -0.033274313895851421 -0.022784742488309348 -0.012904234010322885
leaf_weight=5.267783626914027 1.2081176675856173 1.5870441868901242 8.4392700884491187 3.7387450784444871 7.6324866488575989 3.6828962266445151 2.5530505850911132 2.4759949296712866 3.8569254502654067 13.73270517028868 14.051529340445994 1.5416901092976329 4.1946704126894465 4.8320983462035656
leaf_count=30 27 12 73 22 54 21 27 34 18 471 101 38 33 39
internal_value=0.00086589 -0.0275485 0.0111839 0.0176976 0.00579597 -0.0130618 -0.00413255 -0.0344412 0.0303065 -0.0433333 0.0372171 0.000672349 0.00378753 0.0137579
internal_weight=78.795 20.5456 58.2495 46.1273 24.4801 12.1222 19.2123 18.9585 21.6472 14.9408 17.7903 4.01769 16.6593 12.4646
internal_count=1000 582 418 324 183 94 153 570 141 498 123 72 126 93
cat_boundaries=0 1
cat_threshold=4
is_linear=0
shrinkage=0.05


Tree=48
num_leaves=15
num_cat=1
split_feature=52 45 36 0 28 33 12 22 29 46 12 13 32 13
split_gain=7.07197 3.85327 3.1333 3.62341 2.87835 2.37497 2.21152 2.19844 2.10784 2.71415 2.12146 2.06233 1.99845 2.02325
threshold=0 18.500000000000004 1.5000000000000002 0.70295000000000007 0.78175000000000006 4.5000000000000009 0.31585000000000002 0.88120000000000009 5.5000000000000009 14.500000000000002 0.068200000000000011 0.50865000000000016 56.000000000000007 0.52540000000000009
decision_type=1 2 2 2 2 2 2 2 2 2 2 2 2 2
left_child=2 12 3 5 11 7 -4 -1 10 -10 -7 -5 -2 -14
right_child=1 -3 6 4 -6 8 -8 -9 9 -11 -12 -13 13 -15
leaf_value=-0.0092180196792703666 -0.039363545990785953 0.036741859127779074 0.04912190072389544 0.040570973308306724 -0.017152039230543023 0.029513969759198969 -0.0046052635535570345 0.038856950051253641 -0.045799349540280164 0.0037982896258148915 -0.013881232722282245 0.0034708512219964144 0.021006821046498921 -0.034773302968035921
leaf_weight=4.0981234721839455 13.852471603080636 1.5550067275762547 6.4904178082942945 11.094592057168489 3.494690164923667 3.3396422713994998 2.3573077246546745 3.8058862090110779 7.0843908563256246 3.9688148777931929 7.0320688188076019 5.7172205150127402 3.0327584594488135 1.7259198706597088
leaf_count=29 473 11 52 73 18 21 23 21 57 43 60 27 33 42
internal_value=0.00117383 -0.0236625 0.00999171 0.00477643 0.020506 -0.0064313 0.0357933 0.0156949 -0.0149299 -0.029153 0.00145845 0.0288575 -0.0303256 -0.00174933
internal_weight=78.6493 20.1662 58.4832 49.6354 20.3065 29.3289 8.84773 7.90401 21.4249 11.0532 10.3717 16.8118 18.6111 4.75868
internal_count=983 559 424 349 118 231 75 50 181 100 81 100 548 75
cat_boundaries=0 1
cat_threshold=4
is_linear=0
shrinkage=0.05


Tree=49
num_leaves=15
num_cat=0
split_feature=36 42 33 45 45 41 12 28 46 13 29 47 0 32
split_gain=7.53561 4.57829 7.38768 4.50124 4.41177 3.81787 3.56217 3.55323 3.11186 2.86734 2.17085 1.62789 1.59473 4.08342
threshold=1.0000000180025095e-35 1.0000000180025095e-35 12.500000000000002 7.5000000000000009 4.5000000000000009 1.0000000180025095e-35 0.027900000000000005 0.80950000000000011 11.500000000000002 0.51760000000000017 4.5000000000000009 0.91400000000000003 0.34845000000000004 20.000000000000004
decision_type=2 2 2 2 2 2 2 2 2 2 2 2 2 2
left_child=3 2 4 11 -2 6 -5 9 -4 -3 -9 12 -1 -14
right_child=1 7 8 5 -6 -7 -8 10 -10 -11 -12 -13 13 -15
leaf_value=-0.047836318514774108 -0.054688471384221594 0.045663922347803441 0.047157177414386929 0.044266561319345768 0.0156237607586142 0.058247057944967144 -0.032869600707476139 -0.033028431572206002 -0.0089268548332358845 0.0065131399557630879 0.017605456504395055 0.0094882081084533953 -0.041379441591442384 0.014036634149905115
leaf_weight=9.7159328423440545 6.8993974532932061 14.882383145391946 5.0025816410779935 1.187501773238181 2.5897596254944801 2.0967765618115664 3.9051979966461658 3.0215915739536277 3.7423546835780144 7.1594437733292571 3.5448573306202888 2.046823998913168 6.8480005022138339 5.085790803655982
leaf_count=323 58 97 40 5 23 14 99 16 31 42 27 33 114 77
internal_value=-0.000211503 0.0123404 -0.00702866 -0.0190379 -0.035839 0.014162 -0.0105698 0.0245061 0.0247031 0.0337818 -0.00697984 -0.0292763 -0.0331983 -0.0185036
internal_weight=77.7284 46.8424 18.2341 30.886 9.48916 7.18948 5.0927 28.6083 8.74494 22.0418 6.56645 23.6965 21.6497 11.9338
internal_count=999 334 152 665 81 118 104 182 71 139 43 547 514 191
is_linear=0
shrinkage=0.05


Tree=50
num_leaves=15
num_cat=2
split_feature=54 21 46 22 21 39 13 12 32 13 33 14 57 19
split_gain=6.50463 3.46416 3.43136 3.16262 4.08049 4.94642 3.12849 4.06514 3.77754 4.28793 5.04399 2.87172 2.82505 2.03086
threshold=0 1.0000000180025095e-35 15.500000000000002 0.80475000000000019 0.23305000000000003 1.1175000000000004 0.26005000000000006 0.053350000000000009 38.500000000000007 0.42885000000000001 13.500000000000002 0.38205000000000006 1 8.5000000000000018
decision_type=1 2 2 2 2 2 2 2 2 2 2 2 1 2
left_child=1 2 6 4 5 12 -1 -8 13 -10 -11 -3 -2 -9
right_child=3 11 -4 -5 -6 -7 7 8 9 10 -12 -13 -14 -15
leaf_value=-0.013886222159660106 0.025868969778304263 0.012910662067300094 -0.024933946889169768 -0.042407155925133555 -0.040584599472102779 0.079303124613923082 -0.011673104920839082 0.0082327773371628759 0.045301895554569704 -0.045684625831494435 0.026746226248567193 -0.048828916806479203 -0.037482852979060309 0.048192254069774017
leaf_weight=6.3256270289421073 2.5324180852621794 2.6449134573340407 4.520821835845708 9.9871371556073409 3.4874240979552269 1.3852396588772533 6.7892399691045275 4.397594433277848 3.3727332651615125 4.5305474251508713 3.3770777173340321 3.5256628189235926 2.5465643126517552 17.615986857563257
leaf_count=41 51 20 53 310 120 11 40 30 26 28 21 34 83 123
internal_value=-7.64592e-06 0.00860333 0.0129749 -0.0239007 -0.00315192 0.0197745 0.0171157 0.0222271 0.0292788 0.00508963 -0.0152219 -0.0242554 -0.0068359 0.0409143
internal_weight=77.039 57.1002 50.9296 19.9388 9.95165 6.46422 46.4088 40.0832 33.2939 11.2804 7.90763 6.17058 5.07898 22.0136
internal_count=991 416 362 575 265 145 309 268 228 75 49 54 134 153
cat_boundaries=0 1 2
cat_threshold=2 4
is_linear=0
shrinkage=0.05


Tree=51
num_leaves=15
num_cat=0
split_feature=47 15 12 19 12 12 48 45 0 14 36 12 23 45
split_gain=6.60651 5.32262 4.77886 4.31754 3.80828 2.86255 2.84522 2.63463 2.52677 1.93648 1.85875 1.40245 1.36738 0.974021
threshold=0.38125000000000009 0.23965000000000003 0.035900000000000008 4.5000000000000009 0.053350000000000009 0.027900000000000005 1.5000000000000002 8.5000000000000018 0.73160000000000014 0.21200000000000005 1.5000000000000002 0.15040000000000003 0.15895000000000004 4.5000000000000009
decision_type=2 2 2 2 2 2 2 2 2 2 2 2 2 2
left_child=1 2 -1 7 12 -5 8 -2 9 -6 13 -11 -3 -7
right_child=3 4 -4 5 6 10 -8 -9 -10 11 -12 -13 -14 -15
leaf_value=0.036966562122321862 -0.0078376638372175261 0.0095528079954374408 -0.047513281755584898 0.014420405122648045 -0.0032095539962329282 -0.044676040814939755 -0.012534367375168002 0.065913050267157366 0.049775210249064991 0.042533724099866679 0.020393850543840492 0.0060208144232877609 -0.028788680334674899 -0.018098630113718223
leaf_weight=1.4675928354263295 2.1502720043063195 3.6867508962750426 5.137583052739501 3.2767432406544712 6.4984572380781236 11.973137469962245 3.5862021148204795 1.3141494318842886 11.221219554543493 7.0446176305413228 0.96173374354839225 4.464987451210618 3.9310192689299583 7.5999465119093648
leaf_count=8 52 24 108 21 40 333 24 12 86 40 7 37 22 175
internal_value=0.00130831 0.0125784 -0.0263503 -0.0178849 0.0194203 -0.0255347 0.0266692 0.0286357 0.0317347 0.0184661 -0.0322839 0.0299827 -0.0112774 -0.0357377
internal_weight=74.3144 47.0384 6.60518 27.276 40.4333 23.8116 32.8155 3.46442 29.2293 18.0081 20.5348 11.5096 7.61777 19.5731
internal_count=989 389 116 600 273 536 227 64 203 117 515 77 46 508
is_linear=0
shrinkage=0.05


Tree=52
num_leaves=15
num_cat=0
split_feature=47 23 12 45 33 14 33 39 0 20 0 14 0 28
split_gain=5.24367 4.70411 3.62079 3.46337 9.04094 3.87676 2.28038 3.09959 2.11743 3.14849 2.49505 2.28793 2.1169 2.0792
threshold=0.38125000000000009 0.085150000000000017 0.027900000000000005 1.5000000000000002 12.500000000000002 0.66485000000000005 3.5000000000000004 1.1175000000000004 0.56520000000000004 3.5000000000000004 0.70295000000000007 0.19260000000000002 0.35080000000000006 0.80950000000000011
decision_type=2 2 2 2 2 2 2 2 2 2 2 2 2 2
left_child=1 -1 -2 5 -5 8 12 -8 -3 10 11 -10 -4 -12
right_child=2 3 6 4 -6 -7 7 -9 9 -11 13 -13 -14 -15
leaf_value=-0.043459515426997074 0.020724070498761005 0.054491481608931816 -0.025787855260198889 -0.042944949579154817 0.050586269714995559 -0.025795072565846823 -0.042851031036819559 0.020189085377777652 -0.02113754342746705 -0.015650492942177852 0.046961668446553147 0.028427555080505436 0.024713626229280888 0.00095737871871610545
leaf_weight=3.1355997417122117 4.0335929170250919 4.4929619170725372 3.1828518807888058 6.8337515071034414 2.8946298509836197 3.3857732843607655 15.178023690357806 1.6243548411875952 4.0058280527591767 4.8048935644328585 11.425493679940699 3.358738012611866 3.1188763622194529 3.1137294396758071
leaf_count=64 26 28 102 54 21 51 409 41 24 28 82 20 32 20
internal_value=-0.00212014 0.00787924 -0.0192631 0.0123906 -0.0129941 0.0196951 -0.0268144 -0.035965 0.0252791 0.0185757 0.0264392 0.00216357 -0.000831914 0.037805
internal_weight=74.5891 47.4514 27.1377 44.3158 9.72838 34.5874 23.1041 16.8024 31.2016 26.7087 21.9038 7.36457 6.30173 14.5392
internal_count=1002 392 610 328 75 253 584 450 202 174 146 44 134 102
is_linear=0
shrinkage=0.05


Tree=53
num_leaves=15
num_cat=0
split_feature=47 23 28 13 45 45 33 14 33 46 39 23 28 14
split_gain=5.44271 4.73796 3.72672 5.42744 5.42827 3.37085 8.83589 3.2085 2.51754 2.1647 2.05677 1.91372 2.07319 1.84301
threshold=0.38125000000000009 0.085150000000000017 0.34520000000000001 0.52540000000000009 1.5000000000000002 1.5000000000000002 12.500000000000002 0.66485000000000005 3.5000000000000004 8.5000000000000018 1.054 0.25545000000000007 0.34520000000000001 0.14920000000000003
decision_type=2 2 2 2 2 2 2 2 2 2 2 2 2 2
left_child=1 -1 3 4 -2 7 8 11 -7 -4 -6 13 -13 -3
right_child=2 5 9 -5 10 6 -8 -9 -10 -11 -12 12 -14 -15
leaf_value=-0.042673114290263561 -0.024485643456838724 0.0044800528987212398 0.0092187953478665135 -0.042722251274806174 0.071070268092580741 0.0014953537350072671 0.050348855971144052 -0.021944637316009017 -0.05855854745475611 -0.041920670820401872 0.0080505906991564669 0.030783344097159149 -0.016607128635731602 0.041187121379234547
leaf_weight=2.9394492581486693 3.0915188081562537 4.4898895025253358 2.0774946082383385 3.5186017621308556 3.249200725927949 2.4837820269167405 3.1583093479275703 2.9462571311742058 4.5047923643141985 12.083559107035397 2.2710717488080263 3.1087818183004847 4.3081709258258343 18.023975875228643
leaf_count=61 68 25 42 88 43 19 24 49 36 350 21 18 24 131
internal_value=-1.39461e-05 0.0103055 -0.0177713 0.002673 0.0237357 0.0148122 -0.0096688 0.0224301 -0.0396996 -0.0343051 0.0503546 0.0273664 0.00455373 0.0343686
internal_weight=72.2549 45.9634 26.2914 12.1304 8.61179 43.024 10.1469 32.8771 6.98857 14.1611 5.52027 29.9308 7.41695 22.5139
internal_count=999 387 612 220 132 326 79 247 55 392 64 198 42 156
is_linear=0
shrinkage=0.05


Tree=54
num_leaves=15
num_cat=1
split_feature=52 45 20 19 32 45 32 13 39 23 23 28 14 29
split_gain=7.0985 4.30811 3.395 2.72062 2.7317 2.46714 2.4565 2.37799 2.11461 2.1135 2.06107 1.28502 1.11522 1.00611
threshold=0 18.500000000000004 3.5000000000000004 9.5000000000000018 25.500000000000004 1.5000000000000002 56.000000000000007 0.63200000000000012 1.0800000000000003 0.21825000000000003 0.20940000000000003 0.26785000000000009 0.40880000000000005 4.5000000000000009
decision_type=1 2 2 2 2 2 2 2 2 2 2 2 2 2
left_child=2 6 3 4 -1 13 -2 9 12 11 -8 -5 -4 -6
right_child=1 -3 8 7 5 -7 10 -9 -10 -11 -12 -13 -14 -15
leaf_value=-0.031106963254392085 -0.047770776811201204 0.035776366461712138 -0.0064245951383277676 0.0089374650848708711 0.0031273512659915174 -0.018861136663845712 -0.036016453642276874 -0.010306399269705653 0.014131778784274818 0.001547752537627769 0.020159110297451571 0.043185622090693938 -0.044218417332937812 0.040529442743147272
leaf_weight=4.8548942990601054 11.651893630623823 1.5491339564323414 3.7150733061134797 4.1024231761694052 3.0736990347504598 3.7960166502743959 1.8525700494647015 4.2305949442088595 3.3370468355715266 5.8004194609820834 2.8474878929555416 13.975306384265421 4.2985982876271009 4.0432736910879612
leaf_count=41 492 11 30 31 23 33 45 26 20 39 34 114 46 27
internal_value=-0.0019989 -0.0284835 0.00693958 0.013225 -0.00330664 0.010634 -0.0362823 0.0222936 -0.0164604 0.0282515 -0.00441706 0.0362895 -0.0293541 0.0267515
internal_weight=73.1284 17.9011 55.2273 43.8766 15.7679 10.913 16.352 28.1087 11.3507 23.8781 4.70006 18.0777 8.01367 7.11697
internal_count=1012 582 430 334 124 83 571 210 96 184 79 145 76 50
cat_boundaries=0 1
cat_threshold=4
is_linear=0
shrinkage=0.05


Tree=55
num_leaves=15
num_cat=0
split_feature=12 23 39 15 0 12 13 23 42 28 33 33 12 38
split_gain=4.75363 5.16573 5.12721 6.66706 4.69556 4.41112 3.54858 3.74504 2.30658 2.03437 1.80101 1.66106 2.60739 2.02981
threshold=0.50545000000000007 0.085150000000000017 1.1890000000000003 0.28785000000000005 0.34845000000000004 0.055800000000000009 0.52540000000000009 0.23660000000000003 1.0000000180025095e-35 0.34520000000000001 6.5000000000000009 7.5000000000000009 0.08270000000000001 61.000000000000007
decision_type=2 2 2 2 2 2 2 2 2 2 2 2 2 2
left_child=1 -1 3 8 6 -6 7 -5 -3 -9 -10 -7 -13 -14
right_child=-2 2 -4 4 5 11 -8 9 10 -11 -12 12 13 -15
leaf_value=-0.044054950181013693 -0.043435348684530278 -0.05120620484594586 0.054775705801873589 -0.022512967791771268 -0.0055525148366357127 0.046565869269240071 -0.043906943730829893 0.062849921012343796 0.020090591216427225 -0.0026434951808617041 -0.03089073720168177 0.047267563903068514 -0.024552200217756063 0.01827536404008236
leaf_weight=4.0771141033619633 4.5631745718419543 5.2366808000951988 4.4558285996317855 4.4323328025639039 10.79563784599304 10.743819039314987 4.666818579658865 2.0630574431270365 2.6949272081255913 1.8079431746155021 2.2858307920396328 4.3300048410892478 3.2450978495180589 7.0014785770326853
leaf_count=110 153 77 27 114 75 77 161 19 28 40 18 30 23 53
internal_value=0.0010381 0.00461723 0.00836182 0.00402397 0.0117654 0.0208887 -0.0133156 0.00674943 -0.0309006 0.0379984 -0.00455937 0.0319448 0.0188706 0.00373478
internal_weight=72.3997 67.8366 63.7595 59.3036 49.0862 36.116 12.9702 8.30333 10.2174 3.871 4.98076 25.3204 14.5766 10.2466
internal_count=1005 852 742 715 592 258 334 173 123 59 46 183 106 76
is_linear=0
shrinkage=0.05


Tree=56
num_leaves=15
num_cat=1
split_feature=13 12 47 37 19 23 19 35 30 57 13 47 28 39
split_gain=4.59675 5.46026 4.25829 3.15461 3.16951 2.73385 2.69651 2.51117 3.27342 2.40845 2.26761 1.66479 2.96444 1.81849
threshold=0.26005000000000006 0.067000000000000018 0.12605000000000002 0.10795 4.5000000000000009 0.20345000000000005 8.5000000000000018 10.500000000000002 10.500000000000002 0 0.35185000000000005 0.38125000000000009 0.34520000000000001 1.054
decision_type=2 2 2 2 2 2 2 2 2 1 2 2 2 2
left_child=1 -1 5 4 10 -2 -6 8 9 -8 -4 -11 13 -13
right_child=2 -3 3 -5 6 -7 7 -9 -10 11 -12 12 -14 -15
leaf_value=0.016687162030285873 0.04221026542068089 -0.048770860064221259 0.059770574640318187 0.025668840525155796 -0.038459754441990873 6.4794902143749957e-06 -0.032838036291964322 -0.028478619586073946 -0.040494784394483757 0.044407560278580109 -0.0089104737689958188 0.047893177672559108 -0.026114923161853161 -0.0053795507629070243
leaf_weight=4.2262635696679345 9.4860767833888513 8.2939485348761064 1.6953828260302537 6.8360487520694724 7.6965509001165655 6.0521614030003539 1.435376949608326 7.0917292647063723 2.2717640288174143 4.2302512452006384 1.7620770037174223 3.1675147693604213 3.1789446920156479 2.3037665206938982
leaf_count=35 89 217 17 45 156 33 43 127 31 24 30 34 85 22
internal_value=-0.000822581 -0.0270752 0.00528939 -0.00315877 -0.00937465 0.0267662 -0.0145917 -0.00558974 0.00525883 0.0146893 0.0306213 0.0219699 0.00753246 0.0280969
internal_weight=69.7279 12.5202 57.2076 41.6694 34.8334 15.5382 31.3759 23.6793 16.5876 14.3159 3.45746 12.8805 8.65023 5.47128
internal_count=988 252 736 614 569 122 522 366 239 208 47 165 141 56
cat_boundaries=0 1
cat_threshold=2
is_linear=0
shrinkage=0.05


Tree=57
num_leaves=15
num_cat=0
split_feature=36 14 0 13 13 23 45 38 30 15 13 32 47 32
split_gain=4.69305 3.82855 3.36083 3.1797 3.80375 2.59511 1.88272 3.5505 2.22115 1.60477 2.05778 3.59564 2.03719 1.59751
threshold=1.5000000000000002 0.35535000000000011 0.70295000000000007 0.26005000000000006 0.48490000000000005 0.21825000000000003 4.5000000000000009 71.500000000000014 5.5000000000000009 0.35800000000000004 0.51760000000000017 28.000000000000004 0.17180000000000004 38.500000000000007
decision_type=2 2 2 2 2 2 2 2 2 2 2 2 2 2
left_child=2 -2 6 -4 -5 -6 9 8 -8 12 11 -11 -1 -12
right_child=1 -3 3 4 5 -7 7 -9 -10 10 13 -13 -14 -15
leaf_value=0.011668218034490398 0.050555112528002016 -0.015911259016387201 -0.026253750989034309 0.045799645662843884 0.022927619853302973 -0.029761328740087096 -0.013433712708662351 -0.029275389432175065 0.038453784933752767 -0.034392570751791827 -0.0019664910343310527 0.024540488234187252 -0.043349317854937584 -0.044436148371436418
leaf_weight=1.564897197298708 6.041953753679989 2.5624605789780617 3.5572768449783352 6.9059171229600889 3.7059146910905838 3.6597009301185608 2.4767908221110684 4.5250312872231007 5.1745064221322536 2.9191525578498858 3.8254979588091356 6.6801012428477407 9.509204442612825 4.592464012093842
leaf_count=18 58 30 48 54 23 18 66 102 48 37 76 92 226 91
internal_value=-0.00130988 0.0311652 -0.00647815 0.0112412 0.0216943 -0.00367976 -0.0142183 0.00219936 0.0220461 -0.0209347 -0.0107436 0.00506486 -0.0352522 -0.0273941
internal_weight=67.7009 8.60441 59.0965 17.8288 14.2715 7.36562 41.2676 12.1763 7.6513 29.0913 18.0172 9.59925 11.0741 8.41796
internal_count=987 88 899 143 95 41 756 216 114 540 296 129 244 167
is_linear=0
shrinkage=0.05


Tree=58
num_leaves=15
num_cat=0
split_feature=37 19 32 19 20 22 20 22 14 47 29 41 22 39
split_gain=3.81802 4.22108 2.60263 3.01562 5.89654 3.18736 3.08632 2.6349 3.58684 2.42072 2.30937 2.09608 1.39532 1.1354
threshold=0.081150000000000014 30.500000000000004 20.000000000000004 4.5000000000000009 1.5000000000000002 0.86730000000000007 2.5000000000000004 0.89090000000000014 0.22320000000000004 0.12605000000000002 10.500000000000002 0.70850000000000013 0.73030000000000006 1.0005000000000002
decision_type=2 2 2 2 2 2 2 2 2 2 2 2 2 2
left_child=2 10 7 12 9 6 -6 -1 -9 -5 13 -8 -4 -2
right_child=1 -3 3 4 5 -7 11 8 -10 -11 -12 -13 -14 -15
leaf_value=-0.045566321835898628 0.042912313723991929 -0.034520787941621216 -0.0056056003670365458 0.022299065555195619 0.020931669325117731 0.038009225544860345 -0.042661331720052174 -0.045490970609037312 0.024634894929571421 -0.041514584889746027 -0.0076255949524830311 0.018648924781750426 0.054122944421498967 0.014157335940798058
leaf_weight=7.4862455325201136 8.5016213450580924 2.908929791301488 1.1604856587946444 1.0744420979172016 5.0557814883068222 5.7937177661806336 4.4188809283077717 1.9000554196536539 3.9151361081749201 10.206874213181434 4.5799561180174342 1.233778649009764 2.1908218283206224 7.6411750353872767
leaf_count=195 66 27 40 9 100 60 91 20 35 229 30 11 20 63
internal_value=-0.00156207 0.0143142 -0.0101345 -0.0019587 -0.00776585 0.0111679 -0.00536036 -0.0277965 -0.00159093 -0.0341161 0.0224429 -0.0284877 0.0369052 0.030921
internal_weight=68.0679 23.6317 44.4362 31.1348 27.7835 16.5022 10.7084 13.3014 5.81519 11.2813 20.7228 5.65266 3.35131 16.1428
internal_count=996 186 810 560 500 262 202 250 55 238 159 102 60 129
is_linear=0
shrinkage=0.05


Tree=59
num_leaves=15
num_cat=1
split_feature=52 23 39 20 46 45 27 28 15 20 13 12 39 45
split_gain=5.72863 2.79668 3.21783 2.36105 2.66312 2.1421 1.85195 2.16167 1.98628 2.22337 2.4237 2.17034 1.72791 1.56377
threshold=0 0.23025000000000004 0.99950000000000017 3.5000000000000004 15.500000000000002 1.5000000000000002 10.500000000000002 0.43650000000000005 0.29490000000000005 1.5000000000000002 0.43695000000000006 0.099600000000000008 1.0800000000000003 1.0000000180025095e-35
decision_type=1 2 2 2 2 2 2 2 2 2 2 2 2 2
left_child=3 -2 -3 4 6 -4 7 -1 13 10 -10 -12 -5 -8
right_child=1 2 5 12 -6 -7 8 -9 9 -11 11 -13 -14 -15
leaf_value=-0.031477581670313386 -0.042749709269872545 -0.038587663151796667 -0.026912957922586307 -0.024071858747617133 -0.021229302045945381 0.034843780955352559 0.017629547632182153 0.021558116068111106 0.037995703681548143 0.044508252421330857 -0.025085857686101228 0.023770410863501786 0.015304268367418914 -0.024097025727867281
leaf_weight=2.988949552178382 8.3853540439158696 2.7739134831354004 1.0946933766826985 7.2590681556612235 3.8992064390331498 4.1983756953850389 4.3482766933739212 2.7571977153420448 4.5629288814961928 11.957554971799253 4.4401605688035488 2.9338562525808811 3.3801870718598366 2.8702264875173569
leaf_count=20 360 96 53 76 49 75 32 21 41 90 32 21 21 22
internal_value=0.000634901 -0.0241854 -0.00230174 0.00888979 0.0143104 0.0198245 0.0185315 -0.0066059 0.0232352 0.0299313 0.0130174 -0.00513036 -0.0113216 0.000124932
internal_weight=67.8499 16.4523 8.06698 51.3976 40.7584 5.29307 36.8592 5.74615 31.113 23.8945 11.9369 7.37402 10.6393 7.2185
internal_count=1009 584 224 425 328 128 279 41 238 184 94 53 97 54
cat_boundaries=0 1
cat_threshold=4
is_linear=0
shrinkage=0.05


Tree=60
num_leaves=15
num_cat=0
split_feature=23 14 39 13 36 48 13 32 14 42 39 46 28 32
split_gain=4.29121 4.20256 4.65559 3.97777 3.75652 3.33166 3.17153 3.83273 5.2899 3.14048 2.64208 2.10377 2.02036 1.88776
threshold=0.085150000000000017 0.64670000000000016 1.1890000000000003 0.27725000000000005 1.5000000000000002 1.5000000000000002 0.51930000000000009 25.500000000000004 0.20350000000000004 1.0000000180025095e-35 1.0605000000000002 7.5000000000000009 0.65480000000000016 33.500000000000007
decision_type=2 2 2 2 2 2 2 2 2 2 2 2 2 2
left_child=-1 2 3 9 5 6 7 8 -5 -2 -8 -10 -9 -7
right_child=1 -3 -4 4 -6 13 10 12 11 -11 -12 -13 -14 -15
leaf_value=-0.0437670675333953 -0.048261204246606709 -0.033890722095480871 0.053774312634392821 -0.044411097021775196 0.046537963668240825 0.011800911545409156 -0.022316251266005505 0.046127092505311919 0.043306015106276324 0.0062983846942327934 0.026962913839402514 -0.010686622108618383 -0.0025977035544371262 -0.048121199603035313
leaf_weight=3.9072776706889263 4.7932789614424092 5.3993594329804173 4.2540001124143592 3.6208086572587508 5.281835474073886 1.4206866603344668 9.371696616522966 10.726813397370277 3.8409493695944548 4.4655791921541095 2.756247501820325 2.3505985280498862 2.4732617232948533 3.2503000218421221
leaf_count=121 80 157 28 37 55 17 141 115 28 34 35 27 41 90
internal_value=0.00134129 0.0047259 0.00879253 0.00436403 0.0105596 0.0047629 0.0102474 0.0208443 -0.00290219 -0.023898 -0.0099161 0.0241722 0.0374576 -0.0310287
internal_weight=67.9127 64.0054 58.6061 54.3521 45.0932 39.8114 35.1404 23.0124 9.81236 9.25886 12.1279 6.19155 13.2001 4.67099
internal_count=1006 885 728 700 586 531 424 248 92 114 176 55 156 107
is_linear=0
shrinkage=0.05


Tree=61
num_leaves=15
num_cat=0
split_feature=23 12 39 15 48 12 12 37 13 47 32 14 28 0
split_gain=4.32286 4.54182 4.06585 4.50569 3.66224 2.77738 2.14349 1.99324 1.6778 3.59102 2.92444 4.29966 2.48887 4.19496
threshold=0.085150000000000017 0.50545000000000007 1.1890000000000003 0.28880000000000006 1.5000000000000002 0.036400000000000009 0.28245000000000003 0.13395000000000004 0.51930000000000009 0.41139999999999999 25.500000000000004 0.20350000000000004 0.34520000000000001 0.55680000000000007
decision_type=2 2 2 2 2 2 2 2 2 2 2 2 2 2
left_child=-1 2 3 5 7 -2 -6 8 10 -10 11 -5 -12 -14
right_child=1 -3 -4 4 6 -7 -8 -9 9 -11 12 -13 13 -15
leaf_value=-0.043606508151826685 0.025206843341950405 -0.041971405052265105 0.050128366789803147 -0.038747628165301203 -0.042807354502442017 -0.036116013603309606 0.017499655247722734 0.045708581358529149 0.015653494765347598 -0.036353236125143816 0.054125704026917631 0.023218300398182758 -0.030171692702045467 0.040831913276720894
leaf_weight=3.9114872002974144 1.5559420809149731 3.7752785785123697 4.412534959614276 3.6065248828381318 3.631116257980465 8.1126526044681651 1.4999396298080681 4.2487725540995589 8.5328260809183103 4.0980486972257486 6.5138259734958392 6.138254826888442 2.8279665587469935 3.6391787752509117
leaf_count=125 16 145 30 39 90 109 19 48 49 124 52 54 82 25
internal_value=0.00161787 0.00508526 0.00875681 0.00455716 0.0113077 -0.0248098 -0.0251992 0.0165415 0.0118757 -0.00264902 0.0197198 -0.00118697 0.0343768 0.00990075
internal_weight=66.5043 62.5929 58.8176 54.405 44.7365 9.66859 5.13106 39.6054 35.3566 12.6309 22.7258 9.74478 12.981 6.46715
internal_count=1007 882 737 707 582 125 109 473 425 173 252 93 159 107
is_linear=0
shrinkage=0.05


Tree=62
num_leaves=15
num_cat=1
split_feature=52 23 23 14 33 36 23 22 39 47 14 13 46 22
split_gain=4.17126 3.55331 2.80575 2.37422 2.81482 2.39542 2.49251 4.7199 3.44526 2.25034 2.14626 2.64742 1.21345 1.15269
threshold=0 0.20940000000000003 0.085150000000000017 0.59120000000000006 5.5000000000000009 1.5000000000000002 0.21825000000000003 0.93935000000000013 1.0570000000000002 0.34020000000000006 0.2949500000000001 0.5273500000000001 7.5000000000000009 0.7633000000000002
decision_type=1 2 2 2 2 2 2 2 2 2 2 2 2 2
left_child=2 -2 -1 4 -4 6 7 9 12 -6 11 13 -8 -3
right_child=1 10 3 -5 5 -7 8 -9 -10 -11 -12 -13 -14 -15
leaf_value=-0.038557159393883302 -0.045861438018267309 0.057091471370980043 0.03915869229584925 -0.021326139329887316 0.038791802657421978 0.043064510420228984 0.027844664075796412 -0.023836213663324085 -0.043587787811817318 -0.0063850119619122542 -0.027145508629210446 -0.029491261566912032 -0.0098625425411038737 0.0043768937989932298
leaf_weight=2.1603948771953574 6.9074675561860195 2.0323039349168526 7.9168997108936301 4.4310891833156338 10.4121171720326 3.11560259386897 2.9379483647644502 5.3070688657462588 4.8004062734544277 3.2979006879031649 3.0819174582138658 1.2184104137122629 3.8479642793536186 1.8487086594104765
leaf_count=32 350 23 59 55 77 33 16 36 28 38 134 44 40 28
internal_value=0.00014567 -0.0219587 0.00736702 0.0102942 0.0140806 0.00723422 0.00233926 0.0132346 -0.0151744 0.0282294 0.00101921 0.0197008 0.00794224 0.0380223
internal_weight=63.3162 15.0888 48.2274 46.067 41.6359 33.719 30.6034 19.0171 11.5863 13.71 8.18134 5.09942 6.78591 3.88101
internal_count=993 579 414 382 327 268 235 151 84 115 229 95 56 51
cat_boundaries=0 1
cat_threshold=4
is_linear=0
shrinkage=0.05


Tree=63
num_leaves=15
num_cat=0
split_feature=36 39 45 28 48 28 14 28 22 42 14 29 29 15
split_gain=4.0616 2.74972 3.40877 2.5946 2.48498 2.26929 3.11213 2.75892 2.584 2.56373 2.18975 2.14644 1.91404 1.67709
threshold=1.0000000180025095e-35 0.94450000000000001 6.5000000000000009 0.21825000000000003 1.5000000000000002 0.80950000000000011 0.3080500000000001 0.42265000000000003 0.8651500000000002 1.0000000180025095e-35 0.42255000000000004 4.5000000000000009 5.5000000000000009 0.42505000000000009
decision_type=2 2 2 2 2 2 2 2 2 2 2 2 2 2
left_child=1 -1 3 13 5 6 7 9 10 -2 -8 -7 -4 -3
right_child=4 2 12 -5 -6 11 8 -9 -10 -11 -12 -13 -14 -15
leaf_value=-0.037236599653384606 -0.019280190216807349 -0.023252503847756106 -0.014315584372230537 -0.028897266380799563 -0.021499202886504296 -0.0376727306357999 0.012878425076607728 0.050599934502552305 0.022044348656941923 0.032720640803761206 -0.047399181429520987 0.013984361195064533 0.041563825662190718 0.040154329211491875
leaf_weight=7.4768014419823912 3.4406707026064458 0.81124251615256371 1.5851901322603215 9.5784446727484447 4.1257801707833996 2.6167958062142125 1.9368642643094043 9.9078702852129918 5.1774547100067139 4.2347713857889175 2.7597498893737793 3.688742820173502 4.2031743247061968 1.9661586126312611
leaf_count=239 29 39 48 275 38 17 12 82 43 31 36 34 47 30
internal_value=0.00135513 -0.0137144 -0.00258275 -0.0171236 0.0116361 0.0161871 0.0222577 0.0343107 -0.00038706 0.00987478 -0.0246439 -0.0096756 0.0264063 0.0203813
internal_weight=63.5097 25.621 18.1442 12.3558 37.8887 33.7629 27.4574 17.5833 9.87407 7.67544 4.69661 6.30554 5.78836 2.7774
internal_count=1000 678 439 344 322 284 233 142 91 60 48 51 95 69
is_linear=0
shrinkage=0.05


Tree=64
num_leaves=15
num_cat=0
split_feature=14 23 39 13 36 13 39 48 32 14 46 12 28 23
split_gain=4.00521 3.39664 3.4443 3.60835 3.16446 3.2423 3.41538 2.9715 2.9377 3.41075 3.57729 2.30726 2.27262 2.0205
threshold=0.64670000000000016 0.085150000000000017 1.1890000000000003 0.26005000000000006 1.5000000000000002 0.51760000000000017 1.0605000000000002 1.5000000000000002 25.500000000000004 0.20895000000000002 8.5000000000000018 0.037550000000000007 0.65480000000000016 0.10435000000000001
decision_type=2 2 2 2 2 2 2 2 2 2 2 2 2 2
left_child=1 -1 3 11 5 7 13 8 9 -5 -11 -3 -10 -7
right_child=-2 2 -4 4 -6 6 -8 -9 12 10 -12 -13 -14 -15
leaf_value=-0.040458165898474299 -0.038462642093340826 0.018194387545419636 0.050751427172599652 -0.035273457199143855 0.044459839035861926 0.01531700678600067 0.026893625286380271 -0.031333425699342214 0.042442946153205013 0.039394338312586208 -0.027967826904250516 -0.040946512659075833 -0.0070977425463085945 -0.036140514001681646
leaf_weight=2.9194347839802495 4.9050828022882333 1.5700833424925793 3.3079788349568835 3.5158088123425895 4.6597670130431643 1.7555825784802426 2.9777551582083097 2.3162243403494349 11.644666366279123 5.0911451894789934 2.06932392437011 5.4146575760096312 2.5151016982272258 9.1318257572129351
leaf_count=102 167 15 25 39 52 18 35 61 123 37 30 71 48 168
internal_value=0.000838538 0.00469963 0.00772392 0.00412573 0.00936842 0.00441862 -0.0145969 0.0143024 0.0196065 -0.00044311 0.0188855 -0.0270387 0.0337556 -0.0272525
internal_weight=63.7944 58.8894 55.9699 52.6619 45.6772 41.0174 13.8652 27.1523 24.836 10.6763 7.16047 6.98474 14.1598 10.8874
internal_count=991 824 722 697 611 559 221 338 277 106 67 86 171 186
is_linear=0
shrinkage=0.05


Tree=65
num_leaves=15
num_cat=2
split_feature=52 20 23 45 57 19 32 33 30 32 46 12 39 23
split_gain=4.71536 4.0012 3.17092 2.9231 1.95471 1.79888 2.50576 3.48258 1.91826 1.84101 1.46943 1.42943 1.42033 1.22374
threshold=0 3.5000000000000004 0.36035 14.500000000000002 1 13.500000000000002 22.500000000000004 3.5000000000000004 5.5000000000000009 42.500000000000007 11.500000000000002 0.027900000000000005 1.0800000000000003 0.19200000000000003
decision_type=1 2 2 2 1 2 2 2 2 2 2 2 2 2
left_child=1 5 4 11 13 6 7 -1 -7 -8 -10 -4 -3 -2
right_child=2 12 3 -5 -6 8 9 -9 10 -11 -12 -13 -14 -15
leaf_value=0.022687216185326115 -0.021782882298694725 -0.030455518737196659 0.023110043797575919 0.053444142404554945 -0.045486260560389208 0.0036368450139581811 0.030354206895604925 -0.035896846949731061 0.051822805967909197 -0.0052123773613694238 0.004319396436646852 -0.034974180225911145 0.0083261222688979907 0.039323274930270907
leaf_weight=3.3067717626690882 0.73260923661291688 6.7996413400396687 0.77366974949836675 1.3616064097732303 8.8828434851020539 5.3005671724677077 9.6978019103407842 5.4783897455781698 6.8526626564562303 5.1206519212573758 2.2979328632354736 2.1267468621954322 2.8688480779528618 0.64361347537487745
leaf_count=29 36 74 6 11 410 44 72 50 62 47 24 109 19 20
internal_value=0.0005053 0.00814296 -0.0235031 0.0109935 -0.037538 0.0154163 0.00642081 -0.0137806 0.0287426 0.0185113 0.0414943 -0.0175278 -0.0192464 0.0113167
internal_weight=62.2444 47.7233 14.5211 4.26202 10.2591 38.0548 23.6036 8.78516 14.4512 14.8185 9.1506 2.90042 9.66849 1.37622
internal_count=1013 421 592 126 466 328 198 79 130 119 86 115 93 56
cat_boundaries=0 1 2
cat_threshold=4 1
is_linear=0
shrinkage=0.05


Tree=66
num_leaves=15
num_cat=0
split_feature=14 23 37 48 28 15 32 14 47 32 39 28 46 32
split_gain=3.37217 3.51776 2.80817 2.65123 2.43649 2.28915 2.6244 3.21524 2.32581 2.38799 1.87322 2.24874 1.91181 1.51859
threshold=0.59120000000000006 0.085150000000000017 0.13395000000000004 1.5000000000000002 0.097200000000000022 0.5293500000000001 22.500000000000004 0.20230000000000001 0.41139999999999999 38.500000000000007 0.9425 0.65480000000000016 15.500000000000002 33.500000000000007
decision_type=2 2 2 2 2 2 2 2 2 2 2 2 2 2
left_child=1 -1 3 5 -2 6 7 -3 9 -7 12 -12 -8 -5
right_child=4 2 -4 13 -6 8 10 -9 -10 -11 11 -13 -14 -15
leaf_value=-0.040155942471102053 0.02022575399511815 -0.03157997180357229 0.040862144882387097 0.0087226692504967489 -0.04222191590706402 0.028722219721511306 0.021049828571233484 0.016603138956575194 -0.036005528152737054 -0.020387455554184621 0.045627238301945497 -0.010179696946278986 -0.033594543168732234 -0.045503422187755098
leaf_weight=2.893810821697115 1.3851322475820769 4.4745908183977035 5.1972341611981383 1.5257351035252202 5.5943206008523703 4.4191702604293805 3.4064934980124262 8.4235620424151403 3.986550440080463 3.6158555150032043 10.830449617467819 1.7480031996965397 1.5151349809020755 2.8367247357964516
leaf_count=106 19 51 64 22 183 26 32 73 125 20 109 36 32 97
internal_value=0.00158766 0.00590573 0.00917963 0.00487838 -0.0288471 0.00888196 0.0160408 -0.00118194 -0.00906175 0.00681183 0.0281122 0.0376933 0.00139508 -0.0284483
internal_weight=61.8528 54.8733 51.9795 46.7823 6.97945 42.4198 30.3982 12.8982 12.0216 8.03503 17.5001 12.5785 4.92163 4.36246
internal_count=995 793 687 623 202 504 333 124 171 46 209 145 64 119
is_linear=0
shrinkage=0.05


Tree=67
num_leaves=15
num_cat=0
split_feature=12 23 39 13 13 48 39 30 0 38 42 33 33 12
split_gain=3.2481 3.27646 3.62569 3.89542 2.82052 2.24799 2.2217 2.3451 2.03638 2.1356 1.86958 2.05846 1.70654 1.54441
threshold=0.50545000000000007 0.085150000000000017 1.1715000000000002 0.27645000000000003 0.51930000000000009 1.5000000000000002 1.0005000000000002 9.5000000000000018 0.35080000000000006 61.000000000000007 1.0000000180025095e-35 6.5000000000000009 11.000000000000002 0.099600000000000008
decision_type=2 2 2 2 2 2 2 2 2 2 2 2 2 2
left_child=1 -1 3 10 5 6 7 -5 -6 -10 -3 -12 -8 -11
right_child=-2 2 -4 4 8 -7 12 -9 9 13 11 -13 -14 -15
leaf_value=-0.040026131397595394 -0.040427353071452704 -0.046926146104688343 0.045061535246645558 0.041015007940399355 -0.033548721688552739 -0.021088587571133965 -0.020243249764433723 -0.0062981656688402199 -0.019147894115517837 -0.00096015997591915791 0.026604577168841667 -0.030692631684100781 0.021577899753681289 0.043553622838974855
leaf_weight=2.8862447263672939 3.3106789020821443 4.0338985137641412 4.7740847989916793 14.083633168600509 4.117961752228438 2.4077655579894772 3.8366628279909483 2.8740781974047414 4.8142861835658532 3.8778804801404476 2.2165729450061917 2.060014333575964 3.9231246551498771 2.8329612948000431
leaf_count=113 153 75 36 162 163 60 42 28 27 30 24 18 47 20
internal_value=0.00151845 0.00451977 0.00748525 0.00317536 0.00936602 0.0188696 0.0234306 0.033092 -0.00725686 0.00406578 -0.0262678 -0.00158139 0.000949899 0.0210426
internal_weight=62.0498 58.7392 55.8529 51.0788 42.7684 27.1253 24.7175 16.9577 15.6431 11.5251 8.31049 4.27659 7.75979 6.71084
internal_count=998 845 732 696 579 339 279 190 240 77 117 42 89 50
is_linear=0
shrinkage=0.05


Tree=68
num_leaves=15
num_cat=0
split_feature=14 36 13 15 19 47 33 47 14 14 14 37 32 47
split_gain=2.99954 2.57431 2.58968 4.16449 3.1622 3.67596 2.70492 2.26658 1.80063 1.635 3.36317 1.61178 1.70455 1.57771
threshold=0.64670000000000016 1.5000000000000002 0.51760000000000017 0.5022500000000002 4.5000000000000009 0.19695000000000004 6.5000000000000009 0.030550000000000025 0.35535000000000011 0.21800000000000003 0.25180000000000008 0.081150000000000014 15.500000000000002 0.32060000000000005
decision_type=2 2 2 2 2 2 2 2 2 2 2 2 2 2
left_child=1 2 3 4 -1 11 -4 -8 -3 -7 -11 12 -6 -12
right_child=-2 8 6 -5 5 9 7 -9 -10 10 13 -13 -14 -15
leaf_value=0.038295132655576734 -0.036648654480121189 0.04418864394996478 0.02531522325940333 0.050655339829865566 -0.030516348427255542 -0.032893178192590251 0.02261870499272061 -0.034732145655721046 -0.0097108917984440879 0.045197519370347258 0.017032779362194536 0.035472240541080023 0.016612603401291483 -0.030033826793745416
leaf_weight=3.6197445197030893 4.2529110154137006 4.6684059388935557 2.1546343257650724 3.5726396990939966 2.07880622521043 9.3541309749707597 1.3076116889715184 10.976724697276948 1.7025062441825864 1.7222584104165415 1.678252290934324 4.6422020308673382 4.0957009214907885 5.8061929633840919
leaf_count=79 163 58 43 37 14 146 9 199 19 16 11 39 39 131
internal_value=-0.000465486 0.00279818 -0.00117053 0.00593677 -0.000252511 -0.00610643 -0.0183899 -0.0273843 0.0304217 -0.0192394 -0.00350344 0.0161501 -0.0012964 -0.0187164
internal_weight=61.6327 57.3798 51.0089 36.5699 32.9973 29.3775 14.439 12.2843 6.37091 18.5608 9.2067 10.8167 6.17451 7.48445
internal_count=1003 840 763 512 475 396 251 208 77 304 158 92 53 142
is_linear=0
shrinkage=0.05


Tree=69
num_leaves=15
num_cat=2
split_feature=12 39 20 52 22 14 28 13 39 57 28 0 0 28
split_gain=2.80584 2.8765 2.73964 2.66726 3.19721 2.47373 2.73286 1.80445 1.68561 1.33738 1.33201 1.20339 1.70987 1.16937
threshold=0.50180000000000013 1.1460000000000001 3.5000000000000004 0 0.81100000000000005 0.21680000000000002 0.78175000000000006 0.55375000000000008 1.0570000000000002 1 0.61310000000000009 0.74185000000000012 0.61925000000000008 0.65480000000000016
decision_type=2 2 2 1 2 2 2 2 2 1 2 2 2 2
left_child=1 2 3 5 10 6 11 -4 -7 -6 -5 12 -1 -3
right_child=-2 13 7 4 9 8 -8 -9 -10 -11 -12 -13 -14 -15
leaf_value=0.013442864074993245 -0.039961373696635848 0.038624368308613433 -0.035662642477830263 0.026873871743987972 0.015540891649341552 0.034945287329037372 -0.038090434218223779 0.013985611770249876 -0.0055149002226981833 -0.047367558803901366 -0.024387185667091027 0.028568146541865447 -0.024892179005978371 -0.005350931605054423
leaf_weight=6.5095707066357189 3.2010503951460114 5.7803126396611324 7.2949488190934044 3.3001336213201267 0.49616020359099444 10.36726184748113 3.0869660265743724 1.7610115967690942 3.0078712962567797 5.0506282439455337 0.91128853242844332 3.8405150063335887 3.7517450153827667 1.6588287996128199
leaf_count=60 156 69 95 67 19 95 27 24 23 217 53 33 23 30
internal_value=-0.000514932 0.00236019 -0.00220728 0.00353338 -0.0180701 0.0107847 -0.00190892 -0.0255774 0.0260957 -0.0402261 0.0132306 0.00800919 -0.001539 0.0293464
internal_weight=60.0183 56.8172 49.3781 40.3221 9.75821 30.5639 17.1888 9.05596 13.3751 5.54679 4.21142 14.1018 10.2613 7.43914
internal_count=991 835 736 617 356 261 143 119 118 236 120 116 83 99
cat_boundaries=0 1 2
cat_threshold=4 1
is_linear=0
shrinkage=0.05


Tree=70
num_leaves=15
num_cat=0
split_feature=23 39 15 36 14 23 47 29 45 14 39 28 0 14
split_gain=2.5974 2.69226 3.78393 2.95018 2.7884 2.52628 2.22234 2.09177 2.05763 1.77816 1.6047 1.47941 2.04032 1.71604
threshold=0.085150000000000017 1.1765000000000001 0.28785000000000005 1.5000000000000002 0.21800000000000003 0.20940000000000003 0.41610000000000003 15.500000000000002 3.5000000000000004 0.26210000000000006 1.054 0.78175000000000006 0.70485000000000009 0.16630000000000003
decision_type=2 2 2 2 2 2 2 2 2 2 2 2 2 2
left_child=-1 2 7 4 11 6 -6 -2 10 -8 -7 12 13 -4
right_child=1 -3 3 -5 5 8 9 -9 -10 -11 -12 -13 -14 -15
leaf_value=-0.040523105475861299 -0.039027980219342152 0.032499962142444327 -0.00171736436321846 0.039252793153465242 0.039567988472268452 0.0016514166051391729 0.027428428143699425 0.020540836815792655 0.030151623192017887 -0.027474743647108398 -0.046851868003734767 -0.041384864042417702 0.022459525136339756 -0.037783694790797705
leaf_weight=3.0212110169231883 7.8828480020165426 5.0924261966720215 8.4896487500518614 4.1692064851522437 7.9258224554359931 3.1699574077501884 1.6233310503885148 1.116548311896622 1.476794224232435 2.3943938072770834 2.5324734626337886 2.9866955736652008 3.6226907968521109 4.5007720263674846
leaf_count=117 169 70 130 54 58 50 30 10 26 101 28 37 30 91
internal_value=-0.00168208 0.00104058 -0.00260283 0.00377148 -0.000940744 0.012321 0.0256398 -0.0303222 -0.0102623 -0.0042462 -0.0236655 -0.0138497 -0.00683089 -0.0160207
internal_weight=60.0048 56.9836 51.8912 42.8918 38.7226 19.1228 11.9435 8.9994 7.17923 4.01772 5.70243 19.5998 16.6131 12.9904
internal_count=1001 884 814 635 581 293 189 179 104 131 78 288 251 221
is_linear=0
shrinkage=0.05


Tree=71
num_leaves=15
num_cat=0
split_feature=36 28 30 39 23 33 22 39 23 47 15 15 39 12
split_gain=2.47555 3.02029 2.31714 2.08382 1.87734 1.6798 1.67304 1.96737 1.47468 2.02279 1.96099 2.16038 1.35915 1.33981
threshold=1.0000000180025095e-35 0.34520000000000001 10.500000000000002 0.94450000000000001 0.23660000000000003 5.5000000000000009 0.90695000000000014 1.2325000000000002 0.25545000000000007 0.033600000000000026 0.63690000000000013 0.32070000000000004 1.0570000000000002 0.085100000000000023
decision_type=2 2 2 2 2 2 2 2 2 2 2 2 2 2
left_child=1 2 3 -1 12 -2 7 -3 9 -7 11 -11 -5 -13
right_child=5 6 -4 4 -6 8 -8 -9 -10 10 -12 13 -14 -15
leaf_value=-0.02243502933029699 0.029827602095109748 -0.044964685691999462 -0.031048011552187262 0.026206100761184251 0.048775163231634805 0.039093099693784494 0.0097990877929130804 0.011261807071070967 -0.016113474356321985 -0.021327914490219049 -0.023787209015850588 0.0020363295567345776 -0.024263037038170693 0.035511204584826775
leaf_weight=1.8109745550900713 5.8850247459486118 8.8012470193207246 2.3380246395245186 1.5685671214014294 3.8070693491026759 3.4181216154247585 1.8851412078365672 1.4326594555750478 7.1401924341917029 3.2009990671649602 4.6608367040753356 5.5733546260744316 1.7754435697570441 5.7851833868771791
leaf_count=48 63 340 67 42 43 37 44 61 51 40 30 52 34 48
internal_value=-0.000670937 -0.0129943 0.00550677 0.0172025 0.0287615 0.00755506 -0.0293499 -0.0367916 0.00232735 0.00857921 0.00148768 0.0105875 -6.57488e-06 0.0205797
internal_weight=59.0828 23.4191 11.3001 8.96205 7.15108 35.6637 12.119 10.2339 29.7787 22.6385 19.2204 14.5595 3.34401 11.3585
internal_count=1000 679 234 167 119 321 445 401 258 207 170 140 76 100
is_linear=0
shrinkage=0.05


Tree=72
num_leaves=15
num_cat=0
split_feature=12 23 47 45 33 15 46 35 38 23 33 15 14 33
split_gain=2.63103 2.83099 2.28197 2.37633 4.8384 1.9071 2.4678 2.40035 2.13549 1.68807 2.63783 1.29356 2.28018 1.14472
threshold=0.50545000000000007 0.085150000000000017 0.38125000000000009 1.5000000000000002 12.500000000000002 0.53600000000000014 19.500000000000004 5.5000000000000009 53.500000000000007 0.25545000000000007 7.5000000000000009 0.27205000000000007 0.21680000000000002 11.000000000000002
decision_type=2 2 2 2 2 2 2 2 2 2 2 2 2 2
left_child=1 -1 3 9 -5 6 7 -4 -8 11 -11 -3 13 -13
right_child=-2 2 5 4 -6 -7 8 -9 -10 10 -12 12 -14 -15
leaf_value=-0.039275200039135733 -0.038983749701750538 -0.0054549935612233057 0.012429950885430386 -0.037081569687609284 0.036558742821824322 -0.031278345468065231 0.044275096116261153 -0.036155068136306645 -0.015001477344931725 0.02562488286840969 -0.026379427940274338 0.024534358531814078 0.050164800014259305 -0.010670231901889655
leaf_weight=2.6492786658927789 2.90956728439778 2.1907662618905368 4.0966303227469343 4.8766188565641633 2.6379419974982738 4.9092698320746413 3.6914241937920442 4.3722770698368549 1.6467593125998972 4.1076889252290121 3.6668867170810699 5.1981247998774069 8.3537069521844369 2.9538137968629599
leaf_count=102 152 20 78 42 25 169 27 117 59 31 26 41 75 29
internal_value=0.000693789 0.00343425 0.00627259 0.0138503 -0.00997299 -0.00749167 0.00250716 -0.0138225 0.0265073 0.02073 0.000885983 0.0285179 0.0330811 0.0120061
internal_weight=58.2608 55.3512 52.7019 33.9855 7.51456 18.7164 13.8071 8.46891 5.33818 26.471 7.77458 18.6964 16.5056 8.15194
internal_count=993 841 739 289 67 450 281 195 86 222 57 165 145 70
is_linear=0
shrinkage=0.05


Tree=73
num_leaves=15
num_cat=0
split_feature=12 23 39 15 35 42 28 13 27 36 33 12 28 47
split_gain=2.88146 2.62394 2.30164 3.8623 2.01145 1.94895 1.73563 2.12615 3.12283 2.41323 1.52214 1.2931 1.25762 1.48397
threshold=0.50545000000000007 0.085150000000000017 1.1890000000000003 0.28880000000000006 5.5000000000000009 1.0000000180025095e-35 0.21825000000000003 0.50865000000000016 10.500000000000002 1.0000000180025095e-35 8.5000000000000018 0.063400000000000012 0.42265000000000003 0.24505000000000002
decision_type=2 2 2 2 2 2 2 2 2 2 2 2 2 2
left_child=1 -1 3 5 -5 -3 11 8 -8 -10 -11 -6 -9 -14
right_child=-2 2 -4 4 6 -7 7 12 9 10 -12 -13 13 -15
leaf_value=-0.037635862918074865 -0.03898568789522136 -0.045649846161122547 0.040736384476390997 0.031136166614505318 -0.0076010361008423781 0.0012704653468896337 0.038763668497675846 -0.039071277952763356 -0.034286093726695548 -0.012594446883994784 0.028804445813118196 0.039631853673242928 0.012810778147722699 -0.026523032163472106
leaf_weight=2.3901358675211659 2.9489910732954732 4.1267853565514079 3.8466249182820311 8.404183170758186 1.6184145705774415 3.8015557369217277 5.2164004696533111 3.2154313679784519 3.5319353193044645 3.182841781526804 4.0419568121433258 4.185564536601305 4.621807686984539 3.2174412766471505
leaf_count=110 162 82 29 123 24 37 61 38 93 27 37 52 35 92
internal_value=0.00235838 0.00521132 0.00780425 0.00446694 0.0107022 -0.0255296 0.00470585 -0.000942049 0.0104953 -0.00534436 0.0112526 0.0272798 -0.0169678 -0.00450712
internal_weight=58.3501 55.4011 53.0109 49.1643 41.236 7.92834 32.8318 27.0278 15.9731 10.7567 7.2248 5.80398 11.0547 7.83925
internal_count=1002 840 730 701 582 119 459 383 218 157 64 76 165 127
is_linear=0
shrinkage=0.05


Tree=74
num_leaves=15
num_cat=0
split_feature=12 39 20 28 36 14 19 13 13 15 46 12 14 22
split_gain=2.26532 2.59126 2.95359 2.22171 2.17635 1.68217 2.68888 1.9973 1.50839 1.56199 2.0307 1.33515 1.74708 1.352
threshold=0.50545000000000007 1.1460000000000001 3.5000000000000004 0.23610000000000003 1.5000000000000002 0.21800000000000003 4.5000000000000009 0.28430000000000005 0.51145000000000007 0.41155000000000003 9.5000000000000018 0.035900000000000008 0.13950000000000004 0.95535000000000014
decision_type=2 2 2 2 2 2 2 2 2 2 2 2 2 2
left_child=1 2 4 -4 5 6 -1 -7 9 10 -9 12 -8 -13
right_child=-2 -3 3 -5 -6 7 11 8 -10 -11 -12 13 -14 -15
leaf_value=0.029972478648020436 -0.037907296071193475 0.028691668167868306 0.018944553569913196 -0.03958977075898068 0.03423693169004529 -0.02838071635691708 -0.018217003919895947 0.033401878289763237 -0.002393720870625015 0.051003058106677351 -0.025387177829217195 -0.035441546867416324 0.026716956860169651 0.0037916976298271407
leaf_weight=2.7355246003717211 2.6914691980928174 7.0941647412255397 1.423646293580531 6.4229204533621669 4.1510017123073331 1.7077381731942285 4.1421237904578474 2.1107359984889613 4.9244285095483065 3.8068470833823085 1.8203690852969883 8.5393111957237107 2.7349364468827844 2.618151754140853
leaf_count=30 154 103 15 100 58 45 36 23 94 44 42 207 21 19
internal_value=1.45581e-05 0.00254883 -0.00189993 -0.0280286 0.00388419 -0.000549413 -0.00947605 0.0121299 0.0192708 0.0317542 0.00655091 -0.01672 0.00077593 -0.0266806
internal_weight=56.9234 54.2319 47.1377 7.84657 39.2912 35.1402 20.77 14.3701 12.6624 7.73795 3.93111 18.0345 6.87706 11.1575
internal_count=991 837 734 115 619 561 313 248 203 109 65 283 57 226
is_linear=0
shrinkage=0.05


Tree=75
num_leaves=15
num_cat=0
split_feature=0 37 23 45 13 28 0 19 0 32 20 20 13 45
split_gain=1.99099 2.93301 2.5764 2.11426 2.49419 1.98242 1.78823 1.75166 1.67746 2.01425 1.62065 1.89992 1.65889 1.40034
threshold=0.7904500000000001 0.10795 0.20940000000000003 10.500000000000002 0.41265000000000002 0.26785000000000009 0.37910000000000005 11.500000000000002 0.43675000000000003 20.000000000000004 1.5000000000000002 3.5000000000000004 0.4048500000000001 1.0000000180025095e-35
decision_type=2 2 2 2 2 2 2 2 2 2 2 2 2 2
left_child=1 3 13 6 -5 -4 -1 -3 9 -8 -10 12 -12 -2
right_child=2 7 5 4 -6 -7 8 -9 10 -11 11 -13 -14 -15
leaf_value=-0.034660252375380361 0.045394705882535767 0.040323254186969477 0.021379181696897204 0.037211309493132776 -0.021661754823069368 -0.031713880214001448 -0.019151861014917504 -0.0016834190852142196 -0.032205983428476727 0.043925242488806332 -0.0088357752842138596 -0.028782474878854145 0.036179224015970728 -0.0038965646460937865
leaf_weight=10.199502468574794 4.9514262098819 3.5254779718816263 2.1641836846247315 3.2338480111211529 2.2656539315357804 3.1155058303847909 1.4316766867414146 5.3263193741440773 7.0230214530602124 1.9895156286656854 3.626415064558385 3.1284843115136027 2.9301994554698467 1.7045795591548083
leaf_count=445 58 28 16 42 45 33 36 55 97 24 40 38 19 26
internal_value=-0.00215122 -0.00702051 0.0152101 -0.0133737 0.013356 -0.0100118 -0.0184922 0.0174417 -0.00904713 0.0191677 -0.0155806 -0.00163914 0.0134073 0.0339112
internal_weight=56.6158 44.6801 11.9357 35.8283 5.4995 5.27969 30.3288 8.8518 20.1293 3.42119 16.7081 9.6851 6.55661 6.65601
internal_count=1002 869 133 786 87 49 699 83 254 60 194 97 59 84
is_linear=0
shrinkage=0.05


Tree=76
num_leaves=15
num_cat=0
split_feature=14 36 19 19 32 23 28 23 13 28 14 13 13 20
split_gain=2.3513 2.36337 1.88373 4.19028 3.04648 1.84862 2.30169 1.9477 1.89128 1.62711 1.5157 1.33797 2.04647 1.28257
threshold=0.64670000000000016 1.5000000000000002 4.5000000000000009 9.5000000000000018 22.500000000000004 0.21825000000000003 0.19050000000000003 0.085150000000000017 0.59630000000000016 0.19050000000000003 0.35535000000000011 0.44535000000000008 0.50865000000000016 2.5000000000000004
decision_type=2 2 2 2 2 2 2 2 2 2 2 2 2 2
left_child=1 2 4 -4 -1 7 -7 -5 9 -9 -3 -8 -13 -11
right_child=-2 10 3 5 -6 6 11 8 -10 13 -12 12 -14 -15
leaf_value=-0.028044773574717977 -0.034853881481589327 0.042090109589840205 -0.031479578847389958 -0.031050751583513572 0.043139045889575907 0.023926286415138203 -0.041715381354969577 -0.013717587425615374 -0.014092205833820461 0.041558979632757613 -0.0097519503299650558 0.03158367341017472 -0.030952251016341088 0.0085286125039799061
leaf_weight=1.3522554533556093 3.6879589194431892 4.3716792836785308 10.494368370622395 1.4219327908940673 3.9750207047909498 2.2981597967445833 4.1987793343141675 1.8734439620748187 3.2812249893322578 8.2397638284601253 1.4716079980134962 1.552356609143317 1.6841948721557853 5.2308117523789397
leaf_count=47 165 60 210 56 60 25 46 21 54 109 18 13 30 73
internal_value=-0.000941188 0.00210811 -0.00196193 -0.00581658 0.0234934 0.00395568 -0.0130829 0.012457 0.0171915 0.0243342 0.0295167 -0.0260023 -0.000582803 0.0302086
internal_weight=55.1336 51.4456 45.6023 40.275 5.32728 29.7807 9.73349 20.0472 18.6252 15.344 5.84329 7.43533 3.23655 13.4706
internal_count=987 822 744 637 107 427 114 313 257 203 78 89 43 182
is_linear=0
shrinkage=0.05


Tree=77
num_leaves=15
num_cat=0
split_feature=0 36 39 46 32 13 13 20 23 32 29 39 40 33
split_gain=2.76093 2.33503 2.38539 2.43201 2.13639 2.75408 1.76523 1.73802 1.85226 1.4959 1.28057 1.20173 2.03162 1.39148
threshold=0.73160000000000014 1.5000000000000002 0.99950000000000017 19.500000000000004 38.500000000000007 0.49415000000000003 0.51145000000000007 2.5000000000000004 0.18900000000000003 56.000000000000007 7.5000000000000009 1.0570000000000002 0.25850000000000006 5.5000000000000009
decision_type=2 2 2 2 2 2 2 2 2 2 2 2 2 2
left_child=1 2 -1 4 5 11 -5 9 -9 -2 -7 13 -13 -4
right_child=7 -3 3 6 -6 10 -8 8 -10 -11 -12 12 -14 -15
leaf_value=-0.028040947050376259 0.038285120190536648 0.027875428896276866 0.02619957923579791 0.038815354465590021 -0.036807241694748583 0.040754069873176875 -0.016236481786136844 0.023789342174821183 -0.027636962820407063 -0.0095437627253812125 -0.0076672557850304933 -0.04918990935092387 0.013811355174349033 -0.018812857910714256
leaf_weight=11.63075989903882 7.8423658972606045 3.5011841561645261 2.1630060179159099 4.2703320211730889 4.3939291397109619 3.4726615771651259 1.3712311536073682 2.2471022875979534 2.8343449393287301 1.5790815483778713 1.5663969144225118 3.1839125282131135 1.3194226436316965 2.7638324536383152
leaf_count=294 105 41 34 60 103 57 48 22 31 15 20 99 10 59
internal_value=0.000451806 -0.00640508 -0.0103877 -0.00123802 -0.00995031 5.75991e-05 0.0250046 0.0183962 -0.00472309 0.0301222 0.026925 -0.0155041 -0.0315757 0.00203498
internal_weight=54.1396 39.6367 36.1355 24.5047 18.8632 14.4692 5.64156 14.5029 5.08145 9.42145 5.03906 9.43017 4.50334 4.92684
internal_count=998 825 784 490 382 279 108 173 53 120 77 202 109 93
is_linear=0
shrinkage=0.05


Tree=78
num_leaves=15
num_cat=0
split_feature=39 20 19 19 39 47 13 13 33 28 45 12 32 28
split_gain=2.28728 2.98171 2.8714 2.85078 2.07307 1.96445 1.76809 2.36422 1.88364 1.26041 1.06917 1.02988 0.875732 0.869869
threshold=1.1460000000000001 3.5000000000000004 9.5000000000000018 4.5000000000000009 1.5130000000000001 0.067600000000000007 0.63005000000000011 0.40260000000000001 4.5000000000000009 0.30950000000000005 7.5000000000000009 0.035900000000000008 38.500000000000007 0.23610000000000003
decision_type=2 2 2 2 2 2 2 2 2 2 2 2 2 2
left_child=1 2 3 9 -2 -5 7 8 -4 -1 -9 -10 -8 -3
right_child=4 13 6 5 -6 -7 12 10 11 -11 -12 -13 -14 -15
leaf_value=0.041475838464900223 0.032890734821802312 0.0039418795342239981 0.027162175552261882 0.020051138059394805 -0.026402039482007856 -0.035547149548930623 0.010352681731605163 0.038476870616347386 0.013166347507089733 -0.0072273380040081166 -0.0045284973518007294 -0.026718702065423417 -0.030171302971572847 -0.038664344776856159
leaf_weight=1.6370599856600159 6.5482660746201864 1.2240224359557021 2.7982744704932028 1.1997523000463832 1.038191429339349 9.8410719884559494 1.4962593209929753 8.9417760442011041 1.5602777060121296 2.1766966991126537 1.4608312887139607 4.6875813812948763 2.5443978831171989 6.3343224050477147
leaf_count=23 74 17 39 15 69 251 32 120 13 35 28 114 46 105
internal_value=-0.00110111 -0.00542519 0.000517388 -0.016074 0.0226468 -0.0283421 0.0112376 0.017424 -0.00150166 0.0179517 0.0325701 -0.0163159 -0.0160884 -0.0321102
internal_weight=53.4888 45.9023 38.344 14.8546 7.58646 11.0408 23.4894 19.4487 9.04613 3.81376 10.4026 6.24786 4.04066 7.55834
internal_count=981 838 716 324 143 266 392 314 166 58 148 127 78 122
is_linear=0
shrinkage=0.05


Tree=79
num_leaves=15
num_cat=1
split_feature=14 39 21 22 45 12 33 0 57 45 20 12 23 13
split_gain=2.19 2.74909 2.03392 1.80168 2.82139 1.97194 1.87656 1.94175 1.5849 2.1033 1.5635 1.75195 1.51625 1.43705
threshold=0.64670000000000016 1.1890000000000003 0.10895000000000002 0.75305000000000011 1.5000000000000002 0.073100000000000012 5.5000000000000009 0.48300000000000004 0 10.500000000000002 3.5000000000000004 0.28070000000000006 0.12770000000000001 0.41265000000000002
decision_type=2 2 2 2 2 2 2 2 1 2 2 2 2 2
left_child=1 2 3 5 6 -1 -5 -8 -6 -10 11 -9 -3 -11
right_child=-2 12 -4 4 8 -7 7 10 9 13 -12 -13 -14 -15
leaf_value=0.053588865797694722 -0.033502511267948079 -0.0082924441024859602 -0.038928408240099951 0.032283619502683526 0.027125033439403985 -0.0048689955695031331 -0.031992133652641842 0.0051551804966011461 -0.035927061012965382 0.02952317928909708 -0.02211241842747122 0.046341742396821817 0.053513250336688051 -0.020959924481600486
leaf_weight=2.3154417667537919 3.3852048884145907 1.0104750981554382 2.2008831808343521 5.203714243136349 0.87100233230739654 2.2833698121830821 2.7542229574173716 13.583095293492081 9.0503673139028233 1.9838764369487756 2.8332112189382306 2.2882207110524169 2.869499035179615 1.7229943275451658
leaf_count=19 166 51 50 87 22 57 80 116 220 26 20 20 23 39
internal_value=0.000437594 0.003293 -0.000400477 0.00229565 -0.00136442 0.0288783 0.00806044 0.00101044 -0.0190938 -0.0239918 0.007247 0.013488 0.0390161 0.00659032
internal_weight=54.3556 50.9704 47.0904 44.8895 40.2907 4.59881 26.6625 21.4588 13.6282 12.7572 18.7045 15.8713 3.87997 3.70687
internal_count=996 830 756 706 630 76 323 236 307 285 156 136 74 65
cat_boundaries=0 1
cat_threshold=1
is_linear=0
shrinkage=0.05


Tree=80
num_leaves=15
num_cat=0
split_feature=48 23 14 36 39 42 33 23 19 33 23 14 0 13
split_gain=2.44021 2.21011 2.24015 1.7496 1.57042 1.66129 2.97968 2.96172 2.70401 1.78605 1.73018 3.90738 1.5166 1.45604
threshold=1.5000000000000002 0.085150000000000017 0.59120000000000006 1.5000000000000002 1.2325000000000002 1.0000000180025095e-35 6.5000000000000009 0.21825000000000003 15.500000000000002 7.5000000000000009 0.36035 0.16120000000000004 0.82410000000000017 0.28430000000000005
decision_type=2 2 2 2 2 2 2 2 2 2 2 2 2 2
left_child=1 -1 3 4 5 8 -7 -8 10 -9 11 -3 -2 -13
right_child=12 2 -4 -5 -6 6 7 9 -10 -11 -12 13 -14 -15
leaf_value=-0.037325147176071202 -0.045478434267792536 -0.042131686309030775 -0.025201669799883464 0.038764846451036956 0.039339620435873322 0.043284071962209521 0.019994837970966257 0.0048086319075874885 -0.037540520145956699 -0.044587239584149008 0.03048254987174151 -0.024328241569188881 0.014589173759143148 0.027483542264851786
leaf_weight=2.2849355889484277 3.4922580155543974 3.6636290838941949 4.4539020117372266 3.427076516672968 2.1179333813488475 4.5769397430121925 7.4088970664888603 2.9122597575187683 4.6027801982127121 3.2340539991855621 3.269927871413528 0.91213496588170517 0.84625491499900807 5.0357111003249884
leaf_count=102 132 70 181 55 18 36 60 20 93 34 51 17 9 106
internal_value=-0.00114374 0.00238188 0.0051289 0.00893075 0.00529035 0.00224652 0.0125211 -0.000126252 -0.00850975 -0.0237846 0.00382062 -0.00726786 -0.0332238 0.01718
internal_weight=52.2387 47.9002 45.6152 41.1613 37.7343 35.6163 18.1322 13.5552 17.4842 6.14631 12.8814 9.61148 4.33851 5.94785
internal_count=984 843 741 560 505 487 150 114 337 54 244 193 141 123
is_linear=0
shrinkage=0.05


Tree=81
num_leaves=15
num_cat=0
split_feature=23 12 39 13 0 13 29 28 36 22 39 13 14 0
split_gain=2.22407 2.29502 2.74725 3.57104 1.6482 2.09939 1.86108 2.86596 2.30187 2.31361 1.83041 1.80428 1.3123 1.255
threshold=0.085150000000000017 0.50545000000000007 1.1890000000000003 0.26005000000000006 0.70020000000000004 0.48490000000000005 12.500000000000002 0.34520000000000001 1.0000000180025095e-35 0.90695000000000014 0.99950000000000017 0.51930000000000009 0.21560000000000004 0.36415000000000003
decision_type=2 2 2 2 2 2 2 2 2 2 2 2 2 2
left_child=-1 2 3 12 6 -6 7 10 9 -9 13 -10 -2 -5
right_child=1 -3 -4 4 5 -7 -8 8 11 -11 -12 -13 -14 -15
leaf_value=-0.037418785377491097 0.0055254348014557187 -0.036109021387886402 0.044855402340772656 -0.031105997579067797 0.04474328370238298 0.0036213809708872226 -0.030635749371438578 -0.0395909167733468 0.024998184241167468 0.019887985940812931 0.039741657691607396 -0.01657054810614262 -0.041856312307190668 0.020207303283381321
leaf_weight=2.3649180601350954 1.7184015712700773 2.2905202801339319 3.3980785254389039 1.3105318387970384 5.2127159759402257 6.588677741587162 2.8025603583082548 5.4857170791365233 5.9544312451034767 1.4989526383578775 6.7314664134755731 3.314976803958416 4.3454023031517863 1.5010343939065931
leaf_count=115 21 146 29 41 64 50 52 229 51 27 73 26 73 11
internal_value=0.00205327 0.00451345 0.00705274 0.00340137 0.00894093 0.0238614 0.00218601 0.0067619 -0.00606985 -0.0259342 0.0271202 0.00996617 -0.0295476 -0.00559671
internal_weight=54.5184 52.1535 49.8629 46.4649 40.4011 11.8014 28.5997 25.7971 16.2541 6.98467 9.54303 9.26941 6.0638 2.81157
internal_count=1008 893 747 718 624 114 510 458 333 256 125 77 94 52
is_linear=0
shrinkage=0.05


Tree=82
num_leaves=15
num_cat=1
split_feature=52 23 14 20 47 27 46 19 29 39 22 28 19 33
split_gain=2.17338 2.19807 2.17724 1.335 1.15828 1.38067 3.23032 1.63813 1.27453 1.77362 1.11137 1.0956 1.25221 1.44493
threshold=0 0.23025000000000004 0.2949500000000001 6.5000000000000009 0.030550000000000025 13.000000000000002 15.500000000000002 19.500000000000004 10.500000000000002 1.0005000000000002 0.81100000000000005 0.56350000000000011 9.5000000000000018 11.000000000000002
decision_type=1 2 2 2 2 2 2 2 2 2 2 2 2 2
left_child=3 -2 10 4 -1 7 11 8 9 -6 -3 -7 -13 -14
right_child=1 2 -4 -5 5 6 -8 -9 -10 -11 -12 12 13 -15
leaf_value=0.028095877898559662 -0.038557634513418662 0.03090669406542634 -0.033515901655764138 -0.02724861769757897 0.039770558650951027 0.031223437413934865 -0.036718315660958567 -0.03107153205884633 -0.018323478571382744 -0.0075824794194129935 -0.015894395051191192 -0.015752367823570278 0.037099760334797602 -0.0077721378554122533
leaf_weight=5.0757617205381385 5.432176308706401 3.7105962787754834 1.88794585224241 1.9199884487316001 2.856612519361077 8.7672955915331894 2.0168387359008184 3.9879962354898444 3.2382056899368763 3.5153061244636774 1.0323644587770102 3.2533365320414287 3.2605866603553295 2.5961688812822104
leaf_count=59 351 67 133 27 20 79 43 34 32 36 28 34 30 27
internal_value=6.41148e-05 -0.0177229 0.00216143 0.00566305 0.0079487 0.00416936 0.012315 -0.00777504 0.00390983 0.0161617 0.019726 0.0194987 0.00624294 0.0189764
internal_weight=52.5512 12.0631 6.63091 40.4881 38.5681 33.4923 19.8942 13.5981 9.61012 6.37192 4.74296 17.8774 9.11009 5.85676
internal_count=1000 579 228 421 394 335 213 122 88 56 95 170 91 57
cat_boundaries=0 1
cat_threshold=4
is_linear=0
shrinkage=0.05


Tree=83
num_leaves=15
num_cat=0
split_feature=23 12 12 14 36 19 19 47 35 45 23 12 0 13
split_gain=1.79112 1.92776 1.6301 2.4498 2.10126 1.74329 2.16784 2.41353 1.88354 1.53706 1.33368 1.72662 1.51068 1.32925
threshold=0.085150000000000017 0.50545000000000007 0.35650000000000009 0.41580000000000006 1.5000000000000002 4.5000000000000009 13.500000000000002 0.22140000000000001 6.5000000000000009 5.5000000000000009 0.12250000000000001 0.03475000000000001 0.58095000000000019 0.26005000000000006
decision_type=2 2 2 2 2 2 2 2 2 2 2 2 2 2
left_child=-1 2 3 4 5 -2 10 13 -9 -10 12 -12 -7 -8
right_child=1 -3 -4 -5 -6 6 7 8 9 -11 11 -13 -14 -15
leaf_value=-0.036432755037271614 0.027293061142716232 -0.035603912606701607 0.03185201544395868 -0.033027492572585131 0.036240056322919038 0.030059755607797452 -0.0041141609447242142 0.020323860341048616 -0.03989941198770771 0.01552811677093424 0.0052102543995428685 -0.03269032386115469 -0.018424200566061224 0.040267497259300886
leaf_weight=2.1725347274914375 4.513207239098846 2.1677066222764543 3.9592262585647395 3.6155659556388846 3.870411178097128 2.3623252008110311 2.0545316748321039 2.5827481173910201 3.5717724091373384 1.1084005832672117 3.8801941927522412 9.3889502780511958 2.157618585973978 5.4170208908617496
leaf_count=114 45 143 67 54 58 48 15 29 79 22 35 211 16 59
internal_value=3.35805e-05 0.00227284 0.00465168 0.0015863 0.00536074 0.00126587 -0.00305226 0.0107391 -0.00930134 -0.0263498 -0.0144391 -0.0220189 0.00777075 0.0290184
internal_weight=52.8222 50.6497 48.482 44.5227 40.9072 37.0368 32.5236 14.7345 7.26292 4.68017 17.7891 13.2691 4.51994 7.47155
internal_count=995 881 738 671 617 559 514 204 130 101 310 246 64 74
is_linear=0
shrinkage=0.05


Tree=84
num_leaves=15
num_cat=0
split_feature=23 12 39 21 12 21 15 15 46 19 29 39 30 0
split_gain=1.93574 2.04456 1.52052 2.52047 1.60934 1.58301 1.54833 2.41734 1.92477 2.06431 1.51287 1.56918 1.07086 0.997272
threshold=0.085150000000000017 0.50545000000000007 1.1890000000000003 0.10895000000000002 0.35650000000000009 0.046750000000000007 0.31355000000000005 0.47030000000000005 11.500000000000002 10.500000000000002 12.500000000000002 1.0570000000000002 7.5000000000000009 0.41975000000000007
decision_type=2 2 2 2 2 2 2 2 2 2 2 2 2 2
left_child=-1 2 3 4 5 6 13 10 9 12 11 -8 -9 -2
right_child=1 -3 -4 -5 -6 -7 7 8 -10 -11 -12 -13 -14 -15
leaf_value=-0.036609241325322457 0.0076789444735401811 -0.035564915025766843 0.033891387183355173 -0.038929027381920611 0.036273324828347747 0.043701162791648235 0.03606472242674795 0.0050163297138981662 -0.028359523865121014 0.025202695935399529 -0.015341624305795718 -0.004949294146795285 -0.035429958318163528 -0.030270379506747647
leaf_weight=2.2205838700756422 1.9857842191122461 2.1746451435610643 3.4189816731959572 2.3360370658338061 3.0443872828036538 1.2471824591048051 8.9521791343577224 2.8620851556770521 5.735537859145551 5.3073626207187772 1.8818085440434504 2.7568217031657687 2.2526478040963411 4.7573932008817792
leaf_count=120 53 150 28 54 52 11 131 36 175 57 24 37 15 53
internal_value=0.00097895 0.00339436 0.00592469 0.00298926 0.00626454 0.00296987 0.000449294 0.00547005 -0.00745568 0.00552393 0.0202948 0.0267786 -0.0156781 -0.0195463
internal_weight=50.9334 48.7129 46.5382 43.1192 40.7832 37.7388 36.4916 29.7484 16.1576 10.4221 13.5908 11.709 5.11473 6.74318
internal_count=996 876 726 698 644 592 581 475 283 108 192 168 51 106
is_linear=0
shrinkage=0.05


Tree=85
num_leaves=15
num_cat=0
split_feature=23 12 39 15 42 0 30 23 13 33 33 23 0 28
split_gain=1.91301 1.99743 1.86515 1.95795 2.35886 1.61818 1.98149 1.75 2.18884 1.62665 1.41211 1.3203 1.26501 1.25685
threshold=0.085150000000000017 0.50545000000000007 1.1765000000000001 0.29880000000000001 1.0000000180025095e-35 0.32740000000000008 7.5000000000000009 0.19200000000000003 0.5273500000000001 11.000000000000002 6.5000000000000009 0.20345000000000005 0.67555000000000021 0.76390000000000013
decision_type=2 2 2 2 2 2 2 2 2 2 2 2 2 2
left_child=-1 2 3 4 -2 7 9 -5 -9 13 -6 12 -8 -7
right_child=1 -3 -4 5 10 6 11 8 -10 -11 -12 -13 -14 -15
leaf_value=-0.035538062557809343 -0.039519807511691422 -0.034494550200867134 0.039340134695062506 -0.033487321247390102 0.028614199398494963 0.043090940517161426 -0.010646306980307012 0.02715637997122719 -0.031548882173552367 -0.0069415988384621055 -0.019526728801358664 -0.022987461553164491 0.027241386270104542 0.0064037086888045144
leaf_weight=2.0427403314970425 4.0129894837737066 1.9863991928286839 3.277732588350772 3.0621410971507412 2.5832576956599951 8.990772772580387 3.2117376923561078 3.859903157223016 1.4029833851382134 2.5986624788492909 1.7439069924876092 3.3693784940987825 3.9665792137384415 3.5597473932430139
leaf_count=118 93 143 28 188 31 75 32 65 64 28 20 32 43 32
internal_value=0.00301687 0.00536737 0.00780469 0.00451368 -0.0159697 0.00984762 0.01591 -0.00856451 0.00896806 0.0269197 0.00918923 -0.000864577 0.0110606 0.0339257
internal_weight=49.6689 47.6262 45.6398 42.3621 8.34015 34.0219 25.6969 8.32503 5.26289 15.1492 4.32716 10.5477 7.17832 12.5505
internal_count=992 874 731 703 144 559 242 317 129 135 51 107 75 107
is_linear=0
shrinkage=0.05


Tree=86
num_leaves=15
num_cat=0
split_feature=14 23 13 29 33 23 35 37 39 39 12 39 32 0
split_gain=2.29703 1.60227 1.39812 2.38687 2.04634 1.32612 1.3086 1.27221 1.30935 1.31876 2.52696 2.39064 1.0408 0.902826
threshold=0.59120000000000006 0.085150000000000017 0.51760000000000017 3.5000000000000004 6.5000000000000009 0.17915 13.500000000000002 0.10795 0.94450000000000001 1.0005000000000002 0.15040000000000003 1.1175000000000004 38.500000000000007 0.41975000000000007
decision_type=2 2 2 2 2 2 2 2 2 2 2 2 2 2
left_child=1 -1 3 5 13 -3 12 8 -5 10 -10 -11 -6 -4
right_child=-2 2 4 7 6 -7 -8 -9 9 11 -12 -13 -14 -15
leaf_value=-0.032552057556084153 -0.029076840226121309 0.015303004665581613 -0.0020297170477366769 -0.0068448809042348921 -0.0031497647060749439 -0.032521915541308767 0.018134080753587082 0.038993583282887954 0.051808911972712646 -0.021289403520535967 -0.0085722591735216871 0.027634590961211083 -0.0365731452432961 0.048177656404123567
leaf_weight=1.6330787893384684 4.3145738509483627 1.5006631552241767 1.3903264175169163 5.8301033158786657 4.2536341580562276 3.1294570383615792 1.6460585491731752 5.5090912841260424 4.7644829195924094 3.7546842508017999 2.1158694005571306 4.3003350552171469 4.7635890361852944 1.1749641150236128
leaf_count=99 206 31 44 111 55 55 50 66 52 53 48 39 81 8
internal_value=0.00212515 0.00562553 0.00772817 0.0134219 -0.00558197 -0.0170565 -0.0153779 0.0192213 0.0124251 0.0199048 0.0345088 0.00499703 -0.0226949 0.0280294
internal_weight=50.0809 45.7663 44.1333 30.9047 13.2286 4.63012 10.6633 26.2746 20.7655 14.9354 6.88035 8.05502 9.01722 2.56529
internal_count=998 792 693 455 238 86 186 369 303 192 100 92 136 52
is_linear=0
shrinkage=0.05


Tree=87
num_leaves=15
num_cat=0
split_feature=19 39 32 19 47 33 22 45 29 32 14 28 13 14
split_gain=1.73505 2.10721 1.52774 1.49702 2.03698 1.64497 1.74182 1.95706 1.87835 1.6904 1.16863 1.10305 0.957671 1.39616
threshold=4.5000000000000009 0.92000000000000015 22.500000000000004 8.5000000000000018 0.24505000000000002 5.5000000000000009 0.9215500000000002 3.5000000000000004 2.5000000000000004 56.000000000000007 0.55130000000000001 0.23610000000000003 0.50865000000000016 0.32120000000000004
decision_type=2 2 2 2 2 2 2 2 2 2 2 2 2 2
left_child=2 -2 -1 4 -3 10 7 8 -7 -9 -5 -10 13 -13
right_child=1 3 -4 5 -6 6 -8 9 11 -11 -12 12 -14 -15
leaf_value=-0.017406819353027653 -0.03261566535563263 0.010609627588900165 0.037437657168311836 0.036847061454126438 -0.036954867532194673 0.028197091174705948 0.018975315661838878 -0.011350325400905692 0.0046349853136880654 0.036700890351094542 -0.0072944833181475769 -0.036134546303620951 -0.047400570046443012 0.0053086463897531648
leaf_weight=1.0293305786326516 4.2342960857786229 3.2703291033394626 4.1478671990334988 4.8829942625015965 4.3495373888872564 1.1838015606626928 7.5491921138018361 2.7384435539133838 2.6148593076504758 2.9408169388771057 1.6217202469706533 2.8316722461022419 3.8911154707893729 3.861020861659199
leaf_count=53 148 30 64 65 172 17 107 81 40 31 39 45 60 52
internal_value=0.000579213 -0.00270803 0.0254808 0.00101846 -0.0176783 0.00557897 -6.07366e-05 -0.0077848 -0.0173028 0.0153009 0.0263364 -0.0230822 -0.0297391 -0.0146438
internal_weight=51.147 45.9698 5.1772 41.7355 7.61987 34.1156 27.6109 20.0617 14.3825 5.67926 6.50471 13.1987 10.5838 6.69269
internal_count=1004 887 117 739 202 537 433 326 214 112 104 197 157 97
is_linear=0
shrinkage=0.05


Tree=88
num_leaves=15
num_cat=0
split_feature=23 12 14 20 28 47 47 45 30 23 12 30 13 13
split_gain=1.84376 1.82194 1.8565 2.04806 1.94316 2.00021 1.36855 2.09641 1.55566 1.36299 1.24676 1.81426 1.98868 0.785624
threshold=0.085150000000000017 0.50545000000000007 0.21680000000000002 7.5000000000000009 0.78175000000000006 0.18570000000000006 0.38125000000000009 3.5000000000000004 5.5000000000000009 0.13185000000000002 0.027900000000000005 4.5000000000000009 0.41600000000000009 0.65595000000000014
decision_type=2 2 2 2 2 2 2 2 2 2 2 2 2 2
left_child=-1 2 4 6 5 9 -4 -8 -9 -2 -7 12 -12 -13
right_child=1 -3 3 -5 -6 10 7 8 -10 -11 11 13 -14 -15
leaf_value=-0.035296749438673891 -0.0063046317990069004 -0.033756897223898491 0.029858125207810282 -0.025636884759858942 -0.033108043813437772 0.014678338071926878 -0.02150460735582449 -0.013935790466365242 0.043014007622614987 0.041380529781786246 0.034742277611494482 -0.043466040369881373 -0.021770315334826776 0.00022931011336312565
leaf_weight=2.0073600336909285 1.8694543279707492 1.8737761564552773 14.271703693084424 1.745021863374858 3.3622001432813695 3.8249647915363303 3.5582897998392573 1.2074706670828166 2.608781985938549 3.6152210151776671 2.0836182292550784 3.757206944283098 2.1984851667657495 1.2991632414050398
leaf_count=116 20 145 147 29 49 26 118 42 38 42 31 97 54 29
internal_value=0.00277292 0.00508707 0.00738315 0.0168934 -0.00301873 0.00381523 0.0213027 0.00315732 0.0258428 0.0266612 -0.0069141 -0.0163225 0.00709942 -0.034055
internal_weight=49.2827 47.2754 45.4016 23.3913 22.0103 18.6481 21.6462 7.37454 3.81625 5.48468 13.1634 9.33847 4.2821 5.05637
internal_count=983 867 722 374 348 299 345 198 80 62 237 211 85 126
is_linear=0
shrinkage=0.05


Tree=89
num_leaves=15
num_cat=0
split_feature=19 0 23 36 35 14 12 15 21 14 47 23 32 22
split_gain=1.62921 2.00921 1.63233 1.73938 1.8536 1.61291 1.60613 2.19544 1.80895 1.59689 1.57717 1.33458 1.15802 0.981543
threshold=4.5000000000000009 0.32740000000000008 0.20940000000000003 1.5000000000000002 7.5000000000000009 0.11900000000000001 0.097200000000000022 0.27205000000000007 1.0000000180025095e-35 0.23190000000000002 0.89975000000000016 0.19200000000000003 14.500000000000002 0.73030000000000006
decision_type=2 2 2 2 2 2 2 2 2 2 2 2 2 2
left_child=13 10 5 4 12 -3 -7 -8 9 -9 -2 -12 -4 -1
right_child=1 2 3 -5 -6 6 7 8 -10 -11 11 -13 -14 -15
leaf_value=-0.0081609599100803901 -0.03890368226824531 -0.026980579713805686 -0.023916318325620061 0.026191100772779072 -0.038112395204030744 0.026482171562687302 -0.039500210077233297 -0.011214252716763053 -0.026593763133821044 0.033865264327798898 -0.029461758361047214 0.020841791600663205 0.016047166063041511 0.037000419660788507
leaf_weight=1.2165938019752491 4.8781515574082714 1.7271083765663231 1.8962016901932637 1.7024535192176689 5.0822823280468583 11.448096234351398 1.742680912837385 2.2385625848546606 1.6686165211722253 5.4789781095460057 1.1135834287852051 2.5182847445830703 3.8518233168870211 3.488731802906841
leaf_count=74 334 13 29 26 63 119 52 27 18 72 44 37 55 41
internal_value=0.00074033 -0.00237772 0.00283915 -0.0112644 -0.0188684 0.0102696 0.0141427 0.000312414 0.0107957 0.021003 -0.0228837 0.00238726 0.00127319 0.0259399
internal_weight=50.0521 45.3468 36.8368 12.5328 10.8303 24.304 22.5769 11.1288 9.38616 7.71754 8.51002 3.63187 5.74803 4.70533
internal_count=1004 889 474 173 147 301 288 169 117 99 415 81 84 115
is_linear=0
shrinkage=0.05


Tree=90
num_leaves=15
num_cat=1
split_feature=52 22 12 20 33 39 28 48 32 13 20 45 46 13
split_gain=2.08869 1.63968 1.76914 1.21684 1.22044 1.09281 1.27977 1.04648 1.49527 1.75269 1.4262 1.02285 0.988327 0.897593
threshold=0 0.75305000000000011 0.073100000000000012 3.5000000000000004 5.5000000000000009 1.0800000000000003 0.26785000000000009 1.5000000000000002 22.500000000000004 0.51930000000000009 1.5000000000000002 19.500000000000004 15.500000000000002 0.35575000000000007
decision_type=1 2 2 2 2 2 2 2 2 2 2 2 2 2
left_child=3 2 -2 4 -1 6 -5 8 10 12 -6 -4 -10 -12
right_child=1 -3 11 5 7 -7 -8 -9 9 -11 13 -13 -14 -15
leaf_value=0.02845803088700698 0.033636010122484558 -0.033579475409041853 -0.033902035358371767 0.010271317459769468 -0.032610706324492866 0.011629380125425247 -0.037126319655621069 -0.020091297236620707 0.039126724074767638 -0.0039591976976495183 -0.010781069628136596 0.018781335054529624 -0.0012295827689774385 0.024257957862913029
leaf_weight=5.4472639132291105 1.7589440867304782 6.5284685827791691 1.9531857469119134 1.5265363501384843 2.708477454259997 2.591448362916708 3.6901196083053946 2.964789784513413 6.3263645470142347 5.6079825721681109 2.938710237853229 0.58673640340566624 1.8380886455997822 2.5203802194446325
leaf_count=61 21 370 180 17 30 19 57 41 71 54 25 5 19 27
internal_value=-0.00107845 -0.0194735 0.00424277 0.00450487 0.00902081 -0.0120809 -0.0238353 0.00383499 0.00780306 0.0173976 -0.00850851 -0.0198643 0.0308984 0.00664702
internal_weight=48.9875 10.8273 4.29887 38.1602 30.3521 7.8081 5.21666 24.9048 21.94 13.7724 8.16757 2.53992 8.16445 5.45909
internal_count=997 576 206 421 328 93 74 267 226 144 82 185 90 52
cat_boundaries=0 1
cat_threshold=4
is_linear=0
shrinkage=0.05


Tree=91
num_leaves=15
num_cat=1
split_feature=52 45 45 45 47 0 0 23 23 14 32 23 19 41
split_gain=2.43579 1.42109 1.25557 2.56955 1.67632 1.54547 1.36738 2.26867 1.35956 1.76588 1.19711 1.00938 0.758585 0.615099
threshold=0 18.500000000000004 4.5000000000000009 1.5000000000000002 0.38125000000000009 0.55680000000000007 0.76440000000000008 0.21825000000000003 0.15300000000000002 0.20895000000000002 8.5000000000000018 0.13420000000000001 16.500000000000004 0.89900000000000013
decision_type=1 2 2 2 2 2 2 2 2 2 2 2 2 2
left_child=2 10 3 4 5 -1 8 -8 12 -10 -2 -6 -7 -12
right_child=1 -3 -4 -5 11 6 7 -9 9 -11 13 -13 -14 -15
leaf_value=0.035554530747254877 0.015803800225348868 0.01689133480799735 0.023012824520278776 -0.033967500015088935 0.0057756978627078112 -0.0037092498369265649 0.040079717018154513 -0.0069901519025206364 -0.019518344292602796 0.027337337254862062 -0.040336720457298414 -0.036532111837965058 -0.039997112985613183 0.0010250510735435709
leaf_weight=3.6630012216046515 0.69866237509995599 1.1916333138942707 5.1375090377405277 4.1988615505397311 1.9126977482810605 2.8547501936554927 4.1878745760768634 4.557380948215723 2.6174130216240883 3.6524986810982227 7.3678949321620149 2.632349107414484 2.4606767930090427 0.95233731390908349
leaf_count=36 23 12 56 49 28 28 69 31 18 36 457 49 22 69
internal_value=-0.00375171 -0.0242332 0.00225113 -0.00159255 0.00415942 0.00955197 0.00341984 0.0173501 -0.00763859 0.0077829 -0.0308105 -0.0208969 -0.0241813 -0.0360004
internal_weight=48.0855 10.2105 37.875 32.7375 28.5386 23.9936 20.3306 8.74526 11.5853 6.26991 9.01889 4.54505 5.31543 8.32023
internal_count=983 561 422 366 317 240 204 100 104 54 549 77 50 526
cat_boundaries=0 1
cat_threshold=4
is_linear=0
shrinkage=0.05


Tree=92
num_leaves=15
num_cat=0
split_feature=23 32 41 23 36 35 46 45 28 28 19 47 29 23
split_gain=1.3695 1.26766 2.07345 1.70202 1.78467 2.1095 1.69751 1.95394 1.81273 1.49023 1.47875 1.3108 1.25601 1.65332
threshold=0.085150000000000017 20.000000000000004 0.89900000000000013 0.11650000000000001 1.0000000180025095e-35 5.5000000000000009 15.500000000000002 6.5000000000000009 0.34520000000000001 0.30950000000000005 12.500000000000002 0.41139999999999999 5.5000000000000009 0.20940000000000003
decision_type=2 2 2 2 2 2 2 2 2 2 2 2 2 2
left_child=-1 3 6 -2 -5 -6 9 -8 -9 -3 -7 12 13 -11
right_child=1 2 -4 4 5 10 7 8 -10 11 -12 -13 -14 -15
leaf_value=-0.034678828151042167 0.021317533650298058 0.030183259269066037 0.03868234691238176 -0.039709402262312926 0.026854803330805994 -0.042000459576568366 -0.036231780883245406 0.029777789053274883 -0.028514736677262245 0.03484331531837994 0.0019613004501024367 -0.030973226301887504 -0.010205816757671397 -0.012405507961221952
leaf_weight=1.9193943291902531 2.6566049726679948 5.0713831363245943 3.3476860830560318 4.5416119927540413 2.8661568788811547 2.5656517813913524 4.3241299856454116 2.5354924537241463 1.193112881388515 4.5808891002088767 3.9444775488227606 1.7505792402662326 5.2828837572596967 2.1461166827939451
leaf_count=120 36 84 60 164 41 19 144 30 57 43 40 92 58 25
internal_value=-0.0014519 0.000607521 0.00664007 -0.0101477 -0.0171801 -0.00349224 0.001406 -0.0165872 0.00903926 0.00954855 -0.0186497 0.000414027 0.00701816 0.0201148
internal_weight=48.7262 46.8068 30.2323 16.5745 13.9179 9.37629 26.8846 8.05274 3.72861 18.8319 6.51013 13.7605 12.0099 6.72701
internal_count=1013 893 593 300 264 100 533 231 87 302 59 218 126 68
is_linear=0
shrinkage=0.05


Tree=93
num_leaves=15
num_cat=0
split_feature=14 22 36 22 21 15 15 15 15 32 15 29 33 39
split_gain=1.43237 1.61678 1.59159 1.55527 2.28694 1.28725 1.22859 2.10839 1.77983 1.66882 1.22766 1.22393 0.991433 1.28445
threshold=0.46365000000000006 0.8651500000000002 1.5000000000000002 0.79060000000000008 0.12110000000000001 0.23965000000000003 0.52485000000000015 0.34160000000000007 0.66155000000000019 38.500000000000007 0.24415000000000001 10.500000000000002 13.500000000000002 1.0005000000000002
decision_type=2 2 2 2 2 2 2 2 2 2 2 2 2 2
left_child=2 -2 3 4 11 -3 7 10 -8 -10 -5 -1 13 -9
right_child=1 5 -4 6 -6 -7 8 12 9 -11 -12 -13 -14 -15
leaf_value=0.043633301392194401 -0.040631882233882831 -0.028657378379558437 0.031385352362062774 0.013549400253022596 -0.021207884849635303 0.021018139682582648 -0.038014945638315811 0.029710925062317241 0.029191525290829169 -0.023833034874688862 -0.02979549427191118 -0.0026877411357842758 -0.017515676794376499 -0.0032616801369847732
leaf_weight=4.4110842491500062 3.3199036493897429 1.0537342862226071 3.4860796742141238 1.5480370242148698 2.0430976720526814 2.6062099300324917 4.7851720531471056 7.146850611548869 2.100550986360759 1.8676056573167441 5.2858774601481855 1.78573811519891 1.511208262760191 4.3484999136999249
leaf_count=69 170 20 59 19 87 62 116 114 37 44 92 22 29 51
internal_value=-0.000488875 -0.0198731 0.00326652 -0.000153965 0.0177576 0.00363549 -0.00574119 0.00133651 -0.0202758 0.00446163 -0.0195007 0.0317663 0.0128954 0.0179751
internal_weight=47.2996 6.97985 40.3198 36.8337 8.23992 3.65994 28.5938 19.8405 8.75333 3.96816 6.83391 6.19682 13.0066 11.4954
internal_count=991 252 739 680 178 82 502 305 197 81 111 91 194 165
is_linear=0
shrinkage=0.05


Tree=94
num_leaves=15
num_cat=1
split_feature=52 41 0 14 45 35 23 30 27 28 0 19 32 22
split_gain=2.47636 1.70287 1.62071 1.19175 1.18124 1.16703 1.12225 1.33041 1.04402 1.28236 1.00568 1.30587 0.915896 0.792193
threshold=0 0.89900000000000013 0.76440000000000008 0.12740000000000004 10.500000000000002 4.5000000000000009 0.13820000000000002 2.5000000000000004 10.500000000000002 0.65480000000000016 0.53295000000000015 6.5000000000000009 8.5000000000000018 0.86730000000000007
decision_type=1 2 2 2 2 2 2 2 2 2 2 2 2 2
left_child=2 3 5 4 -2 13 7 -7 -4 -10 -8 -12 -5 -1
right_child=1 -3 8 12 -6 6 10 -9 9 -11 11 -13 -14 -15
leaf_value=-0.0064850212756547444 -0.026198712117488157 0.01436194692835777 -0.010828030380509671 0.0098500399270512323 0.030106371129279948 0.0097521940633302252 -0.016688031880991664 -0.035262495152508878 0.039794250374030553 0.00018369217451875161 -0.016706511351646008 0.022117776745683191 -0.046978570600926133 0.026027111726729182
leaf_weight=2.5513736661523607 0.87057836679741363 1.7565834363922483 1.7860789895057667 0.44483454525470723 0.86157459439709783 1.7316354364156747 4.7089246846735469 5.2329273745417595 5.0281044375151378 3.1050883755087852 2.3474803604185563 5.6555187571793795 5.8421022659167647 3.7464280910789967
leaf_count=31 30 79 20 21 10 19 82 66 62 33 15 53 440 38
internal_value=-0.00314417 -0.0241815 0.00308553 -0.0332807 0.00257618 -0.00358246 -0.00953447 -0.0242511 0.0192751 0.0263476 -0.000290999 0.0101389 -0.0421577 0.013772
internal_weight=45.6692 9.77567 35.8936 8.01909 1.73215 25.9743 19.6765 6.96456 9.91927 8.13319 12.7119 8.003 6.28694 6.2978
internal_count=999 580 419 501 40 304 235 85 115 95 150 68 461 69
cat_boundaries=0 1
cat_threshold=4
is_linear=0
shrinkage=0.05


Tree=95
num_leaves=15
num_cat=0
split_feature=48 12 39 12 0 47 12 15 15 46 32 0 44 0
split_gain=1.58724 1.54045 1.86936 1.21514 1.51577 1.56177 1.44033 1.65297 1.36987 1.79756 1.17893 1.15931 1.01189 1.14582
threshold=1.5000000000000002 0.14675000000000002 1.0625000000000002 0.054650000000000011 0.36415000000000003 0.88690000000000013 0.036400000000000009 0.53600000000000014 0.34160000000000007 7.5000000000000009 38.500000000000007 0.7904500000000001 1.0000000180025095e-35 0.84920000000000007
decision_type=2 2 2 2 2 2 2 2 2 2 2 2 2 2
left_child=1 3 11 6 5 -5 7 -1 9 -6 -10 -3 13 -4
right_child=-2 2 12 4 8 -7 -8 -9 10 -11 -12 -13 -14 -15
leaf_value=0.018525926947755341 -0.025498523357622978 -0.034240837239086795 -0.024903049116066469 -0.032895018270908738 -0.022158983275599148 0.021707494395431008 -0.031041138395689449 -0.023408843380305216 0.042943143225923491 0.028977848774882183 0.0078247951404419713 0.014469668517751933 0.035853635680883643 0.027065246711758452
leaf_weight=6.9349851463921386 4.0259780066553494 5.6865637940354627 1.8325955071486535 2.0417667201254548 2.8568004393018809 1.399929493665695 2.3892513173632315 2.384038639254868 7.3075886159203929 2.1002649278379977 4.0928762713447213 0.90636663464829315 1.5292191579937933 0.72869138233363617
leaf_count=65 144 210 64 128 62 45 33 28 81 37 42 22 25 8
internal_value=0.00112255 0.00419436 -0.0115069 0.00970849 0.0169727 -0.0107982 -0.00294451 0.00656908 0.0231013 0.000734629 0.031983 -0.0265206 0.0131478 -0.00666973
internal_weight=46.2169 42.1909 10.6834 31.5075 19.7992 3.4417 11.7083 9.31902 16.3575 4.95707 11.4005 6.59293 4.09051 2.56129
internal_count=994 850 329 521 395 173 126 93 222 99 123 232 97 72
is_linear=0
shrinkage=0.05


Tree=96
num_leaves=15
num_cat=0
split_feature=32 22 42 19 20 12 0 27 15 19 23 12 13 45
split_gain=2.17059 1.93666 1.62897 1.74171 1.77098 1.55418 1.59755 2.10478 1.55673 1.42063 2.45984 1.01865 0.998449 0.997854
threshold=20.000000000000004 0.79060000000000008 1.0000000180025095e-35 20.500000000000004 1.5000000000000002 0.027900000000000005 0.35005000000000003 10.500000000000002 0.24100000000000002 4.5000000000000009 0.23660000000000003 0.055800000000000009 0.51145000000000007 9.5000000000000018
decision_type=2 2 2 2 2 2 2 2 2 2 2 2 2 2
left_child=1 -1 13 4 -4 -2 7 12 -8 -10 11 -11 -7 -3
right_child=5 2 3 -5 -6 6 8 -9 9 10 -12 -13 -14 -15
leaf_value=-0.04382463379265817 0.035617822694986916 -0.039588466006490401 -0.011039261330058558 -0.020947153455103344 0.038802243337680502 0.037445170399268292 -0.029350698171791395 -0.03431267171823419 0.049212927837425945 -0.006561218046800996 -0.021648120679488209 0.026717938656982482 -0.017872973632175795 0.012406340483425104
leaf_weight=3.0179905579425386 3.6655589621514109 2.7099574259482302 2.2216167002916336 2.6444591828621924 3.9413657058030367 1.2936405874788786 1.2570989285595739 4.124708111397922 1.699046211317184 2.4959603268653181 3.9719884260557583 9.6441081566736084 0.5333780962973832 0.70362832583487023
leaf_count=125 27 86 28 32 42 41 67 269 10 35 38 109 44 16
internal_value=0.00105109 -0.0136703 -0.00347212 0.00813981 0.0218026 0.00906879 0.00395983 -0.0168825 0.0109824 0.0152381 0.00898879 0.0198972 0.020686 -0.0284883
internal_weight=43.9245 15.239 12.221 8.80744 6.16298 28.6855 25.0199 5.95173 19.0682 17.8111 16.1121 12.1401 1.82702 3.41359
internal_count=969 329 204 102 70 640 613 354 259 192 182 144 85 102
is_linear=0
shrinkage=0.05


Tree=97
num_leaves=15
num_cat=1
split_feature=48 23 15 12 39 12 47 12 12 15 14 57 23 47
split_gain=1.3422 1.42548 1.24845 2.1037 1.63024 1.53704 1.81097 1.42765 1.42269 0.929475 1.29308 0.939795 1.19813 0.949506
threshold=1.5000000000000002 0.085150000000000017 0.26885000000000009 0.036400000000000009 1.1890000000000003 0.054100000000000009 0.34190000000000004 0.24940000000000004 0.029050000000000003 0.31665000000000004 0.19360000000000002 0 0.10820000000000002 0.37830000000000003
decision_type=2 2 2 2 2 2 2 2 2 2 2 1 2 2
left_child=1 -1 3 -3 -5 8 7 -7 -4 -8 -11 -12 -13 -14
right_child=-2 2 5 4 -6 6 9 -9 -10 10 11 12 13 -15
leaf_value=-0.032446997085561299 -0.024191040672042512 0.029468707408032802 0.0082362897426117767 -0.039747537459052025 0.012874393413170948 0.039643849253970194 0.022998829919064365 0.0029970172155447676 -0.028716232523996077 -0.035619426081650578 0.034504833456608042 0.028184351850182577 0.016157497516927952 -0.028673159287844186
leaf_weight=1.5904448211658735 3.8387510930187991 1.433401072397827 5.770331355743112 4.0429383451119065 1.514130880590528 8.3953788150101918 2.4502326622605306 3.9481393788009873 3.3143607191741467 1.827489042188972 0.94710021419450774 1.0017038877122084 0.90064932778477658 3.2214377245400101
leaf_count=107 143 14 58 120 47 104 41 38 37 76 31 16 9 142
internal_value=0.000743457 0.00364275 0.00590204 -0.0120603 -0.0256329 0.0101009 0.0168497 0.0290252 -0.00675576 0.00104917 -0.00757943 0.00470505 -0.00553832 -0.0176358
internal_weight=44.1965 40.3577 38.7673 6.99047 5.55707 31.7768 22.6921 12.3435 9.08469 10.3486 7.89838 6.07089 5.12379 4.12209
internal_count=983 840 733 181 167 552 457 142 95 315 274 198 167 151
cat_boundaries=0 1
cat_threshold=1
is_linear=0
shrinkage=0.05


Tree=98
num_leaves=15
num_cat=0
split_feature=12 23 12 14 36 19 19 47 23 13 13 27 14 15
split_gain=1.24407 1.22268 1.17044 1.32076 1.62152 1.32091 2.14774 2.14877 2.14276 1.59412 1.1304 0.97204 0.860871 0.853467
threshold=0.50545000000000007 0.085150000000000017 0.35650000000000009 0.41580000000000006 1.5000000000000002 4.5000000000000009 9.5000000000000018 0.074650000000000008 0.21825000000000003 0.59630000000000016 0.35575000000000007 13.000000000000002 0.17080000000000004 0.26255000000000001
decision_type=2 2 2 2 2 2 2 2 2 2 2 2 2 2
left_child=1 -1 3 4 5 -3 7 -7 9 12 -10 -12 -8 -14
right_child=-2 2 -4 -5 -6 6 8 -9 10 -11 11 -13 13 -15
leaf_value=-0.031894542945134656 -0.032848515880157636 0.023204387962378843 0.027317168161392447 -0.027067976021752184 0.032909030566371164 0.029879712889093593 -0.0027934759986600289 -0.033273695692618808 -0.037298582520201864 -0.015578296281151328 0.020858718223193597 -0.018925663388967853 -0.0020419974979906715 0.037233869567508938
leaf_weight=1.5476313610561181 1.7475840810220677 4.1861341716721645 3.7029132544994345 2.836881178431212 3.2229886436834922 0.80412316322326827 2.2167241866700378 7.2778113842941821 2.5771945659071198 2.4825837966054669 2.0345177524723113 2.1092535727657378 1.5515530342236141 6.9838396459817886
leaf_count=107 161 44 69 51 60 5 38 194 31 43 26 37 13 122
internal_value=-0.000200068 0.00181871 0.00377444 0.000859896 0.00377637 -4.02734e-05 -0.0041904 -0.024392 0.00476471 0.0160748 -0.0167042 0.000865409 0.024087 0.0306289
internal_weight=45.2817 43.5341 41.9865 38.2836 35.4467 32.2237 28.0376 8.08193 19.9557 13.2347 6.72097 4.14377 10.7521 8.53539
internal_count=1001 840 733 664 613 553 509 199 310 216 94 63 173 135
is_linear=0
shrinkage=0.05


Tree=99
num_leaves=15
num_cat=0
split_feature=0 23 14 46 32 41 12 30 48 35 13 22 47 13
split_gain=1.54169 1.82223 1.53875 1.31057 1.37205 1.25269 1.22503 1.17632 1.10579 1.11975 1.3853 1.7194 1.2752 1.73401
threshold=0.76440000000000008 0.20940000000000003 0.59120000000000006 4.5000000000000009 20.000000000000004 0.89900000000000013 0.10935000000000002 7.5000000000000009 1.5000000000000002 10.500000000000002 0.35965000000000008 0.79060000000000008 0.41139999999999999 0.52540000000000009
decision_type=2 2 2 2 2 2 2 2 2 2 2 2 2 2
left_child=2 -2 3 -1 6 8 -5 -3 9 10 11 -6 -12 -14
right_child=1 7 -4 4 5 -7 -8 -9 -10 -11 12 -13 13 -15
leaf_value=0.024803743901044947 0.035765961938815406 0.017012417925427497 -0.036877268699326442 -0.037979760209236477 0.020008757813519008 0.033211589564825186 0.0013008250799003006 -0.025112232035772758 -0.028545319345712913 -0.015566646169450405 0.040842468906689189 -0.037649234797855063 0.019674307272281963 -0.031870465406723496
leaf_weight=3.1891991151496795 4.7971437349915487 2.2814567247405648 2.3975965697318307 3.9930133400484946 1.4616056107916038 1.7392245945520688 3.1879582647234201 2.401784029789269 2.4730930663645259 5.1064755199477068 3.2648648247122747 1.9455833341926334 4.1177504467777908 1.4048748468048868
leaf_count=51 92 30 182 91 22 26 50 21 117 138 25 29 60 66
internal_value=0.000123538 0.0169593 -0.00488106 -0.00142672 -0.00507918 0.00148187 -0.0225139 -0.00520845 -0.00277323 0.00226918 0.0103516 -0.0139874 0.0202535 0.0036862
internal_weight=43.7616 9.48038 34.2812 31.8836 28.6944 21.5135 7.18097 4.68324 19.7742 17.3012 12.1947 3.40719 8.78749 5.52263
internal_count=1000 143 857 675 624 483 141 51 457 340 202 51 151 126
is_linear=0
shrinkage=0.05


Tree=100
num_leaves=15
num_cat=0
split_feature=12 23 12 14 22 46 23 45 13 15 30 22 13 32
split_gain=1.2033 1.24247 1.16756 1.50275 1.76455 1.29108 1.64852 1.9428 1.16049 1.57581 1.75493 1.14689 1.3995 1.09651
threshold=0.50545000000000007 0.085150000000000017 0.35650000000000009 0.41580000000000006 0.79060000000000008 4.5000000000000009 0.7824000000000001 1.5000000000000002 0.50865000000000016 0.32395000000000002 9.5000000000000018 0.8198000000000002 0.45620000000000011 38.500000000000007
decision_type=2 2 2 2 2 2 2 2 2 2 2 2 2 2
left_child=1 -1 3 4 -3 6 7 -6 9 -7 11 -11 -13 -10
right_child=-2 2 -4 -5 5 8 -8 -9 13 10 -12 12 -14 -15
leaf_value=-0.031681171376370804 -0.032260944063724206 0.02584318528043443 0.027446364469136193 -0.029149054697082916 0.045620579412937845 -0.026045532687844215 -0.019493400418741855 -0.014446311252745384 0.0017042701583171599 -0.010620743123417738 -0.023575378651064655 0.038958923391129774 -0.0098921699188015584 -0.038442893011314719
leaf_weight=1.5372674071695644 1.6696514850482334 6.5494082928635171 3.8493672930635503 2.6769238966517142 3.5656693587079671 3.1210676473565426 1.6241410337388513 1.3511743932031093 2.5459384587593368 1.8823914988897721 2.1598618342541149 5.3125291145406663 1.4563006367534397 3.6714508556760848
leaf_count=111 161 101 69 54 52 74 13 18 74 33 31 83 27 104
internal_value=0.000303059 0.00235092 0.00441139 0.00126603 0.00449524 -0.00148729 0.0163333 0.0294621 -0.007771 0.000615297 0.00986557 0.0197921 0.0285283 -0.0240448
internal_weight=42.9731 41.3035 39.7662 35.9169 33.2399 26.6905 6.54098 4.91684 20.1495 13.9322 10.8111 8.65122 6.76883 6.21739
internal_count=1005 844 733 664 610 509 83 70 426 248 174 143 110 178
is_linear=0
shrinkage=0.05


Tree=101
num_leaves=15
num_cat=0
split_feature=36 22 45 47 41 30 28 14 29 14 45 30 14 12
split_gain=1.12264 1.24206 1.53725 2.08199 1.62122 1.3208 1.27164 1.22831 1.21057 1.18221 1.16067 0.856349 0.796282 0.792531
threshold=1.5000000000000002 0.90120000000000011 3.5000000000000004 0.21059999999999998 0.56250000000000011 5.5000000000000009 0.47220000000000006 0.35535000000000011 4.5000000000000009 0.22320000000000004 1.5000000000000002 4.5000000000000009 0.10750000000000003 0.035900000000000008
decision_type=2 2 2 2 2 2 2 2 2 2 2 2 2 2
left_child=1 2 3 4 6 12 -1 -2 -3 13 -10 -5 -4 -7
right_child=7 8 5 11 -6 9 -8 -9 10 -11 -12 -13 -14 -15
leaf_value=-0.0145815133324533 0.034332675408014053 -0.020545453306109799 0.018526978449277771 -0.0096700105601820689 -0.031249032617460412 0.013070906251566976 0.028419388088344235 -0.013770337823386956 0.021946012907654574 0.034392726340958774 -0.012804335553943622 -0.045338898779823382 -0.033695070059466037 -0.027318935747534641
leaf_weight=1.9340745969675541 3.0271028699353328 2.2571168818976721 0.28154462063684871 3.1431950696278346 1.8736895965412257 1.8809273168444636 3.7078284006565809 1.3180407704785464 8.8702115435153228 3.1934176338836551 2.4440737606491885 5.6214877408929169 1.7118076321203259 1.1392909972928462
leaf_count=34 57 42 5 88 16 10 47 31 90 58 43 285 108 53
internal_value=-0.00164331 -0.00454872 -0.0111138 -0.0196215 0.000142132 0.00606114 0.0137025 0.0198949 0.00724664 0.0171115 0.0140092 -0.0348476 -0.0225939 -0.00517057
internal_weight=42.4038 38.0587 24.4873 16.2803 7.51559 8.20699 5.6419 4.34514 13.5714 6.21364 11.3143 8.76468 1.99335 3.02022
internal_count=967 879 704 470 97 234 81 88 175 121 133 373 113 63
is_linear=0
shrinkage=0.05


Tree=102
num_leaves=15
num_cat=0
split_feature=14 36 13 32 33 28 47 14 47 21 0 12 29 39
split_gain=1.05983 1.52691 1.2557 1.5681 1.74732 1.18407 1.12309 1.21354 1.0954 1.02197 1.07297 1.09903 0.981257 0.900687
threshold=0.41580000000000006 1.5000000000000002 0.51760000000000017 20.000000000000004 5.5000000000000009 0.61310000000000009 0.18000000000000002 0.20230000000000001 0.12605000000000002 1.0000000180025095e-35 0.41975000000000007 0.35650000000000009 2.5000000000000004 1.054
decision_type=2 2 2 2 2 2 2 2 2 2 2 2 2 2
left_child=1 2 3 4 -1 13 -7 -8 -6 10 -2 -12 -4 -5
right_child=9 -3 12 5 8 6 7 -9 -10 -11 11 -13 -14 -15
leaf_value=0.018130140965426176 -0.030023337226292718 0.033604263989808002 0.020610699757636915 0.035113835774315968 -0.0015948840330830419 0.028137973693483777 -0.036457748833965783 0.011547794332621134 -0.042343532446204063 -0.038781170224740272 -0.016570927463281683 0.027340466884037153 -0.020634084071487376 0.0047290459734935786
leaf_weight=2.7936777709983307 1.3800183131825168 2.6850448288023463 0.87841559387743373 6.0192262078635377 3.0310092745348811 0.91766122868284483 2.0949753853492443 1.6403224028181282 2.8442790252156556 2.2115799970924854 1.5364824496209619 2.5235018045641482 8.3288793573155981 4.2797161098569632
leaf_count=62 116 51 16 88 28 14 56 48 58 110 19 40 210 72
internal_value=-0.000657155 0.00308599 -0.000329717 0.0057928 -0.0103868 0.0152366 -0.00502159 -0.0173898 -0.0246112 -0.0163788 -0.00266363 0.0107317 -0.0150654 0.0240235
internal_weight=43.1648 35.5132 32.8282 23.6209 8.66897 14.9519 4.65296 3.7353 5.87529 7.65158 5.44 4.05998 9.20729 10.2989
internal_count=988 703 652 426 148 278 118 104 86 285 175 59 226 160
is_linear=0
shrinkage=0.05


Tree=103
num_leaves=15
num_cat=0
split_feature=12 23 39 20 23 13 13 39 19 15 42 33 33 0
split_gain=1.05736 1.1099 1.27185 1.23355 1.35776 1.19516 1.28959 1.03306 1.31616 1.12533 1.39893 1.14999 1.2609 1.10915
threshold=0.50180000000000013 0.085150000000000017 1.2325000000000002 3.5000000000000004 0.13185000000000002 0.51760000000000017 0.49415000000000003 1.0005000000000002 12.500000000000002 0.30440000000000006 1.0000000180025095e-35 13.500000000000002 8.5000000000000018 0.71940000000000015
decision_type=2 2 2 2 2 2 2 2 2 2 2 2 2 2
left_child=1 -1 3 5 -5 6 7 9 -9 10 -3 12 -11 -10
right_child=-2 2 -4 4 -6 -7 -8 8 13 11 -12 -13 -14 -15
leaf_value=-0.030018989316783526 -0.030358336943892818 -0.027109123077128622 0.037382908208115767 0.022090817379890687 -0.025583035203679723 -0.007177831110008615 0.041165347516980609 -0.027367417495901269 -0.014682458544602307 0.0091736179278026735 0.022731939769022227 -0.013819672913993306 0.048354363168205981 0.030867755934129899
leaf_weight=1.3508365503512312 1.429557358380406 2.2609022213146153 1.8952746409922827 1.1139359525404859 5.3689844994805753 9.7446997347287816 2.5452581541612735 3.1130429087206712 1.5963511792942884 4.6351641193032247 1.5213872320018711 1.1739334524609137 3.7734180032275617 2.0014367131516337
leaf_count=103 151 67 19 16 93 212 33 46 24 88 20 20 57 29
internal_value=0.00179301 0.003564 0.00536988 0.00290915 -0.015534 0.00695821 0.0130938 0.0077505 -0.00752663 0.0154115 -0.00649985 0.023857 0.0300269 0.0118594
internal_weight=43.5242 42.0946 40.7438 38.8485 6.48292 32.3656 22.6209 20.0756 6.71083 13.3648 3.78229 9.58252 8.40858 3.59779
internal_count=978 827 724 705 109 596 384 351 99 252 87 165 145 53
is_linear=0
shrinkage=0.05


Tree=104
num_leaves=15
num_cat=0
split_feature=22 33 0 28 22 0 15 45 12 15 33 33 22 47
split_gain=0.998895 0.766172 1.58973 1.30963 0.942822 1.65459 1.55404 1.33456 1.3053 1.26349 1.45031 1.71876 1.41125 0.835153
threshold=0.49175000000000008 5.5000000000000009 0.35080000000000006 0.84520000000000006 0.75305000000000011 0.77335000000000009 0.30855000000000005 1.5000000000000002 0.073100000000000012 0.5173000000000002 13.500000000000002 6.5000000000000009 0.8198000000000002 0.30495
decision_type=2 2 2 2 2 2 2 2 2 2 2 2 2 2
left_child=-1 2 -2 4 8 6 -6 -7 -3 10 11 -8 -13 -11
right_child=1 3 -4 -5 5 7 9 -9 -10 13 -12 12 -14 -15
leaf_value=-0.0305890083727451 -0.018849071136638324 0.039160011065808367 0.026975066013615545 -0.030082700479162408 -0.038894755695891965 0.03096555520477532 -0.023337190836497775 -0.012699692500061643 -0.0078805026217344861 -0.0025379584835355743 -0.027126082819762184 -0.0062732439377986742 0.035698487257442089 -0.038182400306494058
leaf_weight=1.4300219323486079 1.7897663072217245 2.586840680800381 6.0098625265527517 2.4935797201469532 2.5863036133814665 4.6642718706279984 1.592423287685963 1.8749488424509761 2.0231976679060608 3.66141178831458 1.6052099503576744 2.4693129626102728 5.7590738690923899 2.2291489795316011
leaf_count=127 108 21 88 53 69 58 35 24 74 30 33 40 87 139
internal_value=0.000601749 0.00237745 0.0155128 -0.00103727 0.00216095 -0.0017263 -0.00891072 0.0184218 0.0207907 -0.00255349 0.00711055 0.0146962 0.023788 -0.0196105
internal_weight=42.7754 41.3454 7.79963 33.5457 31.0521 26.4421 19.9029 6.53922 4.61004 17.3166 11.426 9.82081 8.22839 5.89056
internal_count=986 859 196 663 610 515 433 82 95 364 195 162 127 169
is_linear=0
shrinkage=0.05


Tree=105
num_leaves=15
num_cat=0
split_feature=23 12 12 12 20 33 14 0 15 12 22 33 45 12
split_gain=0.942913 0.975266 1.01561 1.83184 1.40987 1.51366 1.39578 1.58559 1.17823 1.02115 0.920411 1.06169 0.822762 0.713886
threshold=0.085150000000000017 0.50545000000000007 0.35650000000000009 0.14675000000000002 1.5000000000000002 12.500000000000002 0.21680000000000002 0.7340000000000001 0.26885000000000009 0.056400000000000013 0.7633000000000002 5.5000000000000009 1.0000000180025095e-35 0.051150000000000008
decision_type=2 2 2 2 2 2 2 2 2 2 2 2 2 2
left_child=-1 2 3 6 5 -5 7 10 -8 -10 -2 12 -12 -9
right_child=1 -3 -4 4 -6 -7 8 13 9 -11 11 -13 -14 -15
leaf_value=-0.030741652477510758 0.014797897371066515 -0.029905868963575461 0.02526561855953989 -0.027973122775474285 -0.038572959912718703 0.027167575229791682 -0.0047298266246916841 -0.0018061206906572981 -0.00040447641529083814 0.039902125932455186 0.03159965673991133 -0.02212479176188991 -0.011661629731369015 0.035360092005009232
leaf_weight=1.4294808299746353 2.2884813351556721 1.3757035497110326 3.5743117723613969 1.2183597711846226 3.7265172943007201 1.8552568689920006 3.2170268394984287 1.9413835946470488 2.0833976173307747 5.154209443833679 1.1027970090508454 10.183586153434588 1.5066885114647446 2.3799014333635569
leaf_count=117 31 141 71 56 79 36 36 20 25 97 11 207 35 40
internal_value=-0.000452864 0.00128483 0.00305081 0.000271342 -0.0213842 0.00380889 0.00573663 -0.00232101 0.019588 0.029659 -0.0100461 -0.0152409 0.0103105 0.0214612
internal_weight=43.0371 41.6076 40.2319 36.6576 6.80013 3.07362 29.8575 19.4028 10.4546 7.23761 15.0816 12.7931 2.60949 4.32129
internal_count=1002 885 744 673 171 92 502 344 158 122 284 253 46 60
is_linear=0
shrinkage=0.05


Tree=106
num_leaves=15
num_cat=1
split_feature=32 19 41 20 48 55 0 23 13 13 30 22 38 0
split_gain=1.35928 1.22899 1.15353 1.36304 1.26127 1.68695 1.23314 1.25035 1.12942 1.00195 1.30804 0.995635 0.877215 0.83492
threshold=20.000000000000004 10.500000000000002 0.89900000000000013 2.5000000000000004 1.5000000000000002 0 0.32740000000000008 0.19200000000000003 0.45285000000000003 0.27725000000000005 12.500000000000002 0.8651500000000002 71.500000000000014 0.82410000000000017
decision_type=2 2 2 2 2 1 2 2 2 2 2 2 2 2
left_child=1 -1 3 4 5 -2 7 -7 -9 12 -11 -5 -3 -6
right_child=2 9 -4 11 13 6 -8 8 -10 10 -12 -13 -14 -15
leaf_value=-0.034623558780003859 -0.026765827410316325 -0.034738531931038034 0.03121303598685567 -0.032133367001695411 -0.029223161205049603 -0.031481216394017013 0.027782834236960336 -0.014860437384866166 0.033182244977571329 0.020091012668466215 -0.024971827990775148 0.0064884559205579994 0.0083032191042280695 0.016901016159032525
leaf_weight=3.8933750570286056 1.4702375256456435 2.440627081319688 2.5680856311228117 3.5651769896503529 2.4791017284151162 1.3525230688974339 9.8334286734461767 1.3677070022094997 1.8466326461639253 4.8850691039115191 1.277587834279984 2.1758837653324008 1.3113295615185054 0.61987556144595135
leaf_count=155 70 46 61 104 99 104 103 31 40 82 22 30 23 8
internal_value=-0.00183735 -0.0140732 0.00463486 0.000766101 0.00730037 0.0130451 0.0185838 -0.0026564 0.0140645 -0.00357039 0.00856686 -0.0187045 -0.0211136 -0.0181247
internal_weight=41.0866 13.808 27.2787 24.7106 18.9695 15.8705 14.4003 4.56686 3.21434 9.91461 6.16266 5.74106 3.75196 3.09898
internal_count=978 328 650 589 455 348 278 175 71 173 104 134 69 107
cat_boundaries=0 1
cat_threshold=1
is_linear=0
shrinkage=0.05


Tree=107
num_leaves=15
num_cat=0
split_feature=21 21 0 32 28 15 32 14 20 28 22 15 19 46
split_gain=1.25589 1.2446 1.48999 2.06361 1.1533 1.35044 1.82196 1.19213 1.39044 1.31424 1.18051 0.991352 0.875291 0.834545
threshold=0.10895000000000002 0.069050000000000014 0.7340000000000001 14.500000000000002 0.26785000000000009 0.52485000000000015 38.500000000000007 0.20230000000000001 3.5000000000000004 0.61310000000000009 0.84295000000000009 0.23965000000000003 8.5000000000000018 6.5000000000000009
decision_type=2 2 2 2 2 2 2 2 2 2 2 2 2 2
left_child=1 2 4 -4 -1 7 -7 9 12 10 -6 -5 -9 -11
right_child=-2 -3 3 11 5 6 -8 8 -10 13 -12 -13 -14 -15
leaf_value=-0.021644025535143729 -0.024372600199126494 0.042036381175842685 -0.018139603699586102 -0.0056707214788480351 -0.014163962461464025 0.010822671419900681 -0.036097381705564667 -0.0017415472582907412 -0.018441178400582126 0.0099697776407678459 0.029507414953330174 0.037660100581486507 0.037465190565687333 -0.038743316441592637
leaf_weight=5.6305227370467064 3.0724002015776923 1.1287922654300917 2.2249555326998216 1.3245797976851461 1.9320321814157093 3.145649164216592 3.5320225497707725 1.7007755194790641 1.1509226842317728 0.74739408819004927 2.5538322534412146 6.1761817978695035 5.6643293164670467 2.0996682425029576
leaf_count=151 173 8 27 17 23 73 123 62 31 10 37 92 106 64
internal_value=0.00214798 0.00479357 0.00263129 0.0185138 -0.00330149 0.00200832 -0.015464 0.00985083 0.0215753 -0.00472044 0.0115452 0.0302413 0.0292856 -0.026688
internal_weight=42.0841 39.0117 37.8829 9.72572 28.1571 22.5266 6.67767 15.849 8.51603 7.33293 4.48586 7.50076 7.3651 2.84706
internal_count=997 824 816 136 680 529 196 333 199 134 60 109 168 74
is_linear=0
shrinkage=0.05


Tree=108
num_leaves=15
num_cat=0
split_feature=14 33 0 13 13 19 39 13 13 22 29 35 33 29
split_gain=1.4073 0.915383 1.13163 0.991753 1.17002 1.57568 1.1354 1.49295 1.46449 2.02516 1.39862 0.808161 0.90913 0.913104
threshold=0.59120000000000006 5.5000000000000009 0.34510000000000002 0.51760000000000017 0.49415000000000003 4.5000000000000009 1.2265000000000004 0.29925000000000007 0.46055000000000007 0.8198000000000002 12.500000000000002 13.500000000000002 11.000000000000002 5.5000000000000009
decision_type=2 2 2 2 2 2 2 2 2 2 2 2 2 2
left_child=1 2 -1 4 5 -3 7 -7 9 -9 -11 12 13 -5
right_child=-2 3 -4 11 -6 6 -8 8 -10 10 -12 -13 -14 -15
leaf_value=-0.015327955529181418 -0.027435080188759994 0.03108618496422921 0.027080059607933672 0.014380287058175432 0.0326832066558784 -0.034688591003810547 0.027031910728322145 -0.022822440633939668 -0.029934158267174854 0.033035470186336013 -0.013739876241463037 0.014418978277287746 -0.034472624669723402 -0.022322920412289015
leaf_weight=1.3335220306180406 3.1068894376512608 2.542642784072096 5.8120883374940604 2.7062222617678326 2.3662545219995073 3.4308314351364997 1.408448846079408 2.7231010650284571 2.2453763615339986 5.3256860550027341 1.5135885225608943 1.5082723144441832 3.6549261999316514 2.1397368528414518
leaf_count=81 205 53 87 59 30 80 17 60 35 100 23 55 72 34
internal_value=0.000439285 0.003311 0.0182557 -0.000528839 0.00549171 0.000686028 -0.00545568 -0.00993815 -0.000599812 0.00847019 0.0222515 -0.0128159 -0.0186571 -0.00287234
internal_weight=41.8176 38.7107 7.14561 31.5651 21.5559 19.1897 16.647 15.2386 11.8078 9.56238 6.83927 10.0092 8.50089 4.84596
internal_count=991 786 168 618 398 368 315 298 218 183 123 220 165 93
is_linear=0
shrinkage=0.05


Tree=109
num_leaves=15
num_cat=0
split_feature=28 33 0 36 46 13 47 45 22 21 33 32 22 0
split_gain=0.996894 1.38529 1.27434 1.14988 0.858953 1.34279 1.16628 1.36884 1.25715 1.1947 1.18608 0.689797 0.994677 0.62285
threshold=0.57735000000000014 6.5000000000000009 0.38290000000000007 2.5000000000000004 19.500000000000004 0.51145000000000007 0.13034999999999999 1.5000000000000002 0.69420000000000015 0.13050000000000003 2.5000000000000004 28.000000000000004 0.90695000000000014 0.58795000000000008
decision_type=2 2 2 2 2 2 2 2 2 2 2 2 2 2
left_child=4 2 -2 -3 6 -6 7 -1 9 -8 -10 -12 -13 -11
right_child=1 3 -4 -5 5 -7 8 -9 10 13 11 12 -14 -15
leaf_value=0.0305444507291407 -0.021903482181181017 -0.025536732679340257 0.023819969629269397 0.018938822781282717 0.034861923272166827 -0.015822802147890971 0.041228919249907278 -0.015486245041236186 0.011837900526628704 -0.026951497831024747 -0.039302271009770268 -0.022902320625203032 0.015048835236340702 0.017204844562723035
leaf_weight=3.9416064394172343 1.3871295617427701 10.487576321465891 3.4969306800048798 0.93125155568122941 3.3859946322627357 1.1797815861646084 1.2631363775581115 1.6582925987895576 2.3993867395911357 0.96473901555873431 3.2919650115072709 3.7776316558010876 1.8550166096538303 0.48121489840559661
leaf_count=69 76 274 66 18 43 53 14 36 72 55 73 83 34 14
internal_value=-0.00247754 -0.0116714 0.00931845 -0.0206766 0.00393381 0.0212754 -0.000934755 0.0166323 -0.00858496 0.0177505 -0.0158144 -0.0236924 -0.0100193 -0.0112302
internal_weight=40.5017 16.3029 4.88406 11.4188 24.1988 4.56578 19.633 5.5999 14.0331 2.70909 11.324 8.92461 5.63265 1.44595
internal_count=980 434 142 292 546 96 450 105 345 83 262 190 117 69
is_linear=0
shrinkage=0.05


Tree=110
num_leaves=15
num_cat=0
split_feature=14 36 28 39 46 39 23 29 12 14 14 23 12 23
split_gain=0.998943 1.12961 1.45252 1.22684 0.945894 1.02331 1.52212 0.87504 0.793085 0.733164 1.12115 1.82022 0.664508 0.564265
threshold=0.64670000000000016 1.5000000000000002 0.56350000000000011 1.0605000000000002 12.500000000000002 1.0005000000000002 0.21825000000000003 3.5000000000000004 0.08635000000000001 0.32120000000000004 0.13830000000000001 0.48585000000000006 0.097200000000000022 0.21825000000000003
decision_type=2 2 2 2 2 2 2 2 2 2 2 2 2 2
left_child=1 2 3 7 5 12 8 -1 -7 10 11 -9 -4 -14
right_child=-2 -3 4 -5 -6 6 -8 9 -10 -11 -12 -13 13 -15
leaf_value=-0.027457588024806259 -0.027940068272530979 0.02526152959705999 0.024237934958395872 0.023478163152328552 -0.033320098543796285 -0.017941181464076715 -0.042149321625423716 -0.031947529322325509 0.02574575615348644 -0.016348452473949938 0.023443981541040573 0.024147890095701795 -0.015714513533834431 0.015373832444412315
leaf_weight=1.6945231882855321 2.0802075983956447 3.4822458028793326 2.3538188622333092 6.4812566721811882 3.2030458068475118 0.94291345169767771 2.4019661587662995 2.3373260498046857 1.3479711255058644 2.4699592273682347 5.4093543514609337 1.6160014774650338 2.8912537512369454 1.3840761678293345
leaf_count=69 170 76 40 108 177 38 15 43 16 95 78 16 44 14
internal_value=-0.000538723 0.00163836 -0.00138761 0.00722305 -0.0129501 -0.00495095 -0.0206923 -0.00164528 0.00777667 0.00390285 0.0103074 -0.00877156 0.0074442 -0.00464365
internal_weight=40.0959 38.0157 34.5335 20.0084 14.525 11.322 4.69285 13.5272 2.29088 11.8326 9.36268 3.95333 6.62915 4.27533
internal_count=999 829 753 409 344 167 69 301 54 232 137 59 98 58
is_linear=0
shrinkage=0.05


Tree=111
num_leaves=15
num_cat=1
split_feature=22 48 32 42 20 20 19 23 35 52 32 23 28 19
split_gain=0.934308 1.04998 0.688321 1.47275 1.51289 1.67863 0.904432 0.914343 1.47437 1.19729 1.05936 0.954889 0.917025 0.788849
threshold=0.49175000000000008 1.5000000000000002 20.000000000000004 1.0000000180025095e-35 4.5000000000000009 1.5000000000000002 4.5000000000000009 0.21825000000000003 6.5000000000000009 0 56.000000000000007 0.19200000000000003 0.76390000000000013 20.500000000000004
decision_type=2 2 2 2 2 2 2 2 2 1 2 2 2 2
left_child=-1 2 3 -2 5 -5 -4 9 -9 12 -10 -11 -8 -7
right_child=1 -3 6 4 -6 13 7 8 10 11 -12 -13 -14 -15
leaf_value=-0.02918199514264315 -0.025391722029086895 -0.020465627560757826 0.033781877240209521 -0.015366089007097912 -0.025707367820118562 0.041255630504729329 0.024827740778585985 0.022886915838929989 -0.038000675523558201 -0.032604201647150256 0.0065037913169965341 0.016927350479778943 -0.0074321432200742561 0.0039425220248665467
leaf_weight=1.2889778446406115 3.8660131907090518 3.1292216880246988 2.8044331972487297 2.2713810857385379 1.763169190380723 3.6688021151348948 10.463439763523636 1.6918726679868985 2.7008310321252793 1.4982369909994315 1.6937152175232766 0.80367596936412145 2.2408343050628909 2.3643345991149545
leaf_count=128 129 138 39 26 27 46 138 23 74 139 18 23 25 24
internal_value=0.00199621 0.00364945 0.00611984 -0.00261022 0.00764172 0.0167241 0.0111105 0.00670348 -0.00867943 0.0130951 -0.0228221 -0.0154218 0.0190105 0.0292726
internal_weight=42.2489 40.96 37.8307 13.9337 10.0677 8.30452 23.897 21.0926 6.08642 15.0062 4.39455 2.30191 12.7043 6.03314
internal_count=997 869 731 252 123 96 479 440 115 325 92 162 163 70
cat_boundaries=0 1
cat_threshold=4
is_linear=0
shrinkage=0.05


Tree=112
num_leaves=15
num_cat=0
split_feature=23 12 12 48 32 14 20 46 46 45 0 15 45 12
split_gain=1.02266 1.079 0.838526 0.844588 0.958437 1.34367 1.7177 1.11286 1.45781 0.918975 0.916155 0.887108 0.804721 1.22935
threshold=0.085150000000000017 0.50545000000000007 0.40520000000000006 1.5000000000000002 20.000000000000004 0.18790000000000004 5.5000000000000009 15.500000000000002 19.500000000000004 1.0000000180025095e-35 0.82410000000000017 0.51960000000000017 3.5000000000000004 0.13620000000000002
decision_type=2 2 2 2 2 2 2 2 2 2 2 2 2 2
left_child=-1 2 3 4 5 -2 9 12 -9 -7 -5 -10 13 -6
right_child=1 -3 -4 10 7 6 -8 8 11 -11 -12 -13 -14 -15
leaf_value=-0.029908655245261168 -0.02700033598489256 -0.029213978598826032 0.032262779933768013 -0.030514619046874244 0.03391031649206467 0.025852916952080026 -0.027294603626074023 -0.029818309846651278 0.023598245124716654 -0.012497827009418037 0.019296816820909904 -0.016331822026906986 -0.0018815814699966616 -0.0086948782048629925
leaf_weight=1.336896564811467 3.454326022649183 1.3104190423618991 1.8511339421384025 2.2772722307126965 8.5943169833626616 5.6019354555755836 1.9290062789805231 2.211048607248812 3.497780246194452 1.3817255694884805 0.51176203787326802 1.1895453350152818 2.9227424822747698 1.6247296496294428
leaf_count=112 63 148 34 115 117 66 35 58 53 40 7 57 56 30
internal_value=0.00231573 0.00417024 0.00608788 0.00385792 0.00630028 -0.00443641 0.0061504 0.012822 -0.00321175 0.0176502 -0.0186941 0.012375 0.0208703 0.0269653
internal_weight=39.6946 38.3577 37.0473 35.1962 32.4072 12.367 8.91267 20.0402 6.89837 6.98366 2.78903 4.68733 13.1418 10.219
internal_count=991 879 731 697 575 204 141 371 168 106 122 110 203 147
is_linear=0
shrinkage=0.05


Tree=113
num_leaves=15
num_cat=0
split_feature=13 12 14 32 21 14 0 13 13 39 23 40 30 32
split_gain=0.946322 1.39918 1.23048 1.2663 1.22168 1.03893 1.44596 1.06373 1.46566 1.39517 0.853149 0.779292 0.964555 1.24691
threshold=0.27725000000000005 0.067000000000000018 0.20670000000000002 20.000000000000004 1.0000000180025095e-35 0.16630000000000003 0.70485000000000009 0.41265000000000002 0.47405000000000003 0.99950000000000017 0.8893500000000002 0.22500000000000003 5.5000000000000009 39.500000000000007
decision_type=2 2 2 2 2 2 2 2 2 2 2 2 2 2
left_child=1 -1 3 -2 11 7 -7 -5 -9 -10 -3 12 13 -4
right_child=2 10 4 5 -6 6 -8 8 9 -11 -12 -13 -14 -15
leaf_value=0.010872350235463332 -0.029091982500857167 -0.037608567993933598 0.016815955679426398 0.032395435868030086 -0.016773421546947432 -0.02928947991140899 0.025061936027949989 -0.032469123341301025 -0.018729053265557311 0.030967448191779282 0.0061046589522415562 -0.014383973363495143 0.031643707527624701 -0.028976926532203125
leaf_weight=3.0677348617464295 3.1468690903857341 3.7486717216670513 4.1116912874858835 2.8660653319675458 2.0303758487571022 3.3545802391599855 0.83998941909521807 1.5200171694159506 1.4132513846270738 2.8169211726635695 1.1309846853837369 0.9478545256424703 8.4444341985508782 1.1091849827207623
leaf_count=49 70 190 94 39 35 85 22 18 39 37 63 11 190 49
internal_value=0.000910878 -0.0135633 0.00473797 -0.00505068 0.0138776 0.00253372 -0.0156759 0.0121068 -0.00130668 0.0139579 -0.0281618 0.0189378 0.0220723 0.00399305
internal_weight=40.5486 7.94739 32.6012 15.9577 16.6435 12.8108 4.19457 8.61626 5.75019 4.23017 4.87966 14.6132 13.6653 5.22088
internal_count=991 302 689 310 379 240 107 133 94 76 253 344 333 143
is_linear=0
shrinkage=0.05


Tree=114
num_leaves=15
num_cat=1
split_feature=19 19 0 44 57 35 28 39 27 32 23 47 45 20
split_gain=1.08082 1.30995 1.01407 1.09414 0.86519 0.964922 1.58221 1.018 1.03595 0.691208 1.07748 0.876817 1.20165 0.829144
threshold=4.5000000000000009 8.5000000000000018 0.55680000000000007 1.0000000180025095e-35 0 6.5000000000000009 0.69050000000000011 0.92000000000000015 13.000000000000002 22.500000000000004 0.25545000000000007 0.41139999999999999 3.5000000000000004 1.5000000000000002
decision_type=2 2 2 2 1 2 2 2 2 2 2 2 2 2
left_child=-1 2 -2 -4 -3 7 9 -6 -9 -7 11 13 -13 -11
right_child=1 4 3 -5 5 6 -8 8 -10 10 -12 12 -14 -15
leaf_value=0.022460981389386597 -0.039224423473720293 -0.020072600614716954 -0.023012157560865255 0.01948993532262604 -0.014196308534878932 -0.011999569099026565 -0.023791849198721168 -0.0040479561459006944 0.034766379606406508 -0.0016453182207936254 -0.020589068576543374 -0.030130994265504332 0.018048631391402614 0.041315844981387288
leaf_weight=3.9521000122185788 2.7800373530481002 2.7786165133584291 2.0907680487725884 1.9803961534053085 1.386552389478316 2.5997557044029262 4.6266522430814794 2.0823305272497237 5.4411608334630728 1.3752110805362443 1.1354613741859783 1.0666642996948215 2.4622939922846854 3.730395887978375
leaf_count=113 199 144 21 23 34 30 86 40 83 17 30 55 51 56
internal_value=0.000552596 -0.00243197 -0.0205456 -0.00257091 0.00244069 0.00551163 -0.00162698 0.017919 0.0248089 0.00782276 0.0137218 0.0199024 4.83594e-05 0.0313699
internal_weight=39.4884 35.5363 6.8512 4.07116 28.6851 25.9065 16.9964 8.91004 7.52349 12.3698 9.77003 8.63457 3.52896 5.10561
internal_count=982 869 243 44 626 482 325 157 123 239 209 179 106 73
cat_boundaries=0 1
cat_threshold=2
is_linear=0
shrinkage=0.05


Tree=115
num_leaves=15
num_cat=0
split_feature=23 23 39 0 27 45 12 29 45 46 0 32 13 23
split_gain=0.861418 0.848213 1.02638 0.832956 1.52653 1.52789 0.873076 0.783011 0.767824 0.871148 0.846624 0.752005 0.729487 0.715754
threshold=0.085150000000000017 0.11650000000000001 1.0740000000000001 0.41230000000000006 13.000000000000002 3.5000000000000004 0.027900000000000005 10.500000000000002 3.5000000000000004 12.500000000000002 0.80705000000000016 38.500000000000007 0.59630000000000016 0.17915
decision_type=2 2 2 2 2 2 2 2 2 2 2 2 2 2
left_child=-1 11 3 6 7 -6 -3 13 9 10 -4 -2 -13 -5
right_child=1 2 8 4 5 -7 -8 -9 -10 -11 -12 12 -14 -15
leaf_value=-0.029502031130011899 0.030029542380965168 0.0057064628019549771 0.026739926923176574 -0.021473131103785181 0.024283976069300734 -0.0210012478328295 -0.026426530045472664 -0.037288032663332797 0.031519125166611837 -0.026476397386747036 -0.009304923050281062 0.020265269607000272 -0.020599212413197218 0.011525943974445257
leaf_weight=1.3053337796591211 3.4868629914708427 2.5099490638822335 2.5978372052777541 1.8863696493208379 6.7287350108381361 1.6110833084676413 6.5264919351320714 1.7619327432475982 2.443162755575031 1.0770354154519735 2.2659222539514303 0.9680996940005574 1.4783933616708962 2.854975612834096
leaf_count=120 68 22 49 22 102 30 370 28 28 36 28 32 23 27
internal_value=0.000206208 0.00194822 -0.00141914 -0.00669448 0.00077726 0.0142239 -0.017822 -0.0160642 0.0127185 0.00155952 0.0112243 0.0178225 -0.00324065 -0.00305628
internal_weight=39.5022 38.1969 32.2635 23.8795 14.8431 8.33982 9.03644 6.50328 8.38396 5.94079 4.86376 5.93336 2.44649 4.74135
internal_count=985 865 742 601 209 132 392 77 141 113 77 123 55 49
is_linear=0
shrinkage=0.05


Tree=116
num_leaves=15
num_cat=0
split_feature=47 45 45 33 30 0 20 47 39 23 32 36 32 29
split_gain=1.13027 1.81326 1.37657 1.95864 1.26205 1.22259 0.983445 0.979876 0.947338 1.26496 0.900691 0.72344 0.656252 0.651875
threshold=0.38125000000000009 3.5000000000000004 1.5000000000000002 12.500000000000002 5.5000000000000009 0.56520000000000004 3.5000000000000004 0.25260000000000005 1.0570000000000002 0.36035 15.500000000000002 1.5000000000000002 11.500000000000002 5.5000000000000009
decision_type=2 2 2 2 2 2 2 2 2 2 2 2 2 2
left_child=2 11 5 12 -3 13 7 8 -7 10 -10 -2 -4 -1
right_child=1 4 3 -5 -6 6 -8 -9 9 -11 -12 -13 -14 -15
leaf_value=0.048010042141295596 -0.035691988702003297 -0.02221524520644811 -0.00035155998684899633 0.020958737084117954 0.017405443003809206 0.026945381815632261 -0.016474810143978613 -0.017965205898812255 -0.013066936822015558 -0.026578947334089661 0.031550730998785269 0.011688210661980229 -0.044363468249282167 0.0063127920931490963
leaf_weight=1.8055786835029786 5.7447469641920161 2.0883949331473559 1.1258821729570621 1.6444843984208999 4.8365297701675445 6.250269958283754 3.781679368345066 1.8056548978202034 1.0941986553370955 1.8555198758840559 2.0606897082179785 0.43848661892116059 2.6281684697605669 1.9326928446535019
leaf_count=18 345 118 27 34 118 84 48 24 14 9 43 4 63 37
internal_value=-0.00210829 -0.0135342 0.00394349 -0.0166101 0.00416129 0.00985324 0.00333289 0.00982933 0.015388 -0.00111381 0.0166556 -0.0311726 -0.0340143 0.0323345
internal_weight=39.093 13.1082 25.9848 5.39854 6.92492 20.5863 16.848 13.0663 11.2607 5.01041 3.15489 6.18323 3.75405 3.73827
internal_count=986 585 401 124 236 277 222 174 150 66 57 349 90 55
is_linear=0
shrinkage=0.05


Tree=117
num_leaves=15
num_cat=0
split_feature=28 47 33 21 37 44 13 22 13 28 0 19 28 47
split_gain=0.835686 1.12586 1.26003 0.833739 0.826395 0.851158 0.627896 0.610882 0.744301 1.19132 1.15286 1.07521 1.0698 0.743042
threshold=0.57735000000000014 0.43685000000000002 6.5000000000000009 0.12110000000000001 0.10795 1.0000000180025095e-35 0.27645000000000003 0.75305000000000011 0.50865000000000016 0.26785000000000009 0.80365000000000009 14.500000000000002 0.19050000000000003 0.27720000000000006
decision_type=2 2 2 2 2 2 2 2 2 2 2 2 2 2
left_child=3 2 6 7 5 -4 -2 -1 9 10 -9 -11 13 -10
right_child=1 -3 4 -5 -6 -7 -8 8 12 11 -12 -13 -14 -15
leaf_value=0.025625429073198949 -0.0058872475735795987 -0.035505095118895443 -0.028861809211564227 -0.019834718360789542 0.0081081212823986958 0.0076649867404182991 0.032510952357463811 -0.022158875645927056 0.032935935386819631 0.031725324597254571 0.022629153561830373 -0.0041385866617590474 -0.025272726129496478 -0.013298000027207461
leaf_weight=3.3061715173535111 1.2063424286898219 2.244109461316838 5.2040637130849046 1.9609215853270132 3.1859469767659903 1.6665734669659285 2.1452490678057075 3.458807198097932 1.0211367057636369 5.6587317669764143 1.1906528091058133 2.7397343209013343 3.2407984109595418 0.78894938994199026
leaf_count=56 30 237 74 104 42 23 31 74 9 101 17 57 90 43
internal_value=-0.000420648 -0.00904367 -0.002458 0.00548981 -0.0112766 -0.0201535 0.0205134 0.00859154 0.00430109 0.0104317 -0.00871402 0.0208303 -0.0106427 0.0152232
internal_weight=39.0182 15.6523 13.4082 23.3659 10.0566 6.87064 3.35159 21.405 18.0988 13.0479 4.64946 8.39847 5.05088 1.81009
internal_count=988 437 200 551 139 97 61 447 391 249 91 158 142 52
is_linear=0
shrinkage=0.05


Tree=118
num_leaves=15
num_cat=0
split_feature=12 23 39 0 15 0 12 47 13 29 23 12 14 14
split_gain=0.87213 0.876949 0.882695 1.21513 1.28678 1.35358 1.25249 0.868316 0.827434 0.739438 0.680163 0.679065 1.13004 0.676584
threshold=0.50545000000000007 0.092350000000000002 1.1175000000000004 0.32740000000000008 0.34160000000000007 0.43675000000000003 0.055800000000000009 0.41610000000000003 0.49415000000000003 7.5000000000000009 0.19200000000000003 0.13200000000000003 0.14920000000000003 0.26590000000000008
decision_type=2 2 2 2 2 2 2 2 2 2 2 2 2 2
left_child=1 -1 3 10 5 -5 8 -8 -6 -7 -3 12 -12 -4
right_child=-2 2 13 4 6 9 7 -9 -10 -11 11 -13 -14 -15
leaf_value=-0.024889797845280684 -0.028684098186133419 -0.035456606014822055 -0.00075383402707577586 0.022156127527742563 0.012747790833784793 -0.034171828982719081 0.028275749465602434 -0.0050257834408567285 -0.02299367674817096 0.0037800737582077103 -0.017434785783800776 -0.026350938978652552 0.030124123551274119 0.031417774033677341
leaf_weight=1.5957788308151055 1.2596085327677418 1.927747036563235 2.380780733190476 1.39739828091115 2.1646272372454431 3.2405946995131671 9.3685499802231771 2.0773127940483382 2.4537901189178228 1.5776774073019622 1.4578545691911133 1.0287056933157144 1.6636010464280842 3.9096474666148424
leaf_count=120 156 188 34 28 23 59 106 33 22 29 40 60 38 39
internal_value=0.00153206 0.00332415 0.00528533 0.00125048 0.00672644 -0.0113708 0.0139847 0.0223136 -0.00695451 -0.0232311 -0.0169372 -0.00312064 0.00907118 0.0208083
internal_weight=37.5037 36.2441 34.6483 28.3579 22.28 6.21567 16.0643 11.4459 4.61842 4.81827 6.07791 4.15016 3.12146 6.29043
internal_count=975 819 699 626 300 116 184 139 45 88 326 138 78 73
is_linear=0
shrinkage=0.05


Tree=119
num_leaves=15
num_cat=0
split_feature=23 12 12 14 22 36 23 22 14 47 39 28 28 23
split_gain=0.706593 0.727693 0.97764 1.26549 1.37509 0.997573 1.10141 1.21442 1.18313 1.23083 1.11095 1.22128 0.751322 0.720699
threshold=0.085150000000000017 0.50545000000000007 0.35650000000000009 0.41580000000000006 0.79060000000000008 1.5000000000000002 0.21825000000000003 0.93095000000000006 0.13270000000000001 0.12605000000000002 1.0570000000000002 0.69050000000000011 0.26785000000000009 0.10820000000000002
decision_type=2 2 2 2 2 2 2 2 2 2 2 2 2 2
left_child=-1 2 3 4 -2 6 8 -8 -6 -10 11 12 -11 -13
right_child=1 -3 -4 -5 5 -7 7 -9 9 10 -12 13 -14 -15
leaf_value=-0.029060302641892029 0.020573402286749358 -0.028163421399433154 0.023931837855138312 -0.029715709710300898 -0.022831911181920173 0.023238979877417736 -0.030833625563878392 0.0096130481297325016 0.034236834872204074 -0.0060022382142906842 -0.02940937204771011 0.013992257619930113 0.032712022492851982 -0.027491132030333348
leaf_weight=1.2617710337508459 6.4513169073034105 1.2105280817486335 3.2576431981287888 2.5602848127018651 2.9073797399178209 2.0568619081750503 6.0584503412246686 1.9819840653799472 2.4260811945423475 1.3906269951257835 1.5938595610205082 0.85248516895808313 3.2512299572117627 2.011918785283342
leaf_count=112 104 153 66 58 60 52 103 19 47 51 38 12 71 53
internal_value=-0.00190908 -0.00028596 0.00135186 -0.00147044 0.00171982 -0.00385005 -0.00721366 -0.0209029 0.00127242 0.00868987 -0.000836344 0.0079749 0.0221057 -0.0147191
internal_weight=39.2724 38.0107 36.8001 33.5425 30.9822 24.5309 22.474 8.04043 14.4336 11.5262 9.10012 7.50626 4.64186 2.8644
internal_count=999 887 734 668 610 506 454 122 332 272 225 187 122 65
is_linear=0
shrinkage=0.05


Tree=120
num_leaves=15
num_cat=0
split_feature=12 23 32 0 45 14 19 32 45 12 33 12 32 12
split_gain=0.758758 0.756454 0.819964 1.17132 1.81959 0.972111 1.16421 0.911316 0.904095 0.888014 0.797025 0.892564 0.573771 0.509211
threshold=0.50545000000000007 0.085150000000000017 20.000000000000004 0.34845000000000004 10.500000000000002 0.18790000000000004 20.500000000000004 56.000000000000007 1.0000000180025095e-35 0.44565000000000005 6.5000000000000009 0.068200000000000011 16.500000000000004 0.089400000000000021
decision_type=2 2 2 2 2 2 2 2 2 2 2 2 2 2
left_child=1 -1 5 4 9 -3 8 13 12 -4 11 -8 -7 -5
right_child=-2 2 3 7 -6 6 10 -9 -10 -11 -12 -13 -14 -15
leaf_value=-0.027200054360170724 -0.028103446795463938 -0.026006810155717187 -0.031464818080208505 0.030104124609468586 0.023991881586301438 0.040698851146219045 0.026460162776193855 -0.008813091060968321 -0.01119588347603975 0.019448776313238231 -0.031544627210877037 -0.020200215649040353 0.0010561167506176537 0.0090565958779649999
leaf_weight=1.0961065388983104 1.2080829521873955 3.2588623585179439 4.0071216805372414 6.9124142527580243 2.0629387341905385 2.158607508055864 1.2042731754481795 2.4650775874033561 1.3912855796515939 0.33445567218586791 2.040039848536253 0.95888218283653248 1.3603831371292474 6.4276065654121339
leaf_count=104 159 66 244 85 51 32 16 30 33 8 27 32 22 84
internal_value=0.000372706 0.00207686 0.00374317 0.00934174 -0.00784778 -0.00625387 0.00268262 0.0163597 0.0176425 -0.0246359 -0.0148258 0.00592939 0.0289986 0.0213016
internal_weight=36.8861 35.6781 34.5819 22.2096 6.40452 12.3723 9.11347 15.8051 4.91028 4.34158 4.2032 2.16316 3.51899 13.34
internal_count=993 834 730 502 303 228 162 199 87 252 75 48 54 169
is_linear=0
shrinkage=0.05


Tree=121
num_leaves=15
num_cat=0
split_feature=36 28 14 28 45 0 28 14 22 12 39 14 23 28
split_gain=0.938035 1.00111 1.42867 2.32692 0.99564 1.22142 0.833223 1.32909 1.04745 0.881671 0.769884 0.757107 0.677686 0.509575
threshold=1.0000000180025095e-35 0.42265000000000003 0.42255000000000004 0.76390000000000013 1.5000000000000002 0.73890000000000011 0.34520000000000001 0.24580000000000005 0.90695000000000014 0.024800000000000003 1.2325000000000002 0.21680000000000002 0.19200000000000003 0.96430000000000005
decision_type=2 2 2 2 2 2 2 2 2 2 2 2 2 2
left_child=6 4 3 -3 5 -2 7 9 10 -1 13 -5 -11 -8
right_child=1 2 -4 11 -6 -7 8 -9 -10 12 -12 -13 -14 -15
leaf_value=-0.01934621624745134 -0.013983508941377655 0.036873718251504713 -0.020111322248869454 -0.023515213005615685 -0.029018532997102997 0.026172380310776278 -0.043095873911528082 -0.027445251787266506 0.011495189786327171 -0.004239371440200799 0.0086823573184621663 0.010167882236421079 0.031535127393171547 0.0049048063951429586
leaf_weight=0.93675248324870874 3.390875137876721 6.5626460909843427 1.9376537755597372 2.1719556320458651 2.6138567579910159 2.3554167174734175 4.0907264238921925 2.055601955158636 1.1979102366603909 1.6256821472197769 0.63482757238671172 2.659689761698246 3.1706303246319294 0.40596080373506982
leaf_count=5 45 88 41 23 45 41 318 139 44 55 62 35 38 19
internal_value=-0.00190216 0.00458113 0.0127272 0.0194836 -0.00838122 0.00391614 -0.0115077 -0.000107011 -0.0236081 0.0123155 -0.032341 -0.0064095 0.0207701 -0.0386584
internal_weight=35.8102 21.6921 13.3319 11.3943 8.36015 5.74629 14.1181 7.78867 6.32943 5.73306 5.13151 4.83165 4.79631 4.49669
internal_count=998 318 187 146 131 86 680 237 443 98 399 58 93 337
is_linear=0
shrinkage=0.05


Tree=122
num_leaves=15
num_cat=0
split_feature=19 32 19 30 30 22 19 46 14 47 14 13 23 0
split_gain=0.87288 1.62458 0.850666 0.863676 1.08846 0.987557 1.68817 1.56664 1.11972 0.786377 0.767732 0.585933 1.26076 0.619573
threshold=4.5000000000000009 22.500000000000004 8.5000000000000018 3.5000000000000004 1.5000000000000002 0.86730000000000007 12.500000000000002 4.5000000000000009 0.16240000000000002 0.076600000000000015 0.13270000000000001 0.26005000000000006 0.16785000000000003 0.34510000000000002
decision_type=2 2 2 2 2 2 2 2 2 2 2 2 2 2
left_child=1 -1 9 4 -4 6 -5 -8 -9 -2 -7 -12 13 -13
right_child=2 -3 3 5 -6 10 7 8 -10 -11 11 12 -14 -15
leaf_value=-0.024975823166489931 0.014132556487239812 0.032197331083882529 0.012585713672561069 0.024040839980552953 -0.029259398903279894 -0.014178739932821925 0.015261406791654325 0.017320980863888526 -0.038422739726610367 -0.026395871265761026 -0.0056275775382019881 -0.0056944795682954156 -0.0063772835621058056 0.039434397022230311
leaf_weight=0.91945230681449075 0.79869630420580406 3.1931169426534325 1.6079223147826294 2.1984417687635887 3.8405161609407514 1.391555119305848 1.8119607185944913 0.47388382768258441 4.8129095081239939 5.612912725424394 1.6878231684677283 0.60285619064234186 2.2253359598107636 5.1457692161202431
leaf_count=55 14 62 39 47 105 25 30 7 165 226 31 51 43 88
internal_value=-0.00228443 0.01703 -0.00518899 -0.000865552 -0.0168735 0.00400984 -0.00757596 -0.0191269 -0.0314658 -0.0201216 0.0135749 0.0185271 0.0236973 0.0345592
internal_weight=36.3232 4.11257 32.2106 25.799 5.44844 20.3505 9.2972 7.09875 5.28679 6.41161 11.0533 9.66178 7.97396 5.74863
internal_count=988 117 871 631 144 487 249 202 172 240 238 213 182 139
is_linear=0
shrinkage=0.05


Tree=123
num_leaves=15
num_cat=0
split_feature=28 39 12 46 14 0 32 39 13 13 39 42 37 33
split_gain=0.725 0.879223 0.726393 1.32296 0.992484 0.676822 1.09265 1.08286 1.50956 1.45192 1.15015 0.736883 0.710597 0.658394
threshold=0.69050000000000011 0.9425 0.056400000000000013 15.500000000000002 0.24215 0.80365000000000009 25.500000000000004 1.054 0.51760000000000017 0.48790000000000006 1.1460000000000001 1.0000000180025095e-35 0.10795 6.5000000000000009
decision_type=2 2 2 2 2 2 2 2 2 2 2 2 2 2
left_child=1 2 -1 4 -4 6 11 8 -8 10 -9 -3 -7 -2
right_child=13 5 3 -5 -6 12 7 9 -10 -11 -12 -13 -14 -15
leaf_value=-0.033649393723522922 0.0044301886890295772 -0.029670814792080027 0.030151078979419502 -0.031209012001254356 -0.014827028180608604 0.036220308537336057 0.037050694071163487 -0.038054176598406209 -0.010331859319104519 0.02228885242166102 0.013564648941898492 0.0034830222406168629 -0.0051636380831805422 -0.021855824041320793
leaf_weight=1.5703894149046416 3.2379085542634112 2.4750251332297983 2.35267699463293 1.3249929008306933 1.1769766185898332 2.4845765323843803 4.5683737837243807 2.3168449038639669 1.8865312149282543 2.0180553211830556 0.98412963678129006 2.8765917257405818 1.1575187882408497 5.7277183275436983
leaf_count=42 136 88 35 73 53 43 89 56 65 45 31 42 23 160
internal_value=-0.00130764 0.0028261 -0.012154 -0.000640858 0.0151907 0.00780605 0.00302598 0.0113083 0.0236742 -0.00506989 -0.0230891 -0.0141074 0.0247888 -0.0128708
internal_weight=36.1583 27.1927 6.42504 4.85465 3.52965 20.7676 17.1256 11.7739 6.4549 5.31903 3.30097 5.35162 3.6421 8.96563
internal_count=981 685 203 161 88 482 416 286 154 132 87 130 66 296
is_linear=0
shrinkage=0.05


Tree=124
num_leaves=15
num_cat=0
split_feature=42 35 44 0 47 20 33 12 22 46 41 37 33 30
split_gain=1.02074 1.20586 1.42886 1.53928 1.04182 0.885317 1.2174 0.846911 1.0805 0.821942 0.926958 0.854965 0.541153 0.507819
threshold=1.0000000180025095e-35 12.500000000000002 1.0000000180025095e-35 0.32740000000000008 0.38125000000000009 3.5000000000000004 11.000000000000002 0.069400000000000017 0.7633000000000002 11.500000000000002 0.89900000000000013 0.10795 2.5000000000000004 5.5000000000000009
decision_type=2 2 2 2 2 2 2 2 2 2 2 2 2 2
left_child=1 2 -1 7 5 6 -2 8 -4 -3 11 -11 -6 -7
right_child=4 9 3 -5 12 13 -8 -9 -10 10 -12 -13 -14 -15
leaf_value=-0.035573824540051112 0.026369532074979975 0.03099765918030345 0.027471937499271723 0.019023081587025772 0.0093200383779600913 0.0078716269435587481 -0.0077081503371584197 -0.036672443646141327 -0.019035748506761062 -0.034754057543828563 0.022759440743471731 0.013136374379956281 -0.028814546795392054 -0.023790559841440313
leaf_weight=5.1290412330999979 8.85375097487122 1.6377641889266659 1.0840878831222656 3.5139748863875866 0.79434994538314585 1.762066159397363 3.0524946367368093 2.3288555273320526 2.1168208962772042 1.6443072692491116 1.0454039818141612 0.78667610324919213 1.8867394758854059 1.5799550355877725
leaf_count=198 110 34 9 56 35 17 38 196 72 110 20 8 53 29
internal_value=-0.00193433 -0.00968265 -0.0168933 -0.00381179 0.00647187 0.0116299 0.0177125 -0.0190136 -0.000494437 0.00979479 -0.00488736 -0.0199447 -0.0180535 -0.00912861
internal_weight=37.2163 19.2869 14.1728 9.04374 17.9294 15.2483 11.9062 5.52976 3.20091 5.11415 3.47639 2.43098 2.68109 3.34202
internal_count=985 703 531 333 282 194 148 277 81 172 138 118 88 46
is_linear=0
shrinkage=0.05


Tree=125
num_leaves=15
num_cat=0
split_feature=13 35 39 28 42 46 32 23 28 47 23 19 46 39
split_gain=0.844722 1.16054 1.1943 1.14219 0.931287 1.01924 0.897233 0.988025 0.807603 0.783547 0.628867 0.539646 0.899416 0.779949
threshold=0.50865000000000016 8.5000000000000018 0.9425 0.30950000000000005 1.0000000180025095e-35 8.5000000000000018 38.500000000000007 0.21825000000000003 0.87300000000000011 0.34885000000000005 0.17915 13.500000000000002 19.500000000000004 1.0800000000000003
decision_type=2 2 2 2 2 2 2 2 2 2 2 2 2 2
left_child=1 4 -3 9 -1 8 7 -5 10 -2 -6 12 13 -4
right_child=3 2 11 6 5 -7 -8 -9 -10 -11 -12 -13 -14 -15
leaf_value=-0.020824540783502633 0.028121964492751811 -0.012024813716911033 0.022799975379357604 0.016715728181682002 -0.00029471652119493361 -0.023875447230619906 -0.034199533165358113 -0.025909645947975374 -0.014431755567404853 -0.013526881493041027 0.034474256193630232 0.0068131268248314159 0.052069031701028647 -0.019726802971649665
leaf_weight=5.52112264710013 1.625126640312373 2.6767484064912415 1.8821752427611484 2.205333387944846 1.9621243933215735 1.4269147086888549 4.6501474358374253 1.3645872499328104 1.2282799263484774 1.1807520801667122 2.761259205173701 4.1610289011150599 1.9611150401178745 0.79861545749008644
leaf_count=259 15 82 44 54 54 31 142 28 19 72 31 98 25 31
internal_value=-0.00215176 0.00308353 0.0140521 -0.0130213 -0.0069863 0.00461796 -0.0217914 -0.0016819 0.0139011 0.0116464 0.0225031 0.0223992 0.0326866 0.00821361
internal_weight=35.4053 24.3794 11.4797 11.0259 12.8997 7.37858 8.22007 3.56992 5.95166 2.80588 4.72338 8.80293 4.64191 2.68079
internal_count=985 674 280 311 394 135 224 82 104 87 85 198 100 75
is_linear=0
shrinkage=0.05


Tree=126
num_leaves=15
num_cat=0
split_feature=29 19 47 22 22 39 29 28 15 32 13 39 39 29
split_gain=0.885192 1.22205 0.956936 0.920096 0.887251 0.771718 1.08309 0.680826 1.43766 1.04057 0.750707 0.733768 0.748785 0.552455
threshold=3.5000000000000004 38.000000000000007 0.033600000000000026 0.80475000000000019 0.8198000000000002 1.0625000000000002 8.5000000000000018 0.23610000000000003 0.46375000000000005 38.500000000000007 0.56225000000000014 0.95400000000000007 1.0650000000000002 9.5000000000000018
decision_type=2 2 2 2 2 2 2 2 2 2 2 2 2 2
left_child=-1 2 -2 5 -5 6 -4 10 11 13 -6 -9 -13 -10
right_child=1 -3 3 4 7 -7 -8 8 9 -11 -12 12 -14 -15
leaf_value=-0.016559200416863873 0.030734456339630251 -0.028471127377308378 0.018639608123714953 -0.034310087011700685 -0.028812291119001344 0.033519600726242715 -0.021289007505568808 -0.005571700244504707 0.024690200192035314 -0.028393855493367294 0.014232185834974995 0.037508930855812014 -0.00040128965284873318 -0.0099497412749381415
leaf_weight=5.8558887047693124 2.5223300787620309 1.7843536650761951 3.186197126517075 1.0938684160355503 2.3892471874132784 2.6800163481384516 1.8697910015471277 1.9309109194437022 1.3491170750930908 3.0851496439427137 0.73738064989447583 3.7172128431266174 1.7703627792652694 1.4617315980140118
leaf_count=183 68 47 111 33 74 92 54 61 30 76 27 69 40 26
internal_value=-0.000329777 0.00331984 0.00627878 0.00276083 -0.00365562 0.0160585 0.00279625 0.000234154 0.00537981 -0.0119615 -0.0176719 0.0189459 0.0271019 0.00879242
internal_weight=35.4336 29.5777 27.7933 25.271 17.535 7.736 5.05599 16.4411 13.3145 5.896 3.12663 7.41849 5.48758 2.81085
internal_count=991 808 761 693 436 257 165 403 302 132 101 170 109 56
is_linear=0
shrinkage=0.05


Tree=127
num_leaves=15
num_cat=0
split_feature=29 39 15 32 14 15 23 0 29 1 0 13 39 0
split_gain=0.711467 0.773528 0.978418 0.971034 0.910243 0.76214 0.701688 1.11633 1.18286 0.691428 0.645314 0.826735 0.608037 0.589121
threshold=3.5000000000000004 0.94450000000000001 0.5293500000000001 38.500000000000007 0.57295000000000018 0.66155000000000019 0.19200000000000003 0.72260000000000002 6.5000000000000009 1.0000000180025095e-35 0.35535000000000005 0.26640000000000003 0.93950000000000011 0.84920000000000007
decision_type=2 2 2 2 2 2 2 2 2 2 2 2 2 2
left_child=9 10 4 5 6 -4 7 8 -3 -1 -2 -12 -13 -6
right_child=1 2 3 -5 13 -7 -8 -9 -10 -11 11 12 -14 -15
leaf_value=-0.033695978545303457 -0.032130493294787454 0.020898362976424646 -0.011271391431206432 -0.024480515251801761 -0.028112885269667622 0.02626215649383544 0.026004053038242554 0.030500352077400414 -0.023808811632626162 -0.001443770360701941 -0.028663574859252278 0.018513570557445534 -0.012495629335338208 0.016077390511639738
leaf_weight=2.0685055502690366 1.5774319649208361 1.3487269468605543 1.8357837072107934 3.4067163051804528 1.2597507920581836 1.7559541775844989 8.0371073102578503 1.5605542026460169 3.2839203285984695 3.831302291713655 1.0983618530444799 3.3074549962766469 1.6378150749951599 0.35793611407279957
leaf_count=145 162 50 45 83 88 36 92 59 88 48 52 42 24 4
internal_value=-0.00148576 0.00174315 0.00633336 -0.00843471 0.0129685 0.00880148 0.0170836 0.00350154 -0.00939354 -0.0159963 -0.0111559 -0.00189694 0.00786932 -0.0159286
internal_weight=36.3673 30.4675 22.8464 6.99845 15.848 3.59174 14.2303 6.1932 4.63265 5.89981 7.62106 6.04363 4.94527 1.61769
internal_count=1018 825 545 164 381 81 289 197 138 193 280 118 66 92
is_linear=0
shrinkage=0.05


Tree=128
num_leaves=15
num_cat=0
split_feature=15 39 12 13 33 35 29 0 39 48 20 39 39 23
split_gain=0.641213 1.12507 0.849737 0.834969 1.30773 1.16452 0.777337 0.710202 0.623687 0.610199 0.599573 0.580356 1.21818 0.548898
threshold=0.27545000000000003 1.1890000000000003 0.036400000000000009 0.51760000000000017 6.5000000000000009 13.500000000000002 12.500000000000002 0.6735000000000001 1.5130000000000001 1.5000000000000002 3.5000000000000004 1.0005000000000002 1.0740000000000001 0.23660000000000003
decision_type=2 2 2 2 2 2 2 2 2 2 2 2 2 2
left_child=1 2 -1 6 -5 -6 9 -7 -3 10 11 -2 -13 -14
right_child=3 8 -4 4 5 7 -8 -9 -10 -11 -12 12 13 -15
leaf_value=0.012445231475182226 0.025147516178560283 0.028584853034262038 -0.032970876213893455 0.023384003044979246 -0.024917621621808189 -0.01658010718451227 -0.018812381091795297 0.031116914645574235 -0.015810717150218902 -0.014766373828900982 -0.0080461303598722608 -0.016826179689293588 0.00066992571147213721 0.039646469531971373
leaf_weight=0.7320279823616137 8.8107367854099845 1.2338325094897298 4.0494066807441413 1.6598888603039075 6.9440752865048108 0.47079781419597555 1.4582951774355013 1.0591261778026817 0.44549841154366721 1.2046666834503401 2.0352727193385354 2.734355046413838 1.589629839640111 1.2045648284256456
leaf_count=11 177 25 168 64 170 49 41 13 71 58 41 47 43 9
internal_value=-0.000824251 -0.01393 -0.0250678 0.00244385 -0.0086278 -0.0167046 0.00847387 0.0156873 0.0153021 0.0116281 0.0143081 0.0177987 0.00402894 0.0234933
internal_weight=35.6322 6.46077 4.78143 29.1714 10.1339 8.474 19.0375 1.52992 1.67933 17.5792 16.3746 14.3393 5.52855 2.79419
internal_count=987 275 179 712 296 232 416 62 96 375 317 276 99 52
is_linear=0
shrinkage=0.05


Tree=129
num_leaves=15
num_cat=0
split_feature=14 39 20 33 14 15 19 45 35 23 15 0 41 14
split_gain=0.719601 0.780637 0.895986 0.981454 0.822658 1.37672 0.858286 0.825064 1.29403 1.52166 0.817703 0.79446 0.756717 0.632141
threshold=0.64670000000000016 1.1765000000000001 3.5000000000000004 6.5000000000000009 0.21680000000000002 0.41155000000000003 4.5000000000000009 2.5000000000000004 5.5000000000000009 0.17915 0.6897500000000002 0.70485000000000009 1.0000000180025095e-35 0.15160000000000004
decision_type=2 2 2 2 2 2 2 2 2 2 2 2 2 2
left_child=1 2 4 -4 6 12 -1 8 -8 11 -7 13 -6 -10
right_child=-2 -3 3 -5 5 10 7 -9 9 -11 -12 -13 -14 -15
leaf_value=0.020346616778171421 -0.025103539328027821 0.0264277327627374 0.0096485242563094722 -0.031370400981161631 -0.019164534941234476 0.034301880954674589 0.027957860514712843 -0.023769375896673679 0.012428908739033066 -0.032694484120925876 -0.0091610761298902051 0.030561070533083358 0.014544801016700798 -0.024993738921536186
leaf_weight=2.1323584858328166 1.5884554309304793 2.0398790063336483 1.6645369846373785 3.1437415297841653 2.9973434215644357 5.2313252848107368 2.1061028416734171 4.5465617778245351 1.3983470983803274 2.9022249868139625 0.86934883217327286 1.4019190398976205 1.926913062809035 1.2365327776642514
leaf_count=30 178 74 20 74 99 134 30 163 22 51 28 31 48 33
internal_value=0.000335186 0.00222875 -9.91739e-05 -0.017954 0.00364169 0.0135207 -0.00367925 -0.00858467 0.000654396 -0.0101104 0.0276905 0.00939381 -0.00574517 -0.00717781
internal_weight=35.1856 33.5971 31.5573 4.80828 26.749 11.0249 15.724 13.5917 9.04513 6.93902 6.10067 4.0368 4.92426 2.63488
internal_count=1015 837 763 94 669 309 360 330 167 137 162 86 147 55
is_linear=0
shrinkage=0.05


Tree=130
num_leaves=15
num_cat=1
split_feature=20 23 39 35 35 57 46 42 23 19 28 13 42 45
split_gain=0.681922 0.68844 0.569926 0.739387 0.83172 0.693266 0.602845 1.5306 0.629582 1.01206 0.683555 0.576943 0.571428 0.530133
threshold=7.5000000000000009 0.085150000000000017 0.89200000000000013 5.5000000000000009 12.500000000000002 0 19.500000000000004 1.0000000180025095e-35 0.29290000000000005 14.500000000000002 0.76390000000000013 0.40260000000000001 1.0000000180025095e-35 6.5000000000000009
decision_type=2 2 2 2 2 1 2 2 2 2 2 2 2 2
left_child=1 -1 12 5 6 -4 7 -5 10 -10 11 -9 -3 -8
right_child=-2 2 3 4 -6 -7 13 8 9 -11 -12 -13 -14 -15
leaf_value=-0.02680593653599498 -0.028723993267262743 -0.030974306159745175 0.025492500591602518 -0.03177965013855908 0.016393786350660373 -0.013854231209500373 -0.0094156443592157413 -0.00087180307744676568 -0.0356227897532665 0.010069295736542546 -0.0087384130684846593 0.032303408577978858 0.0051795300837347638 0.021886007411000764
leaf_weight=1.0739241890842084 1.0151771983364586 1.3587965976912519 5.2130175139755011 4.0069969135802284 5.45325111481361 0.69914408982731657 1.4531703897519026 2.0136082544922829 1.432994742644951 1.742305847816169 2.5749537106603384 2.4981981972232461 1.5827616767492145 2.5767219533445314
leaf_count=116 35 102 114 174 136 62 50 28 22 19 28 33 25 38
internal_value=-0.000458953 0.00119671 0.00288923 0.00511276 0.00088617 0.0195084 -0.00434524 -0.00910603 0.00178298 -0.0141444 0.009786 0.0200255 -0.0151424 0.0109708
internal_weight=34.695 33.6798 32.6059 29.6644 23.7522 5.91216 18.299 14.2691 10.2621 3.1753 7.08676 4.51181 2.94156 4.02989
internal_count=982 947 831 704 528 176 392 304 130 41 89 61 127 88
cat_boundaries=0 1
cat_threshold=4
is_linear=0
shrinkage=0.05


Tree=131
num_leaves=15
num_cat=1
split_feature=39 29 52 21 14 27 14 0 37 19 12 19 47 12
split_gain=0.844721 0.819693 0.736823 1.14559 0.610857 1.08233 0.71609 1.11815 0.886986 0.564273 0.544935 0.529404 0.524438 0.500089
threshold=1.1175000000000004 6.5000000000000009 0 1.0000000180025095e-35 0.21680000000000002 13.000000000000002 0.16630000000000003 0.58550000000000013 0.081150000000000014 20.500000000000004 0.027900000000000005 28.500000000000004 0.38125000000000009 0.035900000000000008
decision_type=2 2 1 2 2 2 2 2 2 2 2 2 2 2
left_child=2 11 3 4 6 9 7 -1 -8 -6 -4 -2 -7 -3
right_child=1 13 10 -5 5 12 8 -9 -10 -11 -12 -13 -14 -15
leaf_value=0.0242427269142277 -0.027649806609110657 -0.0069350490416479381 0.00073333246817928902 -0.033903502427660014 0.0077120867617565345 0.031077086053140631 -0.031402390332130214 -0.012380047479933369 0.010058281904326651 -0.022803522456320655 -0.029625846897873776 0.013751870965695624 -0.0010408026865525192 0.028548629097153683
leaf_weight=2.7781468937173539 0.96557593252509721 0.82652882486581791 2.0353198247030404 1.5169837763532985 2.3616264350712282 4.0055325855500996 3.1380863133817911 3.7134164338931441 1.3023846065625546 1.9436753382906315 3.9759620507247746 0.4977395087480545 1.6188166514039037 3.7807667704764754
leaf_count=32 55 11 19 42 36 65 53 37 26 24 456 5 34 101
internal_value=-0.00288705 0.0127381 -0.0065479 -0.00202113 0.00174201 0.0102136 -0.00616387 0.00443703 -0.0196284 -0.00776601 -0.0207082 -0.0137015 0.0230712 0.0220815
internal_weight=34.4606 6.07061 28.39 22.3787 20.8617 9.92965 10.932 6.49156 4.44047 4.3053 6.01128 1.46332 5.62435 4.6073
internal_count=996 172 824 349 307 159 148 69 79 60 475 60 99 112
cat_boundaries=0 1
cat_threshold=4
is_linear=0
shrinkage=0.05


Tree=132
num_leaves=15
num_cat=0
split_feature=23 23 28 47 47 14 19 19 33 37 38 45 47 0
split_gain=0.580663 0.509502 0.830512 0.729189 1.06942 0.858702 0.653637 0.791221 0.645205 0.752945 0.622648 1.04951 0.690159 0.630153
threshold=0.085150000000000017 0.1188 0.57735000000000014 0.38125000000000009 0.09799999999999999 0.21200000000000005 4.5000000000000009 6.5000000000000009 6.5000000000000009 0.10795 71.500000000000014 2.5000000000000004 0.91400000000000003 0.80440000000000011
decision_type=2 2 2 2 2 2 2 2 2 2 2 2 2 2
left_child=-1 8 6 4 -4 -6 -3 -8 -2 -10 12 -12 13 -9
right_child=1 2 3 -5 5 -7 7 10 9 -11 11 -13 -14 -15
leaf_value=-0.026494968731635701 0.031173590961843762 0.024316320330993079 -0.022812861764694423 -0.031970224816375653 -0.011639957999608135 0.023100156814918626 -0.028040010781726778 -0.019403446556968608 -0.015022450623275866 0.02181142993820399 0.030830588703656903 -0.015307742862819907 0.018692496489038153 0.010535320442589645
leaf_weight=1.0494313946692262 1.8783795263152558 2.5314289533998879 3.3561686680186522 2.3346937518799669 2.247390404343605 3.2496621086029336 1.1467274528695259 4.7516486340900865 2.4422611371846874 1.3242793604731558 3.0800961315399027 1.0523235301952807 1.685303261503577 1.7821047222241757
leaf_count=116 39 45 51 195 24 48 53 145 74 19 68 48 15 36
internal_value=-0.000665926 0.00091697 -0.00204352 -0.0119478 -0.00395894 0.00929166 0.00516488 0.000143786 0.0133507 -0.000213014 0.00466457 0.0183881 -0.00348153 -0.010923
internal_weight=33.9119 32.8625 27.2175 11.1879 8.85322 5.49705 16.0296 13.4982 5.64492 3.76654 12.3515 4.13242 8.21906 6.53375
internal_count=976 860 728 318 123 72 410 365 132 93 312 116 196 181
is_linear=0
shrinkage=0.05


Tree=133
num_leaves=15
num_cat=0
split_feature=21 21 47 29 13 13 39 14 12 14 42 39 32 15
split_gain=0.780603 0.9395 0.693739 0.827754 0.623268 0.996466 1.35014 0.855834 0.762543 0.718054 0.88493 0.630848 0.538658 0.795942
threshold=0.10895000000000002 0.069050000000000014 0.030550000000000025 4.5000000000000009 0.50865000000000016 0.49415000000000003 1.0005000000000002 0.36470000000000008 0.28320000000000006 0.21200000000000005 1.0000000180025095e-35 0.99950000000000017 38.500000000000007 0.66155000000000019
decision_type=2 2 2 2 2 2 2 2 2 2 2 2 2 2
left_child=1 2 3 -1 5 6 7 9 12 10 11 -4 13 -6
right_child=-2 -3 4 -5 8 -7 -8 -9 -10 -11 -12 -13 -14 -15
leaf_value=-0.012112931025512612 -0.024544790874762242 0.033652114780264274 -0.027381877165699328 0.032168845491737569 -0.019601295133443036 0.030071771976088835 -0.020433236702279423 -0.017599309380016952 0.014842912077440401 0.029578445279520388 0.019761546068003483 0.0084321132984842197 -0.030128721863759228 0.017508483643578581
leaf_weight=0.9660505149513513 2.2569118390092617 1.0806482709012915 1.8916306179016917 2.0462189437821507 2.3459776998497532 1.6706425310112525 5.7898287287680423 1.874644209165125 1.2332179525401441 3.198484268039465 2.799490905366838 1.4998116716742516 4.0438005571486428 1.5757363487500695
leaf_count=13 178 8 64 50 61 24 128 92 51 81 32 44 137 38
internal_value=-0.00121615 0.00112196 -0.00103256 0.018488 -0.00370477 0.00162994 -0.00266763 0.00738557 -0.013659 0.0135878 0.0023619 -0.0132302 -0.019235 -0.00416283
internal_weight=34.2731 32.0162 30.9355 3.01227 27.9233 18.7245 17.0539 11.2641 9.19873 9.38942 6.19093 3.39144 7.96551 3.92171
internal_count=1001 823 815 63 752 465 441 313 287 221 140 108 236 99
is_linear=0
shrinkage=0.05


Tree=134
num_leaves=15
num_cat=0
split_feature=14 36 21 46 15 13 15 15 13 14 45 47 32 32
split_gain=0.598602 0.95145 0.798771 0.767401 0.768985 0.693735 0.840671 0.916027 0.940861 1.45776 0.997307 1.02645 0.975705 0.771831
threshold=0.38725000000000004 1.5000000000000002 1.0000000180025095e-35 14.500000000000002 0.23965000000000003 0.51930000000000009 0.49465000000000009 0.46375000000000005 0.39535000000000003 0.16120000000000004 10.500000000000002 0.18460000000000001 15.500000000000002 38.500000000000007
decision_type=2 2 2 2 2 2 2 2 2 2 2 2 2 2
left_child=1 5 3 4 -2 6 7 8 10 -10 11 12 -1 -7
right_child=2 -3 -4 -5 -6 13 -8 -9 9 -11 -12 -13 -14 -15
leaf_value=-0.018081409278205438 -0.020966833365955721 0.027595237468089014 -0.035248868024964616 -0.026437057819224022 0.020703410304134064 0.0048994460088986683 0.02758593500953558 -0.030590687245385315 -0.015800839641094782 0.039674010418581825 0.023235515931738521 -0.024251987765352732 0.023196509465334924 -0.024839713405914121
leaf_weight=1.5052965488284917 0.63642654684372191 2.1922585186548522 1.7875571451149879 1.0470416344469411 2.9617620832286775 3.2149602889548978 2.1684268156532189 1.2235095314681519 1.1282138358801597 2.488226086134091 1.714818937703966 5.0073109349468723 2.477667476516217 4.337554523255676
leaf_count=20 25 56 118 87 81 88 42 27 16 47 35 173 48 134
internal_value=-0.00147874 0.00186483 -0.0140815 -0.00113484 0.0103761 -0.00133333 0.00410993 -0.000634201 0.00375457 0.0226938 -0.00403573 -0.0110426 0.00709828 -0.0130877
internal_weight=33.891 27.4582 6.43279 4.64523 3.59819 25.266 17.7135 15.545 14.3215 3.61644 10.7051 8.99027 3.98296 7.55251
internal_count=997 686 311 193 106 630 408 366 339 63 276 241 68 222
is_linear=0
shrinkage=0.05


Tree=135
num_leaves=15
num_cat=1
split_feature=14 37 28 46 13 39 32 33 23 47 0 46 15 52
split_gain=0.607282 0.729631 0.65683 0.730155 0.627391 1.67144 0.682637 0.578105 0.643157 0.512756 0.447048 0.402766 0.387608 0.87785
threshold=0.59120000000000006 0.13395000000000004 0.56350000000000011 12.500000000000002 0.51930000000000009 1.054 17.500000000000004 6.5000000000000009 0.21825000000000003 0.24505000000000002 0.81650000000000011 4.5000000000000009 0.5022500000000002 0
decision_type=2 2 2 2 2 2 2 2 2 2 2 2 2 1
left_child=1 2 4 7 6 -6 11 -4 9 -9 -2 -1 13 -8
right_child=10 -3 3 -5 5 -7 12 8 -10 -11 -12 -13 -14 -15
leaf_value=0.0087771635653040095 -0.030884628559639988 0.023068528951341535 0.014147208084776 -0.02982887240720641 -0.031488592014309806 0.020254238914229866 0.019168441516454422 0.013293337051188559 -0.024781955314422649 -0.01646130717590813 0.0065408721908335327 -0.023881883231837583 0.034025810625249925 -0.01056340314240951
leaf_weight=0.94523499743082284 1.5806215883931138 2.585809455253183 2.7546031794045103 2.2709861592156804 2.5094950022175899 1.9051968016428871 6.4156322902999818 3.0043866842752323 2.7644678582437336 1.2881849729456005 0.72280138032510866 1.2140872228192163 1.4998562606051553 2.9548878909554315
leaf_count=18 174 70 55 170 94 31 83 48 24 34 14 32 19 118
internal_value=-0.000280457 0.00176669 -0.000793368 -0.00933898 0.00531106 -0.00954191 0.0106649 -0.00227612 -0.00964693 0.00294094 -0.0207158 -0.0113325 0.0156211 0.0096783
internal_weight=34.4163 32.1128 29.527 12.0826 17.4444 4.41469 13.0297 9.81164 7.05704 4.29257 2.30342 2.15932 10.8704 9.37052
internal_count=984 796 726 331 395 125 270 161 106 82 188 50 220 201
cat_boundaries=0 1
cat_threshold=4
is_linear=0
shrinkage=0.05


Tree=136
num_leaves=15
num_cat=0
split_feature=39 15 42 12 0 46 27 15 27 39 32 47 15 14
split_gain=0.628525 1.02676 0.814993 0.773711 0.890057 0.78666 1.14575 0.90226 0.843934 0.71843 0.713954 0.587413 0.556606 0.500586
threshold=1.1890000000000003 0.29490000000000005 1.0000000180025095e-35 0.055800000000000009 0.35725000000000001 15.500000000000002 10.500000000000002 0.31470000000000004 13.000000000000002 0.95400000000000007 16.500000000000004 0.12605000000000002 0.5022500000000002 0.20670000000000002
decision_type=2 2 2 2 2 2 2 2 2 2 2 2 2 2
left_child=1 2 -1 4 12 8 -7 -8 9 -5 -4 -6 -3 -10
right_child=-2 3 10 5 11 6 7 -9 13 -11 -12 -13 -14 -15
leaf_value=-0.034987769490363099 0.021169419016657073 -0.0080871666639672612 -0.022041166494074463 0.02140178633208346 -0.00035620000516209778 0.01921659814980526 0.015924749786250549 -0.036393441395659989 0.0054047027514690727 -0.013997378703548361 0.016296310679475633 -0.03372182937099686 0.025683867314658684 0.030160312747699081
leaf_weight=2.6113573490874868 2.4228039246518156 1.7526028391439497 1.0940347404684874 1.117693932028488 2.1168224671855569 1.4543674844317127 0.47095733997412059 2.2170952848391607 3.6751710956450552 3.4997978929895908 1.8911718220915643 2.5977451885119081 1.4067210878711192 5.7269387859851122
leaf_count=165 111 30 22 38 30 28 11 184 70 92 33 35 33 106
internal_value=0.000804041 -0.00135671 -0.0190088 0.00300045 -0.00933971 0.00855857 -0.00904087 -0.0253946 0.0140145 -0.00314428 0.000241008 -0.0214247 0.00950951 0.0219335
internal_weight=34.0553 31.6325 5.59656 26.0359 7.87389 18.162 4.14242 2.68805 14.0196 4.61749 2.98521 4.71457 3.15932 9.40211
internal_count=988 877 220 657 128 529 223 195 306 130 55 65 63 176
is_linear=0
shrinkage=0.05


Tree=137
num_leaves=15
num_cat=1
split_feature=54 39 45 22 39 14 22 37 45 28 32 47 19 32
split_gain=0.939746 1.01553 0.830199 0.626754 0.719497 0.625006 0.924651 1.17482 0.620753 0.59459 0.813881 1.24058 0.691193 0.847883
threshold=0 1.1175000000000004 3.5000000000000004 0.85330000000000006 0.89200000000000013 0.41580000000000006 0.79060000000000008 0.081150000000000014 18.500000000000004 0.56350000000000011 25.500000000000004 0.14350000000000004 9.5000000000000018 36.500000000000007
decision_type=1 2 2 2 2 2 2 2 2 2 2 2 2 2
left_child=3 8 -3 5 -5 6 -1 -8 -2 10 11 -6 -11 -14
right_child=1 2 -4 4 9 -7 7 -9 -10 12 -12 -13 13 -15
leaf_value=0.016677941061656026 -0.032071423522567304 -0.019687689462228777 0.029970811896837032 -0.020116556959440406 0.025168219684114302 -0.027439011433418006 -0.030246008117154412 0.017817363537527577 0.0086785827754833275 -0.020709453165501032 0.030534058075836892 -0.022731009483227545 0.021313447309904376 -0.012420736696608583
leaf_weight=3.5084702600725013 4.5359340376453465 0.5322726871818303 1.1106844870373604 1.1017954740673328 1.582513642963024 1.7454348450992254 2.6210736827924852 1.1545622944831846 0.68306886963546265 1.6846916861832131 5.2041231421753764 1.8365532113239167 3.8722916091792285 2.1863333089277148
leaf_count=42 471 83 16 19 31 42 46 18 11 23 77 34 59 33
internal_value=-0.00130312 -0.0165158 0.0125208 0.00309375 0.00846564 -0.00710645 0.000489805 -0.0148953 -0.0262001 0.0114374 0.0197395 0.000117571 0.00099164 0.00910499
internal_weight=33.3598 6.86196 1.64296 26.4978 17.4683 9.02954 7.28411 3.77564 5.219 16.3665 8.62319 3.41907 7.74332 6.05862
internal_count=1005 581 99 424 276 148 106 64 482 257 142 65 115 92
cat_boundaries=0 1
cat_threshold=2
is_linear=0
shrinkage=0.05


Tree=138
num_leaves=15
num_cat=0
split_feature=28 46 12 13 23 23 28 15 0 20 22 14 12 37
split_gain=0.507949 0.91288 0.686956 0.62506 1.02105 0.625888 0.49645 0.973036 0.877378 0.64094 0.695328 0.633061 0.596168 0.470362
threshold=0.57735000000000014 11.500000000000002 0.056400000000000013 0.27725000000000005 0.26570000000000005 0.8893500000000002 0.42265000000000003 0.30440000000000006 0.49190000000000006 1.5000000000000002 0.79060000000000008 0.14920000000000003 0.035900000000000008 0.081150000000000014
decision_type=2 2 2 2 2 2 2 2 2 2 2 2 2 2
left_child=6 2 -2 5 -5 -4 7 12 -8 10 -9 -11 -1 -3
right_child=1 13 3 4 -6 -7 8 9 -10 11 -12 -13 -14 -15
leaf_value=0.010854152702635685 -0.021862638164438689 -0.037882337631652024 -0.028605938510773716 0.023651418508446653 -0.016033312413287964 0.015579965047449268 -0.010359782824503498 0.014058625650175289 0.02839737409894566 -0.0129953643922968 -0.020187192524972072 0.019706209333567631 -0.032131389966212724 0.0037046572523287686
leaf_weight=0.51748364232481181 2.0062019343022239 2.2629812441300596 1.2578289682278407 4.6132297129370272 1.4734269804321227 0.46718351077288378 1.6324188895523537 1.4622487893793712 3.0479574892669916 1.1293414887040851 3.0825126712443307 6.0135327249299735 2.3798016292275861 0.64891704730689515
leaf_count=6 25 215 67 88 16 16 81 26 55 10 114 122 136 13
internal_value=-0.0022293 -0.00960316 -0.00132637 0.00583033 0.0131379 -0.0153132 0.00287651 -0.00188559 0.0154356 0.00494497 -0.0086205 0.0135749 -0.0236387 -0.0300367
internal_weight=31.9951 12.7298 9.81787 7.81167 6.08666 1.72501 19.2653 14.5849 4.68038 11.6876 4.54476 7.14287 2.89729 2.9119
internal_count=990 440 212 187 104 83 550 414 136 272 140 132 142 228
is_linear=0
shrinkage=0.05


Tree=139
num_leaves=15
num_cat=0
split_feature=23 48 15 39 29 14 23 32 13 33 39 47 20 12
split_gain=0.549287 0.53659 0.535633 1.04186 0.877155 0.622066 1.19184 0.816642 0.812191 1.00247 0.986549 0.798824 1.04897 0.768621
threshold=0.085150000000000017 1.5000000000000002 0.27545000000000003 1.1890000000000003 17.500000000000004 0.20350000000000004 0.25545000000000007 20.000000000000004 0.42215000000000008 9.5000000000000018 1.054 0.23810000000000001 2.5000000000000004 0.25180000000000008
decision_type=2 2 2 2 2 2 2 2 2 2 2 2 2 2
left_child=-1 2 3 4 -2 7 11 -4 -9 -10 -11 -7 -13 -8
right_child=1 -3 5 -5 -6 6 13 8 9 10 -12 12 -14 -15
leaf_value=-0.02462062949866059 -0.02923393999374015 -0.01528937407458951 -0.021230836531399015 0.020114588795726019 0.017647192742157449 0.041988075679458531 0.0093387213595720678 0.021655200895572234 0.018017191399023913 -0.037646107221866947 0.0060842739565841906 0.026110559773615039 -0.011127035340337238 -0.029744317210227078
leaf_weight=0.91244741005357255 3.4030387188540803 2.6629192001419133 2.440006637247282 1.4178936114767564 0.56498354673385609 3.065858079120515 2.1679874655092131 3.9896544851362687 2.0457055713050067 1.8631200667005035 1.9115672481711952 3.3100456787506118 2.5968630842398852 1.1852853745222089
leaf_count=117 139 135 61 53 5 62 43 61 42 44 31 106 68 34
internal_value=0.00150808 0.00294932 0.00501177 -0.00821584 -0.0203503 0.00811853 0.0155949 -1.34143e-05 0.0067397 -0.00516033 -0.0188642 0.0243897 0.0104989 -0.00813523
internal_weight=33.5374 32.6249 29.962 5.38592 3.96802 24.5761 12.326 12.2501 9.81005 5.82039 3.77469 8.97277 5.90691 3.35327
internal_count=1001 884 749 197 144 552 313 239 178 117 75 236 174 77
is_linear=0
shrinkage=0.05


Tree=140
num_leaves=15
num_cat=0
split_feature=13 13 47 32 12 29 28 46 46 14 22 41 23 39
split_gain=0.553717 0.993067 0.819633 0.778748 0.667274 0.584806 0.781837 1.15447 0.581553 0.543215 0.726391 0.452558 0.436768 0.335474
threshold=0.51760000000000017 0.26640000000000003 0.37375000000000008 38.500000000000007 0.036400000000000009 12.500000000000002 0.57735000000000014 6.5000000000000009 9.5000000000000018 0.19360000000000002 0.89605000000000012 0.89900000000000013 0.14550000000000005 1.054
decision_type=2 2 2 2 2 2 2 2 2 2 2 2 2 2
left_child=1 4 3 -2 -1 6 12 -8 -6 -9 -11 -4 -3 -14
right_child=2 5 11 -5 8 -7 7 9 -10 10 -12 -13 13 -15
leaf_value=0.015115199911312209 0.014831049698478579 0.0028080096005091348 -0.036537308335319922 -0.01505801294338443 -0.029089520779898168 -0.015112879626985671 0.021202030935659793 -0.033813195556208181 0.0055383699881007562 -0.018198265187053676 0.021962268542886951 0.0075256684101555425 0.033407214868895717 0.00650675942692556
leaf_weight=0.93538515549153345 3.3847608631476742 2.8541469256160834 2.1232596336631109 3.3326606703922153 3.4257443916285411 1.3325791552197177 2.4127655751071861 1.381056552520022 1.2828311510384081 1.5344774175900968 1.02627558237873 0.34779016324318934 4.6540712693240494 2.1813165460480377
leaf_count=16 41 88 209 40 158 39 44 51 99 71 19 16 69 40
internal_value=-0.000471158 0.00368584 -0.0102256 -2.72959e-05 -0.0130714 0.00954374 0.0123582 -0.00132911 -0.0203378 -0.0166199 -0.000455377 -0.0299542 0.0206192 0.0267488
internal_weight=32.2091 23.0206 9.18847 6.71742 5.64396 17.3767 16.0441 6.35458 4.70858 3.94181 2.56075 2.47105 9.68953 6.83539
internal_count=1000 694 306 81 273 421 382 185 257 141 90 225 197 109
is_linear=0
shrinkage=0.05


Tree=141
num_leaves=15
num_cat=1
split_feature=12 12 12 12 14 0 13 14 35 37 57 22 13 19
split_gain=0.513344 0.648561 0.897916 0.915452 0.85885 0.88494 0.774077 0.74215 0.707786 0.641893 0.638272 0.508059 0.501792 0.383897
threshold=0.50545000000000007 0.35650000000000009 0.14675000000000002 0.055800000000000009 0.21680000000000002 0.73160000000000014 0.21160000000000004 0.10330000000000002 12.500000000000002 0.13395000000000004 0 0.84295000000000009 0.4048500000000001 19.500000000000004
decision_type=2 2 2 2 2 2 2 2 2 2 1 2 2 2
left_child=1 2 3 6 5 7 -1 -5 11 -9 -3 13 -6 -4
right_child=-2 10 8 4 12 -7 -8 9 -10 -11 -12 -13 -14 -15
leaf_value=0.022944919590701652 -0.024895588432208425 -0.0095633348232312815 0.011478407500863026 0.021689849189402581 0.0051716491153650304 0.026253139891404948 -0.013068563096013688 -0.021553255610443311 0.0058972304866433236 0.015708848028013114 0.032911279625781734 -0.041823936944019847 0.035476715516015743 -0.021507047103284715
leaf_weight=0.83000147715212236 0.94355087191797693 0.74524770933203399 1.0532446258002885 0.77350466791540196 2.6291076153283939 1.4320401318836955 8.6068981779972074 4.9186771413078532 1.7712463511852545 0.6716956878080963 1.8712561582215124 1.7929031712701542 3.1411085126455873 0.57858418906107534
leaf_count=9 158 30 39 8 56 36 162 211 48 11 40 76 82 17
internal_value=5.19527e-05 0.00157432 -0.000949298 0.00346338 0.0114437 0.000114757 -0.00800612 -0.00853345 -0.0178907 -0.0153719 0.0215142 -0.0287459 0.0244721 -0.00394505
internal_weight=31.7591 30.8155 28.199 23.003 13.5661 7.79592 9.4369 6.36388 5.19598 5.59037 2.6165 3.42473 5.77022 1.63183
internal_count=983 825 755 575 404 266 171 230 180 222 70 132 138 56
cat_boundaries=0 1
cat_threshold=2
is_linear=0
shrinkage=0.05


Tree=142
num_leaves=15
num_cat=0
split_feature=12 23 19 36 48 14 20 32 0 19 19 39 19 46
split_gain=0.61433 0.62179 0.644016 0.645798 0.743295 0.645277 0.562232 0.886896 0.602847 0.850309 1.07387 0.874034 0.803519 1.0046
threshold=0.024800000000000003 0.085150000000000017 4.5000000000000009 1.5000000000000002 1.5000000000000002 0.35535000000000011 4.5000000000000009 20.000000000000004 0.50170000000000015 8.5000000000000018 12.500000000000002 0.99950000000000017 13.500000000000002 6.5000000000000009
decision_type=2 2 2 2 2 2 2 2 2 2 2 2 2 2
left_child=-1 -2 -3 4 6 -5 8 -8 9 -4 11 -11 13 -10
right_child=1 2 3 5 -6 -7 7 -9 12 10 -12 -13 -14 -15
leaf_value=-0.027859304810738467 -0.025139541205054097 0.022225112991711007 -0.031110120081233802 0.031438940022251088 -0.027824682922783929 -0.011081781837984637 -0.033435989468811676 0.012265470832584335 -0.017242528916513716 -0.012197979574695065 -0.014978320879219728 0.033177278408840306 0.023763095878589255 0.01914519282918424
leaf_weight=0.77900953218341129 0.94839072483591991 3.2004479640163508 1.4309994594659778 1.997453284915536 1.4874553232220922 0.67913441546261299 1.6525662423809984 1.0896931709721682 3.4087284367997182 0.93229359341785345 3.2850554527249187 2.3563631103606895 5.3019528798758984 2.3357304818928242
leaf_count=6 117 66 125 60 118 29 34 18 45 51 142 62 91 27
internal_value=0.000744569 0.00235653 0.00405481 0.00107314 -0.00192333 0.0205704 0.000987685 -0.0168508 0.00426773 -0.00577772 0.0031163 0.0204691 0.0114224 -0.00180213
internal_weight=30.8853 30.1063 29.1579 25.9574 23.2808 2.67659 21.7934 2.74226 19.0511 8.00471 6.57371 3.28866 11.0464 5.74446
internal_count=991 985 868 802 713 89 595 52 543 380 255 113 163 72
is_linear=0
shrinkage=0.05


Tree=143
num_leaves=15
num_cat=0
split_feature=12 12 39 13 46 19 0 47 23 36 32 46 13 23
split_gain=0.554226 0.86656 0.953682 0.671109 0.549101 0.60284 0.45558 0.590853 1.02165 0.509841 0.542106 0.747857 0.675034 0.746588
threshold=0.14675000000000002 0.28070000000000006 1.2325000000000002 0.26785000000000009 9.5000000000000018 11.500000000000002 0.7340000000000001 0.083100000000000021 0.20940000000000003 1.5000000000000002 20.000000000000004 7.5000000000000009 0.52540000000000009 0.10435000000000001
decision_type=2 2 2 2 2 2 2 2 2 2 2 2 2 2
left_child=6 2 -2 -3 -5 -6 9 8 -8 10 -1 -12 -13 -14
right_child=1 3 -4 4 5 -7 7 -9 -10 -11 11 12 13 -15
leaf_value=-0.016077286376444615 -0.040069195533030399 -0.021249985100354009 0.013571503109701948 0.025421728644224928 0.013659990636232307 -0.022234867538960212 0.023626923935341812 0.03518277026259857 -0.018123126362874092 0.023087891359902423 -0.018573426167260886 0.015542520587100006 0.016133601752152223 -0.026705555908943635
leaf_weight=4.2490778639912703 2.2196868343744414 1.3158702525543047 0.56242628395557392 2.0320663965540007 1.4958753850078212 1.2400994121562687 1.8963145741727194 1.4507488273084161 1.9827066725119948 1.1766503960825492 2.2194311814382663 7.8227391093969327 0.84709555434528772 1.5451309335185213
leaf_count=135 105 137 8 42 57 62 57 26 25 25 27 170 30 89
internal_value=0.000301704 -0.00969512 -0.0285041 0.00171565 0.0106389 -0.00420631 0.00436651 0.015893 0.00294629 0.000266501 -0.00255764 0.00291512 0.00882381 -0.0112519
internal_weight=32.0559 8.86602 2.78211 6.08391 4.76804 2.73597 23.1899 5.32977 3.87902 17.8601 16.6835 12.4344 10.215 2.39223
internal_count=995 411 113 298 161 119 584 108 82 476 451 316 289 119
is_linear=0
shrinkage=0.05


Tree=144
num_leaves=15
num_cat=0
split_feature=46 0 13 30 29 47 22 45 14 12 14 12 12 28
split_gain=0.513559 1.28501 0.976536 0.637694 0.724078 0.675494 0.709474 0.659712 0.584519 0.799805 0.788511 0.477794 0.470702 0.462353
threshold=19.500000000000004 0.37910000000000005 0.52540000000000009 2.5000000000000004 4.5000000000000009 0.22140000000000001 0.9245000000000001 4.5000000000000009 0.44020000000000009 0.35650000000000009 0.16800000000000001 0.25180000000000008 0.054650000000000011 0.61310000000000009
decision_type=2 2 2 2 2 2 2 2 2 2 2 2 2 2
left_child=1 -1 13 -3 -5 8 7 -7 10 -10 12 -12 -6 -2
right_child=2 3 -4 4 5 6 -8 -9 9 -11 11 -13 -14 -15
leaf_value=-0.023180864059986452 0.031354165516761144 0.019285411640479214 -0.021423119501757862 -0.024012415904803821 -0.017767144261148952 -0.029444171581975633 0.010355616260941952 0.0086617180791009642 -0.027955060163170821 0.014675662775668483 0.033939569521186486 -0.00029201430379394459 0.014270207840575694 -0.0056603469662910256
leaf_weight=4.5458611622452798 3.1075944298645477 4.0716852783225503 0.66975394752807904 1.856957866228188 1.5785080725327154 3.015962562407366 2.3753823714796454 1.05883218254894 1.2190411351621153 1.294693252071738 3.8759843974839896 1.2673525754362343 1.1098925434052942 0.71857852733228345
leaf_count=335 43 78 85 38 16 102 31 26 20 33 78 13 32 57
internal_value=0.00119777 -0.001558 0.0151551 0.00356229 -0.000676585 0.00310783 -0.0087863 -0.0197867 0.0106444 -0.00807041 0.0168849 0.0268302 -0.0042577 0.0246702
internal_weight=31.7661 27.2702 4.49593 22.7243 18.6526 16.7956 6.45018 4.07479 10.3455 2.51373 7.83174 5.14334 2.6884 3.82617
internal_count=987 802 185 467 389 351 159 128 192 53 139 91 48 100
is_linear=0
shrinkage=0.05


Tree=145
num_leaves=15
num_cat=0
split_feature=39 21 0 27 27 14 28 13 39 45 13 29 39 13
split_gain=0.809033 0.54094 0.57013 1.13212 0.916539 0.625475 0.895191 1.02766 0.55988 0.518003 0.504102 0.479984 0.461194 0.373104
threshold=1.1460000000000001 0.10895000000000002 0.34510000000000002 13.000000000000002 10.500000000000002 0.21680000000000002 0.78175000000000006 0.42885000000000001 0.99950000000000017 3.5000000000000004 0.30800000000000005 7.5000000000000009 1.4115000000000002 0.40260000000000001
decision_type=2 2 2 2 2 2 2 2 2 2 2 2 2 2
left_child=1 2 4 8 9 6 7 -5 11 -1 -6 -4 -2 -7
right_child=12 -3 3 5 10 13 -8 -9 -10 -11 -12 -13 -14 -15
leaf_value=-0.015127715836552983 0.027136189257310463 -0.026957023230904653 0.021986463446109626 0.027812800592640671 0.0024629519753894698 0.00435045965458519 -0.025975568345019517 -0.011672475192365932 -0.019041029862509343 0.020567378307244848 -0.036621086566666815 -0.011994988055865628 -0.0091155576072744701 0.030346980927820011
leaf_weight=0.74742338468787339 2.9360726347658779 1.0801144660217676 1.2451288582524296 2.6510971440002322 0.93872001569252495 2.450090559432283 1.2912722155451772 2.2258097683079541 5.1357762785628438 1.6902249227277932 2.3174284233245999 1.0656791212968526 0.59618924651294936 3.9183184357825667
leaf_count=69 61 93 27 35 78 52 22 34 70 43 249 19 82 56
internal_value=0.000791495 -0.00243161 -0.000428115 0.00364081 -0.0131191 0.0124583 0.000610609 0.0108721 -0.0109212 0.00840585 -0.0274222 0.00742557 0.0203563 0.0222932
internal_weight=30.2893 26.7571 25.677 19.9832 5.6938 12.5366 6.16818 4.87691 7.44658 2.43765 3.25615 2.31081 3.53226 6.36841
internal_count=990 847 754 315 439 199 91 69 116 112 327 46 143 108
is_linear=0
shrinkage=0.05


Tree=146
num_leaves=15
num_cat=0
split_feature=23 47 45 45 33 0 28 14 37 13 38 28 23 22
split_gain=0.519455 0.538392 0.848384 0.837779 1.47466 0.786261 0.601573 0.685184 1.00075 0.723413 0.516312 0.375405 0.369727 0.604075
threshold=0.085150000000000017 0.38125000000000009 3.5000000000000004 1.5000000000000002 12.500000000000002 0.56520000000000004 0.23610000000000003 0.36850000000000005 0.10795 0.44650000000000006 71.500000000000014 0.34520000000000001 0.11650000000000001 0.80475000000000019
decision_type=2 2 2 2 2 2 2 2 2 2 2 2 2 2
left_child=-1 3 12 5 -5 -2 -7 8 9 -8 11 -4 -3 -14
right_child=1 2 10 4 -6 6 7 -9 -10 -11 -12 -13 13 -15
leaf_value=-0.024944820384512085 0.031171975735812991 0.0067518912129791945 0.020520629356724954 -0.03059848719453246 0.023307429850507433 0.024923502047637908 0.013064501689008447 -0.017408373562570519 0.033716675993563171 -0.016378288830345186 -0.015563791301424757 -0.0071292936542418882 -0.0030228345583625544 -0.037125341051300012
leaf_weight=0.93415673833806323 2.9588566001039061 0.75944471394177337 3.4850786949973553 2.5209014414576809 1.0979068642482159 2.0177379139931864 2.9783682124689204 3.0147619012277573 1.5883772205561397 3.4209891045466065 1.134849772788584 1.1148849853780118 2.4103526682592928 2.4065659850020893
leaf_count=122 50 32 52 51 23 37 37 61 40 35 90 81 124 169
internal_value=0.000222721 0.00174126 -0.00659292 0.00663799 -0.0127387 0.0115181 0.0051469 -0.000254267 0.00743665 -0.00276143 0.00649352 0.0137428 -0.0189921 -0.023514
internal_weight=31.8432 30.9091 11.3112 19.5979 3.61881 15.9791 13.0202 11.0025 7.98773 6.39936 5.73481 4.59996 5.57636 4.81692
internal_count=1004 882 548 334 74 260 210 173 112 72 223 133 325 293
is_linear=0
shrinkage=0.05


Tree=147
num_leaves=15
num_cat=0
split_feature=13 47 12 22 15 33 14 32 28 37 39 0 15 22
split_gain=0.556132 0.757922 0.66693 0.62757 0.752983 0.813244 0.756823 0.659777 0.58991 0.98065 0.489351 0.475997 0.410366 0.450155
threshold=0.26005000000000006 0.030550000000000025 0.035900000000000008 0.80475000000000019 0.46375000000000005 5.5000000000000009 0.21200000000000005 38.500000000000007 0.34520000000000001 0.081150000000000014 1.0740000000000001 0.51310000000000011 0.41155000000000003 0.88350000000000006
decision_type=2 2 2 2 2 2 2 2 2 2 2 2 2 2
left_child=2 -2 -1 8 6 -6 7 -5 -3 10 -10 -9 13 -8
right_child=1 3 -4 4 5 -7 12 11 9 -11 -12 -13 -14 -15
leaf_value=0.014356017358461929 0.026559228572137317 0.021259404496405392 -0.023311142352321242 -0.02392700125392409 0.014251692607663262 -0.022601952049190521 -0.016731267746776048 -0.011121899549554826 -0.027478091601743911 0.023609185536933322 0.011368219570767399 0.022953150689016617 0.03210641461682516 0.015605981828928979
leaf_weight=0.79082115925848739 1.6467434889636958 3.8277548503829193 4.1123519921675324 2.3337155112531054 1.1140442870091627 7.2316094695706852 0.9034068629844122 1.0830759309465068 2.1636629807762811 1.1197110600769518 0.47179107950068999 1.2035292340442536 1.4594028282444922 1.4933625857811419
leaf_count=10 49 64 254 57 47 223 40 28 113 15 8 16 32 43
internal_value=-0.00196965 0.00112842 -0.0158331 -0.00156543 -0.00685943 -0.0166839 0.00355321 -0.00931542 0.00960979 -0.00423858 -0.0193098 0.00833997 0.0177151 0.00207991
internal_weight=30.955 26.0518 4.90317 24.4051 16.8221 8.34565 8.47649 4.62032 7.58292 3.75517 2.63545 2.28661 3.85617 2.39677
internal_count=999 735 264 686 486 270 216 101 200 136 121 44 115 83
is_linear=0
shrinkage=0.05


Tree=148
num_leaves=15
num_cat=0
split_feature=36 13 29 39 39 22 14 12 13 0 14 28 23 12
split_gain=0.559823 0.892819 0.558878 0.603749 0.922365 0.983385 0.659407 0.651136 0.657491 0.602883 0.53628 0.499612 0.491807 0.473942
threshold=1.5000000000000002 0.23520000000000002 4.5000000000000009 1.1175000000000004 1.0005000000000002 0.77350000000000019 0.12860000000000002 0.055800000000000009 0.40260000000000001 0.60420000000000018 0.13950000000000004 0.65480000000000016 0.13820000000000002 0.11530000000000001
decision_type=2 2 2 2 2 2 2 2 2 2 2 2 2 2
left_child=2 -2 10 4 5 -4 -6 9 -9 -7 -1 12 -5 -12
right_child=1 -3 3 11 6 7 -8 8 -10 -11 13 -13 -14 -15
leaf_value=0.0061680258858773963 -0.019300315414841455 0.028901683088943864 -0.023786629416503925 -0.0071095913351328088 0.010139551957178281 0.012342529075776652 -0.028332111771006092 -0.00089904963286955685 0.028326577919812669 -0.023176168634111954 -0.032420946755911562 -0.012615597345523331 0.028440951471674983 0.0012913886148588991
leaf_weight=1.4538941666251108 0.58875977993011419 2.054312284104526 1.8542679998790905 0.84538276668172274 0.86526303086429734 1.3066510205389916 4.2284509148448706 3.0806051166728139 3.8754988396540284 1.6808849573135374 3.3108434355817735 0.75778597977478046 2.8544529973296449 1.2769807054428381
leaf_count=32 26 64 93 38 8 34 121 111 155 17 112 35 58 84
internal_value=-0.00277386 0.0158139 -0.00506131 -0.000984815 -0.00538457 0.00256928 -0.0212055 0.00920853 0.0168974 -0.00844199 -0.0172807 0.0136193 0.0205336 -0.0244856
internal_weight=30.034 2.64307 27.391 21.3492 16.8916 11.7979 5.09371 9.94364 6.9561 2.98754 6.04172 4.45762 3.69984 4.58782
internal_count=988 90 898 670 539 410 129 317 266 51 228 131 96 196
is_linear=0
shrinkage=0.05


Tree=149
num_leaves=15
num_cat=0
split_feature=39 13 35 28 36 0 14 23 19 0 45 29 45 46
split_gain=0.446669 0.665724 0.830742 1.08558 0.551264 0.464709 0.416745 0.520425 0.538837 0.81502 0.47631 0.409107 0.391959 0.959881
threshold=1.0740000000000001 0.28430000000000005 5.5000000000000009 0.21825000000000003 1.5000000000000002 0.41700000000000009 0.21800000000000003 0.25545000000000007 14.500000000000002 0.70295000000000007 11.500000000000002 6.5000000000000009 3.5000000000000004 12.500000000000002
decision_type=2 2 2 2 2 2 2 2 2 2 2 2 2 2
left_child=1 -1 11 5 6 -4 10 8 -8 -10 -5 -3 13 -2
right_child=12 2 3 4 -6 -7 7 -9 9 -11 -12 -13 -14 -15
leaf_value=-0.02265128033775143 0.012332938932218209 0.024105620208244041 -0.0087486198810673016 -0.02757245786655842 0.016168003349771479 0.025833156806371833 0.02164889874293054 -0.023727658521095703 -0.024845365173372866 0.021098458581395165 0.0047470177542366411 -0.0088757268986444648 0.024690034763496117 -0.027269862173487036
leaf_weight=3.0369424771633993 4.4559136853786177 3.2094752122648091 0.79215074493549709 5.6573372810962574 0.75470917951315719 2.3665730133652687 1.7212926640640946 1.0897697665495796 1.5412460727384316 0.63426254829391826 1.0551475518150253 0.64738345495425154 1.7690935609862206 1.1284724756842477
leaf_count=192 133 70 46 168 23 35 53 31 75 12 26 50 32 45
internal_value=-0.000662716 -0.00417184 -0.00032354 -0.00562667 -0.0122466 0.0171424 -0.0152085 -0.00322891 0.00617857 -0.00902462 -0.0225353 0.017882 0.00929114 0.00140397
internal_weight=29.8598 22.5063 19.4693 15.6125 12.4538 3.15872 11.6991 4.98657 3.8968 2.17551 6.71248 3.85686 7.35348 5.58439
internal_count=991 781 589 469 388 81 365 171 140 87 194 120 210 178
is_linear=0
shrinkage=0.05


Tree=150
num_leaves=15
num_cat=1
split_feature=20 23 0 46 21 12 39 28 14 19 32 40 57 33
split_gain=0.465436 0.511945 0.498587 0.616727 0.634692 0.467652 0.551841 0.449169 0.762435 0.501836 0.445495 0.40806 0.574763 0.320653
threshold=7.5000000000000009 0.085150000000000017 0.34510000000000002 20.500000000000004 0.080100000000000018 0.024800000000000003 0.99950000000000017 0.76390000000000013 0.21680000000000002 24.500000000000004 8.5000000000000018 1.0000000180025095e-35 0 14.500000000000002
decision_type=2 2 2 2 2 2 2 2 2 2 2 2 1 2
left_child=1 -1 3 4 10 -5 -7 11 -9 -10 -3 12 -4 -14
right_child=-2 2 7 5 -6 6 -8 8 9 -11 -12 -13 13 -15
leaf_value=-0.023222456070810731 -0.02391600073190394 0.0087531503890072079 0.018371408502416864 -0.017257525590041244 0.015963599477804329 -0.016563494628451535 0.021415609649077898 -0.022949631285947552 0.022134109020562179 -0.010397734063016429 -0.03581971971751801 -0.0066782206970452456 -0.0167936111379072 0.012318357171181465
leaf_weight=0.81738365883939579 0.7391315222484981 0.2698894800851156 12.519040257902816 0.78807240724563588 0.29416372883133579 0.46217381872702423 2.8355100203771144 2.0338074066676191 1.9484873686451467 1.2125372486189006 2.1539864872465841 2.0704637734452254 1.500428682658826 0.63669000798836339
leaf_count=113 32 10 200 4 17 67 82 32 52 16 253 36 61 12
internal_value=0.00130194 0.00269525 0.00418917 -0.0069372 -0.0218394 0.00532141 0.0134773 0.00779447 -0.00441788 0.0101554 -0.0297497 0.0116226 0.0144693 -0.00695858
internal_weight=30.2818 29.5426 28.7253 6.8038 2.71804 4.08576 3.29768 21.9215 5.19483 3.16102 2.42388 16.7266 14.6562 2.13712
internal_count=987 955 842 433 280 153 149 409 100 68 263 309 273 73
cat_boundaries=0 1
cat_threshold=4
is_linear=0
shrinkage=0.05


Tree=151
num_leaves=15
num_cat=0
split_feature=19 39 19 47 35 32 0 12 20 19 15 27 22 12
split_gain=0.595902 1.06004 0.527289 0.826385 0.621216 0.769535 1.0106 0.688782 0.576668 0.716451 0.590337 0.459043 0.450972 0.376215
threshold=4.5000000000000009 0.92000000000000015 8.5000000000000018 0.24505000000000002 6.5000000000000009 49.500000000000007 0.58655000000000013 0.15040000000000003 3.5000000000000004 13.500000000000002 0.27205000000000007 13.000000000000002 0.73030000000000006 0.067000000000000018
decision_type=2 2 2 2 2 2 2 2 2 2 2 2 2 2
left_child=12 -2 3 -3 7 6 -6 11 9 -8 -11 -4 13 -1
right_child=1 2 4 -5 5 -7 8 -9 -10 10 -12 -13 -14 -15
leaf_value=0.01636789798007119 -0.030384225665380484 0.0083486383863724378 -0.0031419560343531605 -0.02772218484054988 -0.029227396450975947 0.015128489762626974 -0.0081269159204889561 -0.0116309260447192 -0.015525554271385432 -0.0063514170780548333 0.035214761518410825 0.030283182734435022 0.026732160165601416 -0.020714829518737304
leaf_weight=0.24874147679657044 1.9203700633370342 2.2550176586955812 1.06917696958408 2.4881664976710454 2.818694453162605 4.0751001860480747 2.2949411277659237 1.0950555669842286 2.1042213421314955 0.82011864334344897 1.9940370754338799 4.0485041773645207 2.4219467360526323 0.63578473275993019
leaf_count=2 149 33 27 166 168 85 32 61 24 10 46 77 39 73
internal_value=0.000826407 -0.0018644 0.00140279 -0.0121056 0.00497591 -0.0010545 -0.00840363 0.0169168 0.00230132 0.010983 0.024612 0.0239279 0.0181193 -0.00713481
internal_weight=30.2899 26.9834 25.063 4.74318 20.3198 14.1071 10.032 6.21274 7.21332 5.1091 2.81416 5.11768 3.30647 0.884526
internal_count=992 878 729 199 530 365 280 165 112 88 56 104 114 75
is_linear=0
shrinkage=0.05


Tree=152
num_leaves=15
num_cat=0
split_feature=14 14 46 23 32 28 45 23 14 14 22 47 29 13
split_gain=0.463929 0.538986 0.528819 0.756339 0.718019 0.710324 1.07484 0.628664 0.593386 0.634027 0.511933 0.675571 0.503998 0.535525
threshold=0.59120000000000006 0.56100000000000005 4.5000000000000009 0.48585000000000006 36.500000000000007 0.96430000000000005 1.0000000180025095e-35 0.20345000000000005 0.21680000000000002 0.24215 0.73030000000000006 0.24505000000000002 3.5000000000000004 0.64620000000000011
decision_type=2 2 2 2 2 2 2 2 2 2 2 2 2 2
left_child=1 2 5 7 -5 6 -1 8 12 -10 -11 -12 -4 -14
right_child=-2 -3 3 4 -6 -7 -8 -9 9 10 11 -13 13 -15
leaf_value=0.031911273136658889 -0.023876323777996485 0.024301206177529417 0.0079042826357172968 0.023534304380414914 -0.01305626739586206 -0.019084072069788797 -0.01201305959298086 -0.02582288065814305 0.027085452516060472 0.018122540883895203 0.011559420257583324 -0.026503637826594581 -0.02752222118104999 0.0084374738060417412
leaf_weight=2.9546467205509641 1.5209973118617188 0.91827063937671383 1.4315858054906181 2.5836608328390862 1.3380576770287005 0.8398726675659417 1.4938372678589074 4.3838322650408363 1.4276832840405402 0.89301321085076768 1.1538674579933288 2.0674303648411296 3.9991575654712506 0.80849111836869259
leaf_count=58 193 19 62 49 45 11 55 105 39 17 18 127 151 24
internal_value=-0.00337021 -0.00135265 -0.00316718 -0.00686031 0.0109337 0.00972065 0.0176635 -0.0115627 -0.00465123 0.00667388 -0.00432011 -0.013361 -0.0142431 -0.0210634
internal_weight=27.8144 26.2934 25.3751 20.0868 3.92172 5.28836 4.44848 16.1651 11.7812 5.54199 4.11431 3.2213 6.23923 4.80765
internal_count=973 780 761 637 94 124 113 543 438 201 162 145 237 175
is_linear=0
shrinkage=0.05


Tree=153
num_leaves=15
num_cat=0
split_feature=39 13 29 36 0 13 30 19 39 13 33 46 33 39
split_gain=0.545003 1.01602 0.912626 0.678194 0.551411 0.868606 0.719693 0.554168 0.791206 0.760691 0.682514 0.61273 0.573855 0.874938
threshold=1.1890000000000003 0.26005000000000006 17.500000000000004 1.5000000000000002 0.70295000000000007 0.48490000000000005 10.500000000000002 14.500000000000002 0.9425 0.52540000000000009 6.5000000000000009 9.5000000000000018 6.5000000000000009 1.0495000000000003
decision_type=2 2 2 2 2 2 2 2 2 2 2 2 2 2
left_child=1 2 -1 4 6 -6 7 8 11 12 -9 -3 -10 -14
right_child=-2 3 -4 -5 5 -7 -8 10 9 -11 -12 -13 13 -15
leaf_value=-0.035951444416962783 0.018586739744910537 0.0081878401982382609 0.015289687326764684 0.024011065460213143 0.030714301776490666 -0.0046523861574106823 -0.031903585318912027 0.010566173520393475 -0.0061331398494841854 -0.014134767017570334 -0.026690452009561313 -0.032044251490283719 0.040646629922601873 0.0015453734541927427
leaf_weight=2.6894648197921991 2.1538217391353092 1.0320215292740713 0.52049268607515831 1.766737654339521 1.9147670548409212 3.7552374852821231 1.4664586194558058 1.1461744012776751 1.4996896001975963 1.5921751996502278 2.9177718472201377 1.350869524059817 2.64459529297892 2.4903171530459076
leaf_count=151 109 18 6 61 40 40 76 29 61 79 132 91 49 38
internal_value=-0.00115729 -0.0033566 -0.0259845 0.000656092 -0.0022055 0.0101052 -0.0068675 -0.00248957 0.00369258 0.0110075 -0.0161712 -0.0173502 0.0181022 0.0250263
internal_weight=28.9406 26.7868 3.20996 23.5768 21.8101 5.67 16.1401 14.6736 10.6097 8.22678 4.06395 2.38289 6.6346 5.13491
internal_count=980 871 157 714 653 80 573 497 336 227 161 109 148 87
is_linear=0
shrinkage=0.05


Tree=154
num_leaves=15
num_cat=0
split_feature=23 23 33 46 36 15 32 12 42 39 12 29 23 23
split_gain=0.438754 0.398809 0.749468 0.467047 0.729782 1.32176 1.24241 0.854122 0.831915 0.658029 0.583434 0.699448 0.460312 0.455987
threshold=0.085150000000000017 0.11650000000000001 6.5000000000000009 2.5000000000000004 1.0000000180025095e-35 0.45510000000000006 20.000000000000004 0.056400000000000013 1.0000000180025095e-35 0.99950000000000017 0.024800000000000003 3.5000000000000004 0.20940000000000003 0.19200000000000003
decision_type=2 2 2 2 2 2 2 2 2 2 2 2 2 2
left_child=-1 2 -2 12 6 8 -5 -7 -6 -8 -11 -12 -3 -13
right_child=1 3 -4 4 5 7 9 -9 -10 10 11 13 -14 -15
leaf_value=-0.023517027566946871 0.032418218618155463 0.0047392547957882791 -0.003925549688748026 -0.034611617679157373 -0.0015171056051103517 -0.030624698053058272 -0.019986751845293166 0.0059609055682710924 0.033789762760451654 -0.016969159418660878 -0.017725200892995775 -0.0044698817577227086 -0.030086003940909319 0.029487870070985734
leaf_weight=0.83738517545862379 1.7316907010972524 1.1566431862302153 2.5573050860548392 2.1207685376284662 2.3024234704207611 1.5916753634810445 1.4318210663623174 3.4905742222908884 4.3577368906699121 0.78179547190666188 0.52722991327755142 0.95191494352184225 1.4650019495747981 3.6585954139009118
leaf_count=114 36 34 83 157 61 16 126 58 52 4 57 69 29 83
internal_value=0.000186514 0.00167547 0.0141033 -0.00103856 0.00171722 0.00968617 -0.00814332 -0.00864834 0.0229795 0.00272255 0.0103101 0.0165495 -0.0176553 0.0229297
internal_weight=28.9626 28.1252 4.289 23.8362 21.2145 11.7424 9.47213 5.08225 6.66016 7.35136 5.91954 5.13774 2.62165 4.61051
internal_count=979 865 119 746 683 187 496 74 113 339 213 209 63 152
is_linear=0
shrinkage=0.05


Tree=155
num_leaves=15
num_cat=0
split_feature=12 23 12 12 35 12 12 12 0 13 14 45 0 45
split_gain=0.479811 0.447448 0.448006 0.553247 0.754767 0.603198 0.576432 0.975624 0.814389 0.812335 0.639303 0.624136 0.512962 0.468877
threshold=0.50545000000000007 0.085150000000000017 0.40520000000000006 0.14675000000000002 12.500000000000002 0.28070000000000006 0.055800000000000009 0.036400000000000009 0.39340000000000003 0.33185000000000003 0.20830000000000001 2.5000000000000004 0.6101000000000002 16.500000000000004
decision_type=2 2 2 2 2 2 2 2 2 2 2 2 2 2
left_child=1 -1 3 6 5 -5 7 11 10 12 13 -3 -10 -8
right_child=-2 2 -4 4 -6 -7 8 -9 9 -11 -12 -13 -14 -15
leaf_value=-0.021494668630048244 -0.0230024081916721 0.020746926896104679 0.025836154251136598 -0.033754480646573874 0.014380436307857479 0.00060061396790430342 -0.031155658798821536 -0.022707614463772882 0.017455351462694679 0.031631906148124438 0.01363997909493469 -0.0077881105371039316 -0.014213269800226348 0.011862862117606393
leaf_weight=0.71851289313054323 0.81618336128303681 3.3248731315834537 1.3653770796954621 2.0768104920280157 1.5369447724660856 2.1262658010236919 1.4077676566666917 2.8478643709095195 1.3591288365423664 5.2206772984936833 1.3762020948342977 2.7092416100203991 1.7925192196853457 0.26868868805468071
leaf_count=107 161 59 37 90 44 67 129 77 19 93 67 29 24 4
internal_value=0.00203931 0.00353054 0.00491993 0.00290881 -0.00971749 -0.0195996 0.00676636 -0.00268529 0.013739 0.0211538 -0.00679898 0.00864925 0.000358555 -0.0224047
internal_weight=28.9471 28.1309 27.4124 26.047 5.74002 4.20308 20.307 8.88198 11.425 8.37233 3.05266 6.03411 3.15165 1.67646
internal_count=1007 846 739 702 201 157 501 165 336 136 200 88 43 133
is_linear=0
shrinkage=0.05


Tree=156
num_leaves=15
num_cat=0
split_feature=15 36 12 45 0 38 30 14 14 35 19 22 46 41
split_gain=0.470607 0.62766 0.611654 0.460972 1.30872 0.862696 0.801767 1.10979 1.16675 1.11223 1.03335 0.974583 0.562781 0.341903
threshold=0.23965000000000003 1.5000000000000002 0.036400000000000009 6.5000000000000009 0.34845000000000004 61.000000000000007 7.5000000000000009 0.13950000000000004 0.31700000000000006 6.5000000000000009 13.500000000000002 0.8761000000000001 6.5000000000000009 0.89900000000000013
decision_type=2 2 2 2 2 2 2 2 2 2 2 2 2 2
left_child=2 3 -1 4 -2 -5 7 -6 9 -9 12 -12 -8 -7
right_child=1 -3 -4 5 6 13 10 8 -10 -11 11 -13 -14 -15
leaf_value=0.011156737611776157 -0.031071609910719389 0.02315399296919185 -0.031409359628093228 0.033281920107541656 0.036246648822206053 -0.015876580880446928 -0.039002435887953595 0.014242540569226803 0.024902522578816672 -0.025825688714099418 -0.013941488201246409 0.027562628994928701 -0.0015171048196847407 0.012635427772012578
leaf_weight=0.66219985438511075 2.728686698945249 2.030684439232572 1.4585876383353023 1.5606741032097478 2.0081134962383675 1.754561049398035 2.010411211289465 1.9661832894198594 2.2549046273343265 3.6166833573952317 1.9649436462204906 1.8064548508264122 1.6261677332804536 0.79125974245835085
leaf_count=11 323 68 157 30 20 103 19 24 54 52 38 37 35 16
internal_value=-0.000427865 0.00170234 -0.0188023 -0.000956812 -0.00420016 0.0125574 0.00151893 0.0104285 0.000460783 -0.0116945 -0.0101546 0.00754864 -0.0261826 -0.00595058
internal_weight=28.2405 26.1197 2.12079 24.089 19.9825 4.10649 17.2539 9.84588 7.83777 5.58287 7.40798 3.7714 3.63658 2.54582
internal_count=987 819 168 751 602 149 279 150 130 76 129 75 54 119
is_linear=0
shrinkage=0.05


Tree=157
num_leaves=15
num_cat=0
split_feature=12 14 28 0 12 12 13 29 20 39 33 47 13 14
split_gain=0.385277 0.578155 0.763355 0.812855 0.76165 0.683185 0.587796 0.967028 0.560504 0.556139 0.660431 0.321904 0.281846 0.279427
threshold=0.14675000000000002 0.21680000000000002 0.78175000000000006 0.74185000000000012 0.027900000000000005 0.056400000000000013 0.43695000000000006 4.5000000000000009 2.5000000000000004 1.0650000000000002 12.500000000000002 0.19045000000000004 0.26005000000000006 0.60870000000000013
decision_type=2 2 2 2 2 2 2 2 2 2 2 2 2 2
left_child=1 2 3 4 -1 -3 7 -6 9 10 -2 -9 -7 -11
right_child=8 5 -4 -5 6 12 -8 11 -10 13 -12 -13 -14 -15
leaf_value=0.016117572348179773 -0.021775336025079878 -0.0050601077353013392 -0.025184318906754904 0.025314304076373109 0.024255414865754485 0.0013455598065602434 -0.025591727351424599 0.0069997875969496116 -0.022990448292173282 0.024507077172573138 0.015926985130918628 -0.023768677037002237 0.029395321082544237 -0.0063293700260118853
leaf_weight=2.5604847390204721 2.3919220014940934 2.6288234493695191 1.8582834497210559 2.2011124812997869 1.5825194802600888 1.2244416405446825 2.9275788334780373 0.67658565961755845 2.6713797211414203 1.6816506135510283 0.90539947501383711 1.8809481795178724 3.7765776189626195 0.53774026443716127
leaf_count=24 179 38 59 58 46 29 128 17 97 31 54 71 120 52
internal_value=0.000817202 0.00434022 -0.00191848 0.00341457 -0.00350275 0.0144892 -0.0117276 0.00114775 -0.00782895 0.00191408 -0.0101256 -0.0159494 0.0238963 0.0173904
internal_weight=29.5054 21.3174 13.6875 11.8292 9.62812 7.62984 7.06763 4.14005 8.18809 5.51671 3.29732 2.55753 5.00102 2.21939
internal_count=1003 590 403 344 286 187 262 134 413 316 233 88 149 83
is_linear=0
shrinkage=0.05


Tree=158
num_leaves=15
num_cat=0
split_feature=32 36 33 19 39 23 22 0 28 22 23 0 23 46
split_gain=0.51502 0.669993 0.781866 0.647301 0.730433 0.596251 1.04453 1.01626 0.487625 0.458022 0.442786 0.388526 0.373287 0.370435
threshold=20.000000000000004 1.0000000180025095e-35 5.5000000000000009 4.5000000000000009 0.92600000000000016 0.20940000000000003 0.81100000000000005 0.31380000000000002 0.69050000000000011 0.85330000000000006 0.19200000000000003 0.76440000000000008 0.10820000000000002 2.5000000000000004
decision_type=2 2 2 2 2 2 2 2 2 2 2 2 2 2
left_child=1 12 13 -2 -5 7 -7 10 9 -9 -6 -4 -1 -3
right_child=3 2 11 4 5 6 -8 8 -10 -11 -12 -13 -14 -15
leaf_value=0.0054364542194976868 0.02192290703906008 -0.0053189845795711017 -0.02352991028464381 -0.027882165386312097 -0.029277852501931663 0.010844739229390837 -0.028185674761305436 -0.0027341523915974148 -0.0031999804435050121 0.029439963683644207 0.0099008512906661149 0.0017020729407737478 -0.034538221813890158 0.030008443481945909
leaf_weight=0.41692637954838785 2.7314528734423247 0.71545148827135552 2.1948103317990899 1.2288420986151312 1.1942922887392322 2.5652245118981218 2.5142894870368764 1.1736644235206766 1.9727372743654994 4.7064587851054966 0.48067455599084485 2.6806700431043282 2.1204894940019585 1.2622307741548864
leaf_count=46 66 28 37 97 173 81 48 27 36 94 17 40 161 27
internal_value=-0.00165728 -0.0106077 -0.00129212 0.00318018 -0.00116272 0.00272751 -0.00993314 0.00977959 0.0172308 0.0235541 -0.0185364 -0.0117282 -0.0282899 0.019734
internal_weight=27.9582 9.39058 6.85316 18.5676 15.8362 14.6073 5.07951 9.52783 7.85286 5.88012 1.67497 4.87548 2.53742 1.97768
internal_count=978 339 132 639 573 476 129 347 157 121 190 77 207 55
is_linear=0
shrinkage=0.05


Tree=159
num_leaves=15
num_cat=1
split_feature=23 57 33 12 14 22 33 0 33 23 15 27 37 14
split_gain=0.438067 0.40644 0.543561 0.522913 0.69673 0.54623 0.611381 0.627038 0.766822 0.807874 0.84761 0.559725 0.464943 0.418038
threshold=0.085150000000000017 0 12.500000000000002 0.35650000000000009 0.41580000000000006 0.79060000000000008 5.5000000000000009 0.7340000000000001 8.5000000000000018 0.21825000000000003 0.46375000000000005 13.000000000000002 0.081150000000000014 0.20230000000000001
decision_type=2 1 2 2 2 2 2 2 2 2 2 2 2 2
left_child=-1 2 -2 4 5 11 -7 8 -8 10 -10 -3 13 -12
right_child=1 3 -4 -5 -6 6 7 -9 9 -11 12 -13 -14 -15
leaf_value=-0.022681602725488449 -0.028676439232255581 -0.0017294969161137928 0.0060872453124946116 0.024614751002518209 -0.022384331414329078 0.017951078306976637 -0.029847056884920162 0.0098590719089492341 0.03055457609920674 -0.020724829637670632 -0.030522790397738492 0.031361019438907831 0.014738793015001406 0.0058291682332114242
leaf_weight=0.78714397770818578 1.2516538086347284 1.8936438385862988 1.6807325319387016 2.0283323387848204 1.5786774453590613 3.0173042274545905 2.5708995387540181 4.5315927991177878 1.767557068611495 2.2366364813642576 1.0629383176565173 2.3837068127468228 0.82204459980130185 0.84137451427523036
leaf_count=116 167 40 81 68 45 108 74 85 43 51 46 34 9 25
internal_value=0.00140286 0.00285538 -0.0122702 0.00505569 0.00234389 0.00511969 0.000682062 -0.00404097 -0.0111126 -0.00102133 0.0107725 0.0191596 -0.00681046 -0.0179846
internal_weight=28.4542 27.6671 2.93239 24.7347 22.7064 21.1277 16.8503 13.833 9.30145 6.73055 4.49391 4.27735 2.72636 1.90431
internal_count=992 876 248 628 560 515 441 333 248 174 123 74 80 71
cat_boundaries=0 1
cat_threshold=2
is_linear=0
shrinkage=0.05


Tree=160
num_leaves=15
num_cat=0
split_feature=19 39 35 12 15 0 13 45 29 27 22 45 22 12
split_gain=0.386874 0.620923 0.444062 0.549355 0.449886 0.627436 0.782368 0.543497 0.99973 0.600359 0.429167 0.347992 0.311807 0.319186
threshold=4.5000000000000009 0.92000000000000015 5.5000000000000009 0.12500000000000003 0.63690000000000013 0.67775000000000007 0.26535000000000003 3.5000000000000004 3.5000000000000004 13.000000000000002 0.85960000000000003 9.5000000000000018 0.73030000000000006 0.067000000000000018
decision_type=2 2 2 2 2 2 2 2 2 2 2 2 2 2
left_child=12 -2 3 -3 5 7 -7 8 -4 -9 -8 -5 13 -1
right_child=1 2 4 11 -6 6 10 9 -10 -11 -12 -13 -14 -15
leaf_value=0.015040191581663937 -0.023282975950147597 0.022478742218906871 0.012986347852217759 -0.019458592718892397 -0.017903474693571852 -0.013185018428737783 0.0016941202593603053 0.0187772941607048 -0.02748360841659191 -0.014435566713612827 0.031872621722608872 0.01399913490641394 0.021997219415416019 -0.019372990615339983
leaf_weight=0.24786399165168704 1.9084030393860327 3.3755458423402187 1.5138601870276049 1.0760447157081214 2.8157567749149157 1.4681859581032757 1.9114040136337278 2.5029389185365289 3.8779559337417595 1.3165834103710952 2.6590076792053878 0.3689929712563752 2.3700569476932287 0.57642827497329563
leaf_count=3 145 76 36 100 103 22 22 33 165 90 72 7 38 74
internal_value=0.000806539 -0.00151113 0.00120308 0.0132503 -0.00253793 0.00122634 0.0126462 -0.00676537 -0.0158668 0.00670907 0.0218214 -0.00868379 0.0148676 -0.00645292
internal_weight=27.989 24.7947 22.8863 4.82058 18.0657 15.2499 6.0386 9.21134 5.39182 3.81952 4.57041 1.44504 3.19435 0.824292
internal_count=986 871 726 183 543 440 116 324 201 123 94 107 115 77
is_linear=0
shrinkage=0.05


Tree=161
num_leaves=15
num_cat=0
split_feature=13 36 12 14 14 0 32 13 33 45 47 30 46 14
split_gain=0.572661 0.593124 0.484062 0.477605 0.715708 1.00949 0.901341 0.656982 0.965886 0.537227 0.604652 0.535513 0.519068 0.758878
threshold=0.23255000000000003 1.5000000000000002 0.035900000000000008 0.21800000000000003 0.16630000000000003 0.70485000000000009 22.500000000000004 0.41265000000000002 9.5000000000000018 3.5000000000000004 0.38125000000000009 5.5000000000000009 5.5000000000000009 0.38725000000000004
decision_type=2 2 2 2 2 2 2 2 2 2 2 2 2 2
left_child=2 3 -1 4 6 -6 -2 -8 -9 10 12 -11 -5 -14
right_child=1 -3 -4 9 5 -7 7 8 -10 11 -12 -13 13 -15
leaf_value=0.0096296391604389995 -0.024787430338885849 0.02292576072508588 -0.031529550998190284 -0.0083302768590637222 -0.033770842327457383 0.013804145122028339 0.02870109442855719 0.021437366380213069 -0.018572191032177717 -0.0094427207626079784 -0.019971051962442504 0.029230308586680118 0.029849415347480059 -0.0085661879095034268
leaf_weight=0.46720340475440281 1.449120359029626 1.8598431469872583 1.4936511130654251 2.8442240035510604 3.1605310568120331 0.89795948937535275 1.9053644540254024 1.6282737147994337 2.5504589037154801 0.67027958855032865 2.0419823413831182 2.4317928409436718 2.4323345716111366 1.4793132008635437
leaf_count=6 40 65 167 48 133 28 38 33 60 40 204 66 32 28
internal_value=-0.000959739 0.00141634 -0.0217826 -0.00115311 -0.00803876 -0.0225966 0.00153321 0.0104164 -0.00185307 0.00565742 -0.00117986 0.0206092 0.00634248 0.0165352
internal_weight=27.3123 25.3515 1.96085 23.4916 11.5917 4.05849 7.53322 6.0841 4.17873 11.8999 8.79785 3.10207 6.75587 3.91165
internal_count=988 815 173 750 332 161 171 131 93 418 312 106 108 60
is_linear=0
shrinkage=0.05


Tree=162
num_leaves=15
num_cat=0
split_feature=12 14 12 28 0 0 23 39 13 37 32 32 12 13
split_gain=0.49727 0.801226 0.98254 0.632233 0.597036 0.529755 0.466495 0.332073 0.538551 0.839063 0.577063 0.413225 0.303049 0.675822
threshold=0.14675000000000002 0.21680000000000002 0.056400000000000013 0.76390000000000013 0.84920000000000007 0.74185000000000012 0.13185000000000002 1.0605000000000002 0.43350000000000005 0.081150000000000014 30.500000000000004 30.500000000000004 0.28070000000000006 0.41600000000000009
decision_type=2 2 2 2 2 2 2 2 2 2 2 2 2 2
left_child=1 3 -3 5 12 7 -7 8 10 11 -1 -10 -2 -14
right_child=4 2 -4 -5 -6 6 -8 -9 9 -11 -12 -13 13 -15
leaf_value=-0.0084060244092322191 -0.029310420792671116 -0.0075968631102502271 0.027307182649744424 -0.02609130750433878 0.016083624384172043 -0.0073314276543573927 0.030175202710268523 -0.0226834653523602 0.0035746881001602637 0.018809542151529621 0.023659263513561971 -0.032466800930829841 -0.022996009122270861 0.011129030152804259
leaf_weight=1.7388325817883066 2.2068561105988911 2.6346222732099696 4.4496838207123801 1.7969919540919352 0.79800223209895182 0.783259436488151 1.3373798702377824 1.1348731282632796 0.82910856674425382 0.7914284411817788 2.3211163751548156 2.0463434054981917 1.8443423752905803 2.082470734952949
leaf_count=39 105 37 142 64 31 21 42 51 25 9 57 98 186 83
internal_value=-0.0015125 0.00259491 0.0149925 -0.00486704 -0.012126 0.000493446 0.018412 -0.00522673 -0.000357302 -0.0125717 0.0109789 -0.0238337 -0.0175363 -0.00631313
internal_weight=26.7953 19.8636 7.08431 12.7793 6.93167 10.9823 2.12064 8.8617 7.72683 3.66688 4.05995 2.87545 6.13367 3.92681
internal_count=990 585 179 406 405 342 63 279 228 132 96 123 374 269
is_linear=0
shrinkage=0.05


Tree=163
num_leaves=15
num_cat=0
split_feature=21 21 13 39 33 13 19 42 45 28 13 36 23 37
split_gain=0.360023 0.538553 0.675968 0.763636 0.772075 0.656344 0.635748 0.598589 0.761116 0.588025 0.56391 0.551574 0.896213 0.418682
threshold=0.10895000000000002 0.069050000000000014 0.50865000000000016 1.0650000000000002 14.500000000000002 0.49415000000000003 4.5000000000000009 1.0000000180025095e-35 6.5000000000000009 0.61310000000000009 0.46660000000000007 1.0000000180025095e-35 0.29290000000000005 0.10795
decision_type=2 2 2 2 2 2 2 2 2 2 2 2 2 2
left_child=1 2 5 4 9 6 -1 8 -8 -4 11 -9 -13 -2
right_child=13 -3 3 -5 -6 -7 7 10 -10 -11 -12 12 -14 -15
leaf_value=0.022678105372646619 -0.028532053097113909 0.026472151517605947 -0.03786303777581479 0.01305528371696766 0.014049493489543631 0.029330159854264095 -0.024388295105736597 -0.013055697222543928 0.0057841058439222388 -0.0035749315896539211 -0.018032218722380259 0.031003764335262515 -0.0076777230102171986 0.0097545115694442509
leaf_weight=1.8309702366823497 1.1878884825273406 0.95024690008722146 3.0400114941294296 1.5638273140648378 0.78009489807300259 1.3480702072847623 4.1316116388188657 0.98193325486499805 2.9897869314299896 2.1408434998011217 0.97593899862840761 3.4203665303066373 1.7610093140974639 0.46443678520154197
leaf_count=39 163 8 127 30 57 25 220 38 86 87 16 78 15 15
internal_value=-0.000591146 0.00116118 -0.000784704 -0.0124009 -0.0199953 0.00462806 0.000963676 -0.00312767 -0.0125685 -0.0265652 0.00667674 0.0125604 0.0187417 -0.0181501
internal_weight=27.567 25.9147 24.9645 7.52478 5.96095 17.4397 16.0916 14.2606 7.1214 5.18085 7.13925 6.16331 5.18138 1.65233
internal_count=1004 826 818 301 271 517 492 453 306 214 147 131 93 178
is_linear=0
shrinkage=0.05


Tree=164
num_leaves=15
num_cat=1
split_feature=52 23 32 32 20 14 33 19 23 33 23 0 0 47
split_gain=0.459331 0.660769 0.421493 0.419858 0.501997 0.986417 0.467399 0.409074 0.955529 0.616842 0.538274 0.682097 0.340731 0.573506
threshold=0 0.19200000000000003 56.000000000000007 20.000000000000004 5.5000000000000009 0.34790000000000004 5.5000000000000009 4.5000000000000009 0.21825000000000003 8.5000000000000018 0.13185000000000002 0.48300000000000004 0.43675000000000003 0.24985000000000004
decision_type=1 2 2 2 2 2 2 2 2 2 2 2 2 2
left_child=3 -2 -3 4 5 6 -1 -5 10 -10 12 -12 -9 -14
right_child=1 2 -4 7 -6 -7 -8 8 9 -11 11 -13 13 -15
leaf_value=0.010052156242714078 -0.031544813693852737 -0.012466306098910765 0.012667168870500942 0.03026648554285042 -0.025867454336932896 0.024946411994036896 -0.018125631580262962 0.018008754874437441 0.0089517931734068006 -0.027752211640488845 -0.0063767752251242538 0.034228810975810757 0.0084137137801027408 -0.025116037883698917
leaf_weight=1.3785529665183291 1.4889241541386606 2.2986482919077389 2.3751200658734888 1.0354920402169216 1.1373857883736489 1.9904168345965443 3.7283396488055587 0.92997968662529995 1.22709332127124 2.0097899818792939 1.0172087794635443 3.0445785815827549 2.080919050611556 1.2883195683825759
leaf_count=33 314 224 48 9 32 41 66 19 20 35 29 64 34 26
internal_value=0.000265196 -0.0107336 0.000287508 0.00385562 -0.00460038 0.00158147 -0.0101188 0.00930057 0.00517475 -0.0150091 0.0137574 0.024809 0.000604803 -0.00722129
internal_weight=27.0308 6.16269 4.67377 20.8681 8.2347 7.09731 5.10689 12.6334 11.5979 3.23688 8.36101 4.06179 4.29922 3.36924
internal_count=994 586 272 408 172 140 99 236 227 55 172 93 79 60
cat_boundaries=0 1
cat_threshold=4
is_linear=0
shrinkage=0.05


Tree=165
num_leaves=15
num_cat=2
split_feature=54 22 57 39 12 33 22 23 29 47 15 12 45 14
split_gain=0.529588 0.700673 0.704767 0.360935 0.400359 0.344392 0.435334 0.818285 0.647079 0.510352 0.54794 0.405803 0.339561 0.428378
threshold=0 0.80475000000000019 1 1.1175000000000004 0.029050000000000003 5.5000000000000009 0.95120000000000016 0.20345000000000005 8.5000000000000018 0.12605000000000002 0.60515000000000008 0.10935000000000002 1.5000000000000002 0.38410000000000005
decision_type=1 2 1 2 2 2 2 2 2 2 2 2 2 2
left_child=5 3 -3 4 -2 12 7 9 11 -7 -11 -9 13 -1
right_child=1 2 -4 -5 -6 6 -8 8 -10 10 -12 -13 -14 -15
leaf_value=0.032625273767812553 0.011165598801760445 0.011308403862478519 -0.038776646699935691 0.018588484691322269 -0.020573416174897743 0.029971276263394415 -0.014367439180092196 -0.0089783074792412956 -0.027595027995971973 0.011439090244547702 -0.01910243853064713 0.018000580634885209 -0.0044220571579566999 -0.0042439130082699917
leaf_weight=1.6389699035789851 0.885728115215901 0.42348015343304457 2.0404819382820309 1.0027525880141182 1.3590533360838888 2.0494316697586346 3.5453021959401658 2.2930174181237821 1.9354340315330771 4.4610527910990641 1.0318792170146478 1.4488959794398395 1.3234930448234079 0.82692337036132801
leaf_count=32 7 35 267 91 169 59 53 29 34 95 20 31 20 34
internal_value=-0.00149361 -0.0137157 -0.029389 0.00229536 -0.00846852 0.00238134 -0.000942354 0.00341522 -0.00995718 0.0134683 0.00364329 0.00306117 0.0142125 0.0226042
internal_weight=26.2659 5.7115 2.46396 3.24753 2.24478 20.5544 16.765 13.2197 5.67735 7.54236 5.49293 3.74191 3.78939 2.46589
internal_count=976 569 302 267 176 407 321 268 94 174 115 60 86 66
cat_boundaries=0 1 2
cat_threshold=2 1
is_linear=0
shrinkage=0.05


Tree=166
num_leaves=15
num_cat=0
split_feature=23 28 12 46 12 12 13 0 32 22 15 13 29 46
split_gain=0.409837 0.333735 0.594058 0.578936 0.393231 0.427132 0.36872 0.343599 0.522274 0.958536 0.76698 0.538289 0.331684 0.324822
threshold=0.085150000000000017 0.57735000000000014 0.056400000000000013 13.500000000000002 0.24940000000000004 0.28070000000000006 0.27645000000000003 0.80365000000000009 25.500000000000004 0.81100000000000005 0.30440000000000006 0.51930000000000009 5.5000000000000009 4.5000000000000009
decision_type=2 2 2 2 2 2 2 2 2 2 2 2 2 2
left_child=-1 7 -3 4 -4 -6 -7 8 9 -2 -10 -12 -13 -11
right_child=1 2 3 -5 5 6 -8 -9 10 13 11 12 -14 -15
leaf_value=-0.021923219130639857 0.015091729928317116 -0.02177054563747791 0.016640582955238282 -0.018900038196802513 -0.022033592978267288 -0.01376741353426586 0.021432061786781805 0.022696796435992584 -0.02056371973213976 0.002735275213930534 0.022213875422994155 -0.019693651505624361 0.0088954196268712302 -0.033445183662725614
leaf_weight=0.74098336999304848 1.5915492260246566 2.2290565480361684 4.6560686349985172 1.3603300339891573 0.95323418825864825 0.35456021380377911 0.96377376321470365 2.1328200238058335 0.88237577257677813 0.61715496005490456 5.9648518039612082 0.80578346550464663 1.4110936365323139 1.7556110989535225
leaf_count=114 56 48 139 121 6 42 23 63 62 16 117 44 51 76
internal_value=0.00167095 0.00314803 -0.00350665 0.00322052 0.00940034 -0.00599035 0.0101102 0.00769559 0.00379696 -0.00979543 0.0101244 0.0153132 -0.00438773 -0.0260138
internal_weight=26.4192 25.6783 10.517 8.28797 6.92764 2.27157 1.31833 15.1612 13.0284 3.96432 9.0641 8.18173 2.21688 2.37277
internal_count=978 864 379 331 210 71 65 485 422 148 274 212 95 92
is_linear=0
shrinkage=0.05


Tree=167
num_leaves=15
num_cat=0
split_feature=47 39 39 19 19 33 13 23 12 29 14 22 14 12
split_gain=0.367815 0.585068 0.934705 0.56162 0.577647 0.624451 0.614931 0.539436 0.450745 0.415942 0.48882 0.859434 0.540315 0.498134
threshold=0.22140000000000001 1.0005000000000002 1.1140000000000001 23.500000000000004 8.5000000000000018 8.5000000000000018 0.35185000000000005 0.15300000000000002 0.14675000000000002 4.5000000000000009 0.44020000000000009 0.95120000000000016 0.17570000000000005 0.35650000000000009
decision_type=2 2 2 2 2 2 2 2 2 2 2 2 2 2
left_child=9 3 -3 4 5 -2 -7 -4 -6 -1 11 12 -11 -12
right_child=1 2 7 -5 8 6 -8 -9 -10 10 13 -13 -14 -15
leaf_value=-0.011148833820521677 -0.029111031109670282 -0.03429739281854792 -0.020220848307365105 -0.023877097692528652 0.019570968268578626 0.025591891571214411 -0.013441392876419243 0.016472836956036629 -0.0083592987476664264 -0.0064369300094013222 -0.024504808093961137 -0.0075317924766453263 0.033097445064895634 0.011253132803071164
leaf_weight=2.2875915343756814 1.1891017087618805 2.8310447475523679 0.58673031534999642 1.0055622454383399 4.8582537722541019 0.95225297135766629 1.1827758722938595 1.7882407206343485 1.2881065823021343 0.70460917393211087 1.0266240299679341 2.2195775848813355 3.689546671230346 1.046566010918468
leaf_count=63 100 145 32 48 175 28 61 60 94 36 20 29 77 30
internal_value=-0.00203607 -0.00677474 -0.0189412 0.000394998 0.00500645 -0.00996841 0.00657803 0.00410232 0.0133669 0.00473554 0.00963759 0.0157597 0.02674 -0.00866583
internal_weight=26.6566 15.6821 5.20602 10.4761 9.47049 3.32413 2.13503 2.37497 6.14636 10.9745 8.68692 6.61373 4.39416 2.07319
internal_count=998 743 237 506 458 189 89 92 269 255 192 142 113 50
is_linear=0
shrinkage=0.05


Tree=168
num_leaves=15
num_cat=2
split_feature=52 45 57 32 45 46 12 0 44 12 0 0 29 19
split_gain=0.492839 0.522934 0.593553 0.467067 0.449845 0.500404 0.443776 0.721284 0.868085 0.747286 0.654607 0.867071 0.355609 0.295589
threshold=0 18.500000000000004 1 8.5000000000000018 4.5000000000000009 15.500000000000002 0.10330000000000002 0.58655000000000013 1.0000000180025095e-35 0.35650000000000009 0.56520000000000004 0.70295000000000007 3.5000000000000004 9.5000000000000018
decision_type=1 2 1 2 2 2 2 2 2 2 2 2 2 2
left_child=4 2 13 -4 5 6 10 -8 9 -9 -1 -12 -13 -2
right_child=1 -3 3 -5 -6 -7 7 8 -10 -11 11 12 -14 -15
leaf_value=0.02349628530539672 -0.012170036932652596 0.014285435625710944 0.0089345128382943926 -0.030878830564140893 0.019807509469557023 -0.022407421140565764 -0.02982849137203776 -0.02321208431936014 0.029158366723568314 0.014618440223446556 -0.017641657533127013 -0.005593844831032352 0.021292355898638194 0.021032270840583133
leaf_weight=3.6164109618403106 0.29358238854911189 0.78575665783137072 0.42405448702629955 3.4732947531738319 2.5201494104694566 1.1744064307422366 1.3493865961208928 2.3047876246273522 1.1579571084585039 1.2987473830580709 3.0906684990040958 1.3094851858913896 2.7803581978660077 0.66951833583880216
leaf_count=56 27 13 26 475 51 46 50 33 29 32 44 14 63 38
internal_value=-0.000216896 -0.012116 -0.0180935 -0.0256071 0.00345405 0.000256274 0.00299384 -0.00706847 0.00343932 -0.00936387 0.00880536 -0.000561376 0.0132762 0.00986746
internal_weight=26.2486 5.64621 4.86045 3.89735 20.6024 18.0822 16.9078 6.11088 4.76149 3.60354 10.7969 7.18051 4.08984 0.963101
internal_count=997 579 566 501 418 367 321 144 94 65 177 121 77 65
cat_boundaries=0 1 2
cat_threshold=4 1
is_linear=0
shrinkage=0.05


Tree=169
num_leaves=15
num_cat=0
split_feature=23 36 48 19 21 35 45 12 22 23 33 46 23 15
split_gain=0.338008 0.282271 0.297221 0.360936 0.339428 0.3078 0.667721 0.37677 0.601556 0.606686 0.645716 0.727965 0.567183 0.372941
threshold=0.085150000000000017 1.5000000000000002 1.5000000000000002 4.5000000000000009 0.10895000000000002 5.5000000000000009 2.5000000000000004 0.28320000000000006 0.75305000000000011 0.21825000000000003 8.5000000000000018 4.5000000000000009 0.12770000000000001 0.4724000000000001
decision_type=2 2 2 2 2 2 2 2 2 2 2 2 2 2
left_child=-1 2 4 -4 5 6 -2 8 -7 10 11 -10 -12 -14
right_child=1 -3 3 -5 -6 7 -8 -9 9 -11 12 -13 13 -15
leaf_value=-0.021978028450263407 0.025546028742906693 0.014903486101673772 0.0098828808348633938 -0.02582916417148471 -0.017613214475745275 0.018703340127420497 -0.0098777938148186042 0.016329692026911102 0.013780585212116461 -0.019193497960076245 -0.007778326203648725 -0.031388580780908261 0.030019278928897677 -0.00030990822755095455
leaf_weight=0.74593638267833995 2.6067386456416122 2.1115858915727577 0.40243977401405473 1.2824099426507016 1.2753065092838358 1.638306252076293 1.4302709100884383 1.817814653739332 0.68216879945248221 5.1718079363927236 2.2509168009855784 1.4899498291779307 2.1457656680140649 1.4655332231195641
leaf_count=120 62 88 8 120 99 28 62 92 15 94 60 52 48 49
internal_value=-0.000680525 0.000733864 -0.00108385 -0.0167952 0.000799379 0.00269322 0.0135263 -0.0005487 -0.00351576 -0.00739472 0.00148413 -0.0173306 0.00996512 0.020313
internal_weight=26.517 25.771 23.6594 1.68485 21.9746 20.6993 4.03701 16.6623 14.8444 13.2061 8.03433 2.17212 5.86222 3.6113
internal_count=997 877 789 128 661 562 124 438 346 318 224 67 157 97
is_linear=0
shrinkage=0.05


Tree=170
num_leaves=15
num_cat=0
split_feature=32 42 33 19 47 39 22 19 13 23 39 19 23 13
split_gain=0.375321 0.601328 0.546516 0.481707 0.584336 0.54647 0.626054 0.561796 0.637247 0.65619 0.449144 0.317684 0.313448 0.251276
threshold=22.500000000000004 1.0000000180025095e-35 6.5000000000000009 4.5000000000000009 0.22140000000000001 1.054 0.80475000000000019 19.500000000000004 0.31920000000000004 0.63785000000000014 0.99950000000000017 8.5000000000000018 0.23660000000000003 0.36495000000000005
decision_type=2 2 2 2 2 2 2 2 2 2 2 2 2 2
left_child=1 -1 -3 -2 10 7 -7 8 -6 11 -5 13 -12 -10
right_child=3 2 -4 4 5 6 -8 -9 9 -11 12 -13 -14 -15
leaf_value=-0.023848111679116879 0.022453969864526007 0.015439074619429425 -0.0096493658194231648 -0.0079387740678052883 -0.018276016515203577 0.0068047977933684313 -0.031046143448148367 -0.018723672247331135 0.014679585102088845 -0.016513016629592602 0.030887254770947056 0.030750983173655284 -0.0018330489349742539 -0.015830991949280861
leaf_weight=2.3408504749531875 2.4331319796619928 2.9487629515351728 3.8438307312317193 1.0194099732907482 0.65516090008895655 1.2040532066021117 2.1596293996553868 1.1459098983323199 0.28212452819570932 0.44042823754716653 2.0878103924915199 3.0420706294244155 0.81901436205953349 0.44103067443938926
leaf_count=220 61 79 63 25 60 44 96 59 10 22 65 116 17 68
internal_value=0.00118479 -0.00645858 0.0018255 0.00574366 0.00132917 -0.00549692 -0.0190427 0.00372369 0.0113073 0.0185414 0.0154292 0.0252466 0.0235587 -0.00231662
internal_weight=24.8632 9.13344 6.79259 15.7298 13.2966 9.37041 3.36368 6.00672 4.86081 4.20565 3.92623 3.76523 2.90682 0.723155
internal_count=1005 362 142 643 582 475 140 335 276 216 107 194 82 78
is_linear=0
shrinkage=0.05


Tree=171
num_leaves=15
num_cat=0
split_feature=19 13 33 15 37 20 39 13 39 30 14 22 45 39
split_gain=0.514546 0.611247 0.634405 0.503632 0.53085 0.377482 0.672214 0.565215 0.429751 0.600596 0.601254 0.462601 0.608015 0.349207
threshold=8.5000000000000018 0.35185000000000005 7.5000000000000009 0.66155000000000019 0.10795 3.5000000000000004 1.2265000000000004 0.55375000000000008 1.0495000000000003 3.5000000000000004 0.13100000000000003 0.9215500000000002 3.5000000000000004 0.92600000000000016
decision_type=2 2 2 2 2 2 2 2 2 2 2 2 2 2
left_child=1 2 -1 4 -3 8 7 -7 9 -2 -11 12 -10 -12
right_child=5 3 -4 -5 -6 6 -8 -9 11 10 13 -13 -14 -15
leaf_value=-0.015426936640991285 -0.0071039752569310131 -0.035921844014566717 0.022551263730578624 0.0052965072443354327 0.0060359305049955299 -0.024666164234357343 0.020791066791510597 0.010587417260969258 -0.025082573592473748 -0.01487188968240934 -0.0047596874489869885 0.012977385497453135 0.0087534637317533363 0.02813474960569718
leaf_weight=1.0634267875575489 2.0712342136539537 2.7652633693651301 1.4701539478264747 1.0909227033844215 0.6198362037539481 3.0409742074552919 0.72834406420588482 0.93180196062894527 2.2180613864911716 0.4350523855537175 0.61826950195245434 2.010461954283528 1.5848182551562784 5.6671891635633074
leaf_count=114 93 117 63 43 11 110 10 26 56 18 50 66 47 162
internal_value=-0.000590317 -0.0113028 0.00675596 -0.0208917 -0.0286146 0.00366418 -0.00759297 -0.0159312 0.00754203 0.0139625 0.0205343 -0.00279205 -0.0120951 0.0246899
internal_weight=26.3158 7.0096 2.53358 4.47602 3.3851 19.3062 4.70112 3.97278 14.6051 8.79175 6.72051 5.81334 3.80288 6.28546
internal_count=986 348 177 171 128 638 146 136 492 323 230 169 103 212
is_linear=0
shrinkage=0.05


Tree=172
num_leaves=15
num_cat=2
split_feature=20 39 52 23 39 57 23 39 14 28 23 45 14 47
split_gain=0.423952 0.757926 0.350776 0.788775 0.457771 0.329916 0.303978 0.294692 0.480339 0.477828 0.48554 0.452689 0.461121 0.346735
threshold=3.5000000000000004 1.2265000000000004 0 0.23660000000000003 0.99950000000000017 1 0.13185000000000002 1.0005000000000002 0.21680000000000002 0.52780000000000016 0.21825000000000003 3.5000000000000004 0.16630000000000003 0.092999999999999985
decision_type=2 2 1 2 2 1 2 2 2 2 2 2 2 2
left_child=2 6 7 5 -5 -4 -2 8 11 13 -11 12 -1 -9
right_child=1 -3 3 4 -6 -7 -8 9 -10 10 -12 -13 -14 -15
leaf_value=0.019319838437677601 0.0028214376604389899 0.019017871356577953 0.0043590917911485519 -0.016173636223733225 0.019029818780118942 -0.031036487201050192 -0.027823602614073347 0.024089129439304958 0.021983896164900023 0.0052885931703055998 -0.026243565652703683 -0.01811149198153272 -0.0083525633176829255 -0.004674233001718436
leaf_weight=2.6098679120186699 0.80545985995558966 0.64760553278028954 0.56122636841610163 0.45142395194852758 2.067779415869154 1.9332320421526712 2.8805185637902468 1.1919006577227276 4.1283053338993341 1.6743832619395109 1.7855185226071624 1.267624015221372 1.8254394922405479 1.4927074247971175
leaf_count=39 31 9 45 76 114 299 97 33 97 50 16 24 38 28
internal_value=-0.000792673 -0.0134135 0.00230459 -0.00820252 0.00991829 -0.0241044 -0.021954 0.00589098 0.0108771 -0.00249265 -0.0132196 0.000756736 0.00848938 0.0111679
internal_weight=25.323 4.33358 20.9894 5.01366 2.5192 2.49446 3.68598 15.9757 9.83124 6.14451 3.4599 5.70293 4.43531 2.68461
internal_count=996 137 859 534 190 344 128 325 198 127 66 101 77 61
cat_boundaries=0 1 2
cat_threshold=4 1
is_linear=0
shrinkage=0.05


Tree=173
num_leaves=15
num_cat=0
split_feature=22 21 15 13 19 39 45 45 22 19 39 0 29 19
split_gain=0.351695 0.510525 0.472613 0.684258 0.486999 0.470134 0.448418 0.688322 0.65123 0.719637 0.514035 0.407067 0.364408 0.297272
threshold=0.80475000000000019 0.10895000000000002 0.51460000000000006 0.32285000000000003 9.5000000000000018 1.2265000000000004 1.5000000000000002 4.5000000000000009 0.90120000000000011 28.500000000000004 1.0570000000000002 0.79625000000000012 8.5000000000000018 7.5000000000000009
decision_type=2 2 2 2 2 2 2 2 2 2 2 2 2 2
left_child=1 2 3 -1 -4 -3 8 -8 9 -2 13 -12 -9 -10
right_child=6 5 4 -5 -6 -7 7 12 10 -11 11 -13 -14 -15
leaf_value=0.019101958296162999 -0.022371253305835104 -0.026528797330823712 -0.00099120881709159939 -0.016284939542417352 0.037501484569874989 0.010872289369746499 -0.032491948060411245 -0.014084388068334576 -0.0024686687433241334 0.013686423468980162 -0.018433623776088523 0.011810452810330189 0.012688872606745241 0.023597382732692476
leaf_weight=1.5227052482077881 3.6555135787348281 1.008514544169884 1.1314066409831869 1.9795468499651176 1.582411596435122 0.71425026806537051 2.2045634190726551 1.3632164333248513 1.2091323463246224 1.1902370827738193 1.6777034699916842 1.0254757555667309 1.7505901939002795 3.5387001417111605
leaf_count=45 164 92 54 66 22 83 113 108 16 26 35 27 44 85
internal_value=-0.00153331 0.00668463 0.0130817 -7.39918e-05 0.0255079 -0.0127244 -0.00539714 -0.0162233 0.000153171 -0.0126884 0.00901784 -0.00686923 0.000393171 0.0176845
internal_weight=25.554 7.93884 6.21607 3.50225 2.71382 1.72276 17.6151 5.31837 12.2968 4.84575 7.45101 2.70318 3.11381 4.74783
internal_count=980 362 187 111 76 175 618 265 353 190 163 62 152 101
is_linear=0
shrinkage=0.05


Tree=174
num_leaves=15
num_cat=0
split_feature=12 14 28 0 45 12 12 29 39 35 44 15 14 41
split_gain=0.354388 0.372811 0.558207 0.548243 0.511115 0.434966 0.421168 0.404289 0.371269 0.508861 0.392224 0.353547 0.328632 0.298341
threshold=0.14675000000000002 0.21680000000000002 0.78175000000000006 0.7340000000000001 1.5000000000000002 0.056400000000000013 0.027350000000000003 7.5000000000000009 1.0625000000000002 12.500000000000002 1.0000000180025095e-35 0.41405000000000008 0.13830000000000001 0.70850000000000013
decision_type=2 2 2 2 2 2 2 2 2 2 2 2 2 2
left_child=1 2 3 6 -5 -3 -1 12 9 -2 13 -7 -8 -10
right_child=8 5 -4 4 -6 11 7 -9 10 -11 -12 -13 -14 -15
leaf_value=0.013214438720262437 -0.025586602479202442 -0.0047921629093331582 -0.02311520621088041 0.032285359102503255 -0.0070536086390473179 0.0011973772890348381 0.011444628307092022 -0.024504158927932229 -0.021583498268420712 0.0073955785581527851 0.018272965827989582 0.028561967542597978 -0.011130199261410914 0.011010184521337297
leaf_weight=1.7527028657496027 3.2046354779740787 2.3636676581809288 1.6332533852837503 1.3856316336896264 0.80057354108430434 1.9032407343620432 2.0957924837130122 1.8732575224712489 0.87822254537604749 1.1032732588937504 1.2752393935807049 2.5551123429322615 2.3648504933225922 0.35607481771148741
leaf_count=17 263 35 62 37 26 56 44 96 61 52 30 86 123 11
internal_value=-0.00074447 0.00285368 -0.00252597 0.00250761 0.0201872 0.0113651 -0.00396766 -0.00987578 -0.00972952 -0.0173378 0.00454972 0.0192397 -0.000370151 -0.0114613
internal_weight=25.5455 18.7281 11.9061 10.2728 2.18621 6.82202 8.0866 6.3339 6.81745 4.30791 2.50954 4.45835 4.46064 1.2343
internal_count=999 582 405 343 63 177 280 263 417 315 102 142 167 72
is_linear=0
shrinkage=0.05


Tree=175
num_leaves=15
num_cat=0
split_feature=36 28 22 39 29 45 13 28 14 22 47 13 19 28
split_gain=0.350301 0.546162 0.584963 0.589598 0.433717 0.689482 0.390444 0.681 0.37937 0.431883 0.305519 0.263265 0.27092 0.249778
threshold=1.0000000180025095e-35 0.34520000000000001 0.90695000000000014 1.2325000000000002 6.5000000000000009 6.5000000000000009 0.50865000000000016 0.26785000000000009 0.38725000000000004 0.95535000000000014 0.13034999999999999 0.64620000000000011 13.500000000000002 0.96430000000000005
decision_type=2 2 2 2 2 2 2 2 2 2 2 2 2 2
left_child=1 4 3 13 -1 -6 7 10 9 -9 -2 12 -8 -3
right_child=6 2 -4 -5 5 -7 11 8 -10 -11 -12 -13 -14 -15
leaf_value=0.016352091912081815 0.0070939118806359926 -0.037687331532018156 0.010726902100248837 0.010310466249066362 -0.022778729701376545 0.014151753556012956 -0.020669225497383936 0.027663850833695686 -0.0052566624367328396 -0.00086854234882669662 -0.021362892638025422 0.0078749930668247231 0.0025745929391723385 0.0021982108738655775
leaf_weight=2.3918834535288642 0.96383390005212133 2.499333835847211 0.78252791037084524 0.45807079109363247 1.904182226629928 1.3511655554175375 2.0671037248102944 4.8803292952943593 1.2124076249310745 1.6356268585659561 1.2560278223827479 1.8511839697603134 1.7851510345935819 0.32267576019512478
leaf_count=71 28 307 41 58 131 30 32 102 51 24 25 35 33 19
internal_value=0.000321826 -0.00674471 -0.0187292 -0.0266209 0.00339749 -0.00772686 0.00484748 0.0104574 0.0170425 0.0213391 -0.0106415 -0.00503786 -0.0115872 -0.0337448
internal_weight=25.3615 9.70984 4.06261 3.28008 5.64723 3.25535 15.6517 9.94823 7.72836 6.51596 2.21986 5.70344 3.85225 2.82201
internal_count=987 657 425 384 232 161 330 230 177 126 53 100 65 326
is_linear=0
shrinkage=0.05


Tree=176
num_leaves=15
num_cat=1
split_feature=20 42 44 23 19 47 47 35 45 22 33 57 21 46
split_gain=0.422151 0.42538 0.820474 0.662644 0.734028 0.571083 0.513989 0.582261 0.481596 0.406482 0.370186 0.341481 0.483293 0.256798
threshold=3.5000000000000004 1.0000000180025095e-35 1.0000000180025095e-35 0.36035 13.500000000000002 0.58750000000000013 0.34020000000000006 11.500000000000002 14.500000000000002 0.8651500000000002 12.500000000000002 0 0.080100000000000018 11.500000000000002
decision_type=2 2 2 2 2 2 2 2 2 2 2 1 2 2
left_child=1 2 10 6 -5 -4 7 -3 11 -2 -1 -7 -13 -12
right_child=9 3 5 4 -6 8 -8 -9 -10 -11 13 12 -14 -15
leaf_value=-0.030293688793736145 -0.022532648860597748 0.031781701539640703 0.018473280652728564 -0.027670412831294591 0.012670743167106506 0.0067761547232628172 -0.0058703819873891609 -0.003597325979894712 0.015719308619625668 0.0075109295888119128 0.015861112610988336 -0.027252649264784958 0.013833006503916457 -0.012621740465665688
leaf_weight=2.2960786619223694 2.7737477711052629 3.80657340423204 3.1421538582071662 1.3195626640226694 1.3591084415093062 1.0015864873421354 1.4829865337815133 1.2860142041463403 1.0084393456345422 1.0289014729205517 0.50840036291629054 2.5651652156084341 0.24437656486406911 0.67099974001757801
leaf_count=161 109 79 79 23 23 56 58 28 28 26 22 277 6 25
internal_value=-0.00115452 0.00186065 -0.00444711 0.00932978 -0.00932174 0.00465388 0.0171553 0.0237235 -0.00598195 -0.0145323 -0.0216773 -0.0137979 -0.0209859 0.00130035
internal_weight=24.4941 20.6914 11.4372 9.25425 2.67867 7.96172 6.57557 5.09259 4.81957 3.80265 3.47548 3.81113 2.80954 1.1794
internal_count=1000 865 654 211 46 446 165 107 367 135 208 339 283 47
cat_boundaries=0 1
cat_threshold=1
is_linear=0
shrinkage=0.05


Tree=177
num_leaves=15
num_cat=0
split_feature=36 14 22 22 12 33 47 15 13 0 39 47 15 12
split_gain=0.460825 0.448295 0.349074 0.475362 0.387374 0.440234 0.419769 0.50352 0.757312 0.622258 0.556392 0.380764 0.372925 0.361269
threshold=1.5000000000000002 0.35535000000000011 0.65690000000000015 0.75305000000000011 0.35810000000000003 5.5000000000000009 0.030550000000000025 0.46375000000000005 0.44535000000000008 0.71940000000000015 1.054 0.45080000000000003 0.41600000000000009 0.49520000000000003
decision_type=2 2 2 2 2 2 2 2 2 2 2 2 2 2
left_child=2 -2 -1 -4 5 11 -7 8 9 10 12 -5 -8 -6
right_child=1 -3 3 4 13 6 7 -9 -10 -11 -12 -13 -14 -15
leaf_value=-0.025550845938798174 0.026400017693427699 -0.010290998765164554 0.011541105449069999 0.018873227748045365 0.022041313145795695 0.0082398986798814088 -0.013823841605755161 -0.024962071510199978 0.024564556723804004 0.013731106592835149 -0.036204084324518042 -0.0125483026796019 0.014367151144888502 -0.012373173267574403
leaf_weight=1.1549673671834231 1.3025003115180869 0.63610307499766339 3.1637952840537791 1.548454097239307 1.1480241465615098 1.481785344891249 1.9963429202325627 6.1429762045154348 0.8150203963741659 1.09063044632785 1.6544074027915483 0.69308416440617282 0.95870682492386539 0.39835329371271644
leaf_count=171 53 30 90 25 28 30 87 213 11 27 43 77 23 68
internal_value=-0.00397474 0.0149557 -0.00619676 -0.00402833 -0.00724051 -0.00961315 -0.01281 -0.0156971 -0.00480212 -0.0120407 -0.0194993 0.00828379 -0.00335772 0.0117984
internal_weight=24.1852 1.9386 22.2465 21.0916 17.9278 16.3814 14.1399 12.6581 6.51511 5.70009 4.60946 2.24154 2.95505 1.54638
internal_count=976 83 893 722 632 536 434 404 191 180 153 102 110 96
is_linear=0
shrinkage=0.05


Tree=178
num_leaves=15
num_cat=0
split_feature=39 29 20 39 20 15 37 13 42 32 35 14 45 23
split_gain=0.451093 0.425193 0.40169 0.45185 0.714126 0.750434 0.932998 0.464211 0.685629 0.448972 0.360237 0.487015 0.345654 0.334899
threshold=1.1175000000000004 6.5000000000000009 3.5000000000000004 1.0005000000000002 1.5000000000000002 0.42940000000000006 0.10795 0.41155000000000003 1.0000000180025095e-35 30.500000000000004 10.500000000000002 0.115 9.5000000000000018 0.12250000000000001
decision_type=2 2 2 2 2 2 2 2 2 2 2 2 2 2
left_child=2 -2 3 4 5 9 -7 8 12 13 11 -5 -6 -1
right_child=1 -3 -4 10 7 6 -8 -9 -10 -11 -12 -13 -14 -15
leaf_value=0.011322202699278638 -0.0089366968667790037 0.020726110277627215 -0.017687866985790789 0.0098836933878044334 -0.027519749195498308 -0.034610610223423939 0.011341465984483795 0.027125956697239668 0.019898135683757919 0.023080847376552097 0.010316758519832634 -0.02432998236179407 0.0095535690159007855 -0.019459521891650806
leaf_weight=0.72998292045668678 1.0330062706489105 3.2545930102933198 2.8527007656230117 0.76875295676290889 1.0625536711304446 2.1603080251661599 1.0950348943006245 3.1561390964780003 1.2627959074452519 1.6251727266935629 0.83733086823485781 3.2486153504578397 0.31967381504364323 0.96791638928698376
leaf_count=25 59 111 119 10 79 142 19 108 29 68 48 101 10 54
internal_value=0.000189588 0.0132409 -0.00309205 0.000161453 0.00522256 -0.00577109 -0.0201205 0.0167047 0.000239245 0.00968842 -0.0114321 -0.0171179 -0.0185345 -0.0069341
internal_weight=24.3746 4.2876 20.087 17.2343 12.3796 6.57841 3.25534 5.80116 2.64502 3.32307 4.8547 4.01737 1.38223 1.6979
internal_count=982 170 812 693 534 308 161 226 118 147 159 111 89 79
is_linear=0
shrinkage=0.05


Tree=179
num_leaves=15
num_cat=0
split_feature=14 39 20 14 13 46 23 30 19 14 32 0 39 13
split_gain=0.396317 0.498858 0.576192 0.53354 0.875925 0.510654 0.501806 0.446054 0.451495 0.414656 0.565621 0.545249 0.333619 0.576486
threshold=0.64670000000000016 1.1890000000000003 3.5000000000000004 0.20230000000000001 0.28430000000000005 11.500000000000002 0.13185000000000002 5.5000000000000009 12.500000000000002 0.16365000000000005 22.500000000000004 0.70020000000000004 0.99950000000000017 0.35185000000000005
decision_type=2 2 2 2 2 2 2 2 2 2 2 2 2 2
left_child=1 2 3 9 -5 -6 -4 -7 -9 10 -1 -11 13 -12
right_child=-2 -3 6 4 5 7 -8 8 -10 11 12 -13 -14 -15
leaf_value=-0.017815579777748395 -0.020211465398589576 0.024084550207390129 0.00943463363434658 -0.015381569627287922 0.029604877121097453 -0.016231919269752721 -0.026042222684395551 0.024859403199281909 -0.011185802036879832 -0.025679003281022062 0.017191787878796768 0.011868950256914266 0.018641296829659853 -0.020818676591486694
leaf_weight=1.3846877380856435 0.94961290521314268 1.5689315913477901 0.83321187325054724 1.4779151749098653 4.0179708397481591 0.99656819802476126 2.2261591351707466 1.5049494570121171 0.62278386706020672 2.3478613217303068 0.88387740775942836 0.68161150394007552 3.4120036063832231 1.1608613287389742
leaf_count=47 166 75 28 75 116 86 63 40 30 107 19 26 70 48
internal_value=0.00155773 0.00325279 0.00073541 0.00427398 0.0126976 0.0196834 -0.0164362 0.00283958 0.0141059 -0.00357366 0.00346389 -0.016382 0.0107866 -0.00413797
internal_weight=24.069 23.1194 21.5505 18.4911 8.62019 7.14227 3.05937 3.1243 2.12773 9.8709 6.84143 3.02947 5.45674 2.04474
internal_count=996 830 755 664 347 272 91 156 70 317 184 133 137 67
is_linear=0
shrinkage=0.05


Tree=180
num_leaves=15
num_cat=0
split_feature=47 45 33 23 15 12 23 28 36 45 0 32 23 12
split_gain=0.386531 0.66164 0.77716 0.40767 0.568559 0.424591 0.441701 0.405017 0.494548 0.460039 0.398279 0.432516 0.329946 0.287048
threshold=0.38125000000000009 1.5000000000000002 12.500000000000002 0.25545000000000007 0.26255000000000001 0.055800000000000009 0.10820000000000002 0.34520000000000001 1.0000000180025095e-35 1.5000000000000002 0.80705000000000016 22.500000000000004 0.13820000000000002 0.024800000000000003
decision_type=2 2 2 2 2 2 2 2 2 2 2 2 2 2
left_child=1 3 -3 4 -1 -6 -7 9 -9 12 11 -5 -2 -11
right_child=7 2 -4 10 5 6 -8 8 -10 13 -12 -13 -14 -15
leaf_value=-0.013843998332794908 0.0082956473789218398 -0.027270277348363681 0.014331613797366471 0.020782352484655198 -0.00064641888175530381 -0.0017558677045449911 0.031181355967705545 -0.029988670181609663 0.0057380490472867078 -0.0089166404039881606 -0.018448660395951472 -0.011508740181577841 -0.026552389238368359 0.014974430438159157
leaf_weight=0.77706763817696067 0.44249789370223691 2.0715352281113151 0.9916849152650683 1.4372149748378431 1.9750275285914538 1.1194297131150959 4.5786250371020287 2.1503955505322669 0.99570106412284065 1.0138653628528116 1.4099242133088408 0.96349736023694266 1.092683494731318 3.275380871433299
leaf_count=37 19 88 34 32 40 32 96 364 22 7 20 18 83 110
internal_value=-0.00033527 0.00441553 -0.0135896 0.00959948 0.0152064 0.0194054 0.0254145 -0.00807977 -0.0200248 0.00036123 -0.0034104 0.00824935 -0.0171977 0.00870908
internal_weight=24.2945 15.324 3.06322 12.2608 8.45015 7.67308 5.69805 8.97052 3.1461 5.82443 3.81064 2.40071 1.53518 4.28925
internal_count=1002 397 122 275 205 168 128 605 386 219 70 50 102 117
is_linear=0
shrinkage=0.05


Tree=181
num_leaves=15
num_cat=0
split_feature=39 15 29 46 32 13 12 45 35 13 38 13 19 39
split_gain=0.346754 0.428856 0.656844 0.883177 0.702462 0.460986 0.319213 0.518216 0.361634 0.261811 0.258528 0.250036 0.249319 0.242733
threshold=1.1460000000000001 0.30440000000000006 7.5000000000000009 15.500000000000002 38.500000000000007 0.42525000000000007 0.28070000000000006 6.5000000000000009 11.500000000000002 0.30440000000000006 71.500000000000014 0.37615000000000004 19.500000000000004 1.4115000000000002
decision_type=2 2 2 2 2 2 2 2 2 2 2 2 2 2
left_child=1 -1 3 4 10 -6 7 8 -4 -5 -3 13 -8 -2
right_child=11 2 6 9 5 -7 12 -9 -10 -11 -12 -13 -14 -15
leaf_value=-0.019428277663806868 0.024045360298731611 0.027069957780176714 -0.032201008346550784 0.0080509576440888856 0.014947814889799509 -0.017884153655120912 0.012649263550290685 0.0045181826027485489 0.00065108828258223037 -0.028153222911875053 0.0020176185323433136 -0.0064068473002030293 -0.013193587662915583 -0.006100319659207821
leaf_weight=3.58950876066229 1.6253211310831828 4.1123528452008049 3.0403952482156447 0.17080734483897586 0.78784966596867922 1.8742260472790802 1.4784890762530269 1.6351330067263914 1.0075305409845894 1.1450936238106804 1.5033520818687973 1.0114537563640622 0.53643641783855844 0.43775496643502254
leaf_count=234 39 124 76 2 23 69 60 50 53 116 31 26 17 77
internal_value=-0.00343452 -0.0058123 -0.00207819 0.00639987 0.0128008 -0.00673898 -0.0121651 -0.0174907 -0.025515 -0.0220066 0.021682 0.0101776 0.00367503 0.0177456
internal_weight=23.9557 20.8812 17.2917 9.59368 8.27778 2.66208 7.69798 5.68306 4.04793 1.3159 5.6157 3.07453 2.01493 2.06308
internal_count=997 855 621 365 247 92 256 179 129 118 155 142 77 116
is_linear=0
shrinkage=0.05


Tree=182
num_leaves=15
num_cat=0
split_feature=15 12 0 30 13 28 46 47 12 39 46 39 13 13
split_gain=0.363538 0.500438 0.433777 0.645955 0.557604 0.364547 0.364531 0.325911 0.291381 0.288464 0.341465 0.279643 1.14323 0.501469
threshold=0.27545000000000003 0.036400000000000009 0.6735000000000001 10.500000000000002 0.48490000000000005 0.61310000000000009 11.500000000000002 0.060700000000000039 0.057550000000000011 0.9425 15.500000000000002 1.054 0.49190000000000006 0.51145000000000007
decision_type=2 2 2 2 2 2 2 2 2 2 2 2 2 2
left_child=1 -1 3 5 -4 9 8 -6 -7 10 -2 13 -13 -11
right_child=2 -3 4 -5 7 6 -8 -9 -10 11 -12 12 -14 -15
leaf_value=0.014576866992925555 0.0083651719850122083 -0.019301797909292397 0.028670240649858843 -0.026928021571609086 -0.010931108554502123 -0.012148591491693237 -0.021002139888547967 0.012286625755876333 0.012885815209270816 0.029128994862393745 -0.021874968438659725 -0.02466971495402618 0.025229941007256829 -0.0075057997711981978
leaf_weight=0.66019115317613186 1.2665387550950997 3.1820756334345788 2.28435707790777 1.1585255381069135 2.0377222131937742 0.9717517879325891 1.7062444331531876 2.0117743695154786 1.9272061521187422 2.6945486472104681 0.67428097868105386 1.3009707828750836 1.2904902500449678 0.7851025778800248
leaf_count=12 40 245 79 82 32 14 196 26 48 56 31 39 28 47
internal_value=0.000714351 -0.0116725 0.0035219 -0.00159835 0.0133575 0.00253417 -0.0076842 0.000752327 0.00353054 0.00860855 -0.00600678 0.0134695 0.000285299 0.0210329
internal_weight=23.9518 3.84227 20.1095 13.7757 6.33385 12.6171 4.6052 4.0495 2.89896 8.01193 1.94082 6.07111 2.59146 3.47965
internal_count=975 257 718 581 137 499 258 58 62 241 71 170 67 103
is_linear=0
shrinkage=0.05


Tree=183
num_leaves=15
num_cat=0
split_feature=47 45 46 46 45 39 0 20 19 0 13 23 35 29
split_gain=0.343001 0.65048 0.595888 0.37771 0.344483 0.724781 0.563638 0.342399 0.460416 0.535177 0.454622 0.398151 0.395608 0.309503
threshold=0.38125000000000009 6.5000000000000009 13.500000000000002 19.500000000000004 1.5000000000000002 1.1765000000000001 0.56520000000000004 3.5000000000000004 13.500000000000002 0.67555000000000021 0.26005000000000006 0.31100000000000005 11.500000000000002 7.5000000000000009
decision_type=2 2 2 2 2 2 2 2 2 2 2 2 2 2
left_child=4 2 -2 -3 6 -6 -1 8 11 -10 -11 12 13 -8
right_child=1 3 -4 -5 5 -7 7 -9 9 10 -12 -13 -14 -15
leaf_value=0.024573376954060457 0.00018634849655134613 -0.012044927648168979 -0.032259237099855266 0.015000385192411165 -0.025168978769833233 0.015590202951937247 0.025148100575098177 -0.014109608895755178 -0.0091658696684988588 -0.0034348099002429453 0.036121529032680726 -0.022043364057561254 -0.0126513776599995 -0.004010627794471376
leaf_weight=2.1329720881185521 2.2758057544124295 1.1424060169374572 2.6928137310605962 2.4933512725983746 1.8637405741028481 0.92081897018942971 1.2829318529693399 2.0887229757499872 0.92280235467478666 0.77040961105376515 1.7261942203622309 1.1410780383739618 1.3015614524483679 1.1164984703063963
leaf_count=51 210 73 246 76 66 58 37 48 18 11 49 12 25 18
internal_value=-0.00214165 -0.00957068 -0.0198567 0.00573725 0.00237606 -0.0111325 0.00599151 0.000334521 0.00511555 0.0169184 0.0264237 -0.00468868 0.00421294 0.0143915
internal_weight=23.8721 8.60438 4.96862 3.63576 15.2677 2.78456 12.4832 10.3502 8.26148 3.41941 2.4966 4.84207 3.70099 2.39943
internal_count=998 605 456 149 393 124 269 218 170 78 60 92 80 55
is_linear=0
shrinkage=0.05


Tree=184
num_leaves=15
num_cat=0
split_feature=23 23 33 37 15 46 36 42 28 39 45 13 39 14
split_gain=0.28194 0.318378 0.36666 0.279821 0.26681 0.436563 0.672091 0.809999 0.46633 0.504478 0.472846 0.36545 0.303266 0.39613
threshold=0.085150000000000017 0.11650000000000001 6.5000000000000009 0.10795 0.46375000000000005 2.5000000000000004 1.0000000180025095e-35 1.0000000180025095e-35 0.34520000000000001 1.0570000000000002 2.5000000000000004 0.49415000000000003 0.94950000000000012 0.24090000000000003
decision_type=2 2 2 2 2 2 2 2 2 2 2 2 2 2
left_child=-1 2 -2 -4 5 -3 8 -8 9 10 -7 -6 -13 -14
right_child=1 4 3 -5 11 6 7 -9 -10 -11 -12 12 13 -15
leaf_value=-0.020331763694953764 0.026773732035886767 -0.01662688512078862 -0.011411972794027087 0.013529237875459739 -0.02544589957003611 -0.007441872993784771 -0.0066765877303627749 0.028751723638553418 -0.021459663187109165 -0.016804660402724759 0.029417146278789122 -0.018430305783697129 0.016901483063919916 -0.0070963297976446753
leaf_weight=0.65537373648840258 1.3297203223919525 1.4376716181286635 1.5393209831090646 1.0193477068096397 1.3448933969484631 0.87828497146256168 1.9802913911989888 3.6597091206349432 1.7777426794054916 0.79654961213236664 1.264900245296303 1.0252832980186211 2.0966501611983404 2.9869485640665516
leaf_count=117 38 53 76 16 37 38 70 54 183 31 35 79 73 92
internal_value=-0.000382948 0.00100104 0.0124206 -0.000466024 -0.00180526 0.00284442 0.00677312 0.0171802 -0.00649778 0.00570052 0.0167502 -0.00862919 -0.00186827 0.00395248
internal_weight=23.7927 23.1373 3.88839 2.55867 19.2489 11.7951 10.3575 5.64 4.71748 2.93973 2.14319 7.45378 6.10888 5.0836
internal_count=992 875 130 92 745 464 411 124 287 104 73 281 244 165
is_linear=0
shrinkage=0.05


Tree=185
num_leaves=15
num_cat=0
split_feature=0 22 12 15 12 37 19 22 22 33 28 14 13 20
split_gain=0.443924 0.377947 0.625765 0.360545 0.494413 0.347167 0.686455 0.351457 0.640577 0.52546 0.389291 0.277751 0.275906 0.250273
threshold=0.74535000000000007 0.79060000000000008 0.069400000000000017 0.23965000000000003 0.051150000000000008 0.10795 11.500000000000002 0.8198000000000002 0.86875000000000013 3.5000000000000004 0.30950000000000005 0.21560000000000004 0.55375000000000008 1.5000000000000002
decision_type=2 2 2 2 2 2 2 2 2 2 2 2 2 2
left_child=1 2 -1 11 -5 7 -7 -3 10 -10 -9 -2 -4 -11
right_child=3 5 12 4 -6 6 -8 8 9 13 -12 -13 -14 -15
leaf_value=0.020010305033153427 0.011215163984575283 -0.027059621573050932 -0.01990278134685565 -0.0043067212349512714 0.027905295983801582 0.02291387513716649 -0.015012258701779028 -0.014253926697519639 0.011379242649368439 -0.028240467202708414 0.019323295411299388 -0.020511705439941366 0.0081059864417348179 -0.0034395158419260221
leaf_weight=2.7640233091078761 0.37145408405922253 2.0074201419483861 1.367082540644333 1.4326243035029622 2.5648623930756003 1.5186536933761083 1.3366552717052398 0.37121900328202029 0.92520735430298362 2.8539178761129733 2.2100519456726033 0.62187164468923584 0.70734831981826563 1.8039701001252977
leaf_count=46 18 98 170 18 86 25 36 41 48 144 118 34 31 65
internal_value=1.3719e-05 -0.00375225 0.00720182 0.0118708 0.0178093 -0.00804413 0.00587077 -0.012126 -0.00590219 -0.0146699 0.0118627 -0.00897308 -0.0108221 -0.0209408
internal_weight=22.8564 17.8655 4.83845 4.99081 3.99749 13.0271 2.85531 10.1718 8.16437 5.5831 2.58127 0.993326 2.07443 4.65789
internal_count=978 822 247 156 104 575 61 514 416 257 159 52 201 209
is_linear=0
shrinkage=0.05


Tree=186
num_leaves=15
num_cat=0
split_feature=14 22 14 30 28 47 12 27 12 29 14 23 47 22
split_gain=0.421994 0.486294 0.459616 0.613106 0.405634 0.674892 0.608283 0.382093 0.418585 0.264366 0.577622 0.250443 0.238647 0.223931
threshold=0.30370000000000003 0.8651500000000002 0.21680000000000002 5.5000000000000009 0.78175000000000006 0.18000000000000002 0.027900000000000005 13.000000000000002 0.28320000000000006 7.5000000000000009 0.13830000000000001 0.13185000000000002 0.23220000000000005 0.95535000000000014
decision_type=2 2 2 2 2 2 2 2 2 2 2 2 2 2
left_child=2 12 4 -4 5 11 -7 8 -3 10 -8 -1 -2 -12
right_child=1 7 3 -5 -6 6 9 -9 -10 -11 13 -13 -14 -15
leaf_value=-0.0025695554705744408 -0.0051929972670877317 -0.024310865885761791 -0.0080364537614405675 0.025965719330490678 -0.020876362779735817 0.011761844975340413 0.014118258615338948 0.017119231865665965 0.0084789811016209009 -0.02874450684304369 -0.024435876126981681 0.027458993807193952 -0.030727290491349164 0.005939071754225222
leaf_weight=0.72097260819282594 2.0797782412264492 0.97330957243684713 1.4405183781636868 2.8488929720479064 1.4251134725345753 2.3173650125972927 1.4439893126254904 1.4234950068639594 1.1776178955333305 1.3244482546579091 1.6431073975691104 1.6949030763935296 1.8334650333563329 0.35505885258316983
leaf_count=34 55 33 84 73 58 24 36 68 44 98 114 47 223 4
internal_value=-0.00175653 -0.0107307 0.00304946 0.0151862 -0.00258962 0.00188064 -0.00616415 0.0026188 -0.00936514 -0.0154075 -0.0049602 0.0203688 -0.0209756 -0.0188578
internal_weight=22.702 7.48767 15.2144 4.28941 10.925 9.49984 7.08397 3.57442 2.15093 4.7666 3.44216 2.41588 3.91324 1.99817
internal_count=995 423 572 157 415 357 276 145 77 252 154 81 278 118
is_linear=0
shrinkage=0.05


Tree=187
num_leaves=15
num_cat=1
split_feature=52 13 15 47 14 14 37 13 14 15 20 13 13 15
split_gain=0.864643 0.598191 0.311078 0.239977 0.284447 0.467334 0.31995 0.375156 0.4007 0.351277 0.349367 0.270295 0.280665 0.242328
threshold=0 0.36495000000000005 0.29490000000000005 0.030550000000000025 0.33200000000000002 0.59120000000000006 0.10795 0.43695000000000006 0.16365000000000005 0.35720000000000002 1.5000000000000002 0.63200000000000012 0.38445000000000007 0.23965000000000003
decision_type=1 2 2 2 2 2 2 2 2 2 2 2 2 2
left_child=3 2 -2 13 6 -6 7 8 -5 -10 -9 12 -8 -1
right_child=1 -3 -4 4 5 -7 11 10 9 -11 -12 -13 -14 -15
leaf_value=-0.0058067892076455116 -0.015889779513272629 -0.033778350179610762 0.011471778811093699 0.015129584421018978 0.017950280937548354 -0.012425794160707312 -0.0041811998212770837 -0.026638407895519352 -0.019133569229523261 0.0088301977501791858 0.0015463454596807266 -0.0082340645424310143 0.025942792599538342 0.023984038791943583
leaf_weight=0.50740166846663015 0.79405093553941997 2.1565037764376029 1.4675711183808742 1.9495923742651955 3.4211179584381162 0.96671307506039728 0.80627254908904422 2.4457653264980768 1.875878506107256 1.0888353597838429 1.4611628064885733 0.943995059467852 1.2589444702025501 1.2852347940206525
leaf_count=10 221 304 59 30 64 52 20 48 42 33 29 13 30 53
internal_value=-0.00216559 -0.0197155 -6.121e-05 0.00295007 0.000582376 0.0101938 -0.00349908 -0.00813938 0.00136028 -0.00922664 -0.0179305 0.00874086 0.0166549 0.0164919
internal_weight=22.429 4.41813 2.26162 18.0109 16.2183 4.38783 11.8304 8.82123 4.91431 2.96471 3.90693 3.00921 2.06522 1.79264
internal_count=1008 584 280 424 361 116 245 182 105 75 77 63 50 63
cat_boundaries=0 1
cat_threshold=4
is_linear=0
shrinkage=0.05


Tree=188
num_leaves=15
num_cat=1
split_feature=32 41 20 22 55 48 0 0 0 12 12 36 22 33
split_gain=0.246837 0.463531 0.418686 0.48128 0.393196 0.462114 0.420394 0.46114 0.641835 0.402174 0.487695 0.352006 0.445625 0.284666
threshold=20.000000000000004 0.89900000000000013 2.5000000000000004 0.85330000000000006 0 1.5000000000000002 0.31380000000000002 0.61595000000000011 0.7340000000000001 0.024800000000000003 0.11410000000000002 1.0000000180025095e-35 0.90695000000000014 5.5000000000000009
decision_type=2 2 2 2 1 2 2 2 2 2 2 2 2 2
left_child=11 2 4 -4 5 6 9 -8 -9 -2 -11 12 -1 -13
right_child=1 -3 3 -5 -6 -7 7 8 -10 10 -12 13 -14 -15
leaf_value=-0.031706113119058625 -0.024104553519997171 0.021389701004532295 -0.026853610679467434 0.005879738906629752 -0.019014241474385633 -0.013874570182751875 0.028786905443149952 -0.016881861652942469 0.019232299637962059 0.017897523029133826 -0.017721927767181594 0.014116608782224333 0.0057157306921870425 -0.0070304864241652098
leaf_weight=1.5069125113368529 0.56084764748811222 1.6504270079312853 1.8361159666383184 1.3621741923270745 0.73601464525563365 1.3977475291467278 3.0182256802218035 1.4117337390780451 1.521442017983645 1.7886829518247398 0.53335427565616544 1.3525487239239735 0.77625059685669828 3.919405278749764
leaf_count=194 4 64 93 35 61 109 46 22 40 80 96 55 27 74
internal_value=-0.00139504 0.00218282 -0.00131765 -0.0148325 0.00353334 0.00670369 0.0110393 0.0177591 0.00197768 -0.00383401 0.00684415 -0.00826496 -0.0211174 -0.000219358
internal_weight=23.3719 15.8168 14.1663 3.19829 10.968 10.232 8.83429 5.9514 2.93318 2.88288 2.32204 7.55512 2.28316 5.27195
internal_count=1000 650 586 128 458 397 288 108 62 180 176 350 221 129
cat_boundaries=0 1
cat_threshold=2
is_linear=0
shrinkage=0.05


Tree=189
num_leaves=15
num_cat=1
split_feature=32 23 39 14 14 41 20 55 19 48 33 13 39 29
split_gain=0.378513 0.312187 0.303189 0.367008 0.721981 0.273187 0.605446 0.458053 0.41892 0.332705 0.225423 0.220804 0.367361 0.316331
threshold=20.000000000000004 0.09760000000000002 1.1890000000000003 0.33200000000000002 0.40880000000000005 0.89900000000000013 2.5000000000000004 0 34.500000000000007 1.5000000000000002 4.5000000000000009 0.58145000000000013 0.99950000000000017 10.500000000000002
decision_type=2 2 2 2 2 2 2 1 2 2 2 2 2 2
left_child=2 -2 3 10 -5 6 7 9 -8 11 -1 12 -3 -13
right_child=1 5 -4 4 -6 -7 8 -9 -10 -11 -12 13 -14 -15
leaf_value=0.001192442009266886 -0.015836103626735629 0.0012710542340786525 0.012199449539089764 0.022236167291904155 -0.019267354181958973 0.022178321792820178 -0.021850874958875201 -0.016955577855671942 0.010678921592523353 -0.0080786544515498888 -0.024688771233229632 0.012604014231607192 0.026398243157077752 -0.015972537910258901
leaf_weight=0.94091886695241811 0.77695930717163619 2.130437881191023 0.68896616017445911 1.2176890653790908 1.0040387540939262 1.4107850478030748 2.3173712708230609 0.64158714667428007 0.70744730450678606 1.1153771055396653 3.196841367171146 1.2501913587038869 4.430765478144167 0.70054738642647851
leaf_count=57 88 53 63 23 109 56 102 50 16 92 92 53 119 21
internal_value=0.000199544 0.00453181 -0.00869677 -0.0123106 0.00332132 0.00654786 0.00345353 0.009195 -0.0134798 0.0123692 -0.0197168 0.0156163 0.0194865 0.00040647
internal_weight=22.5299 15.4815 7.04845 6.35949 2.22173 14.7045 13.2937 10.2689 3.02482 9.62732 4.13776 8.51194 6.5612 1.95074
internal_count=994 650 344 281 132 562 506 388 118 338 149 246 172 74
cat_boundaries=0 1
cat_threshold=2
is_linear=0
shrinkage=0.05


Tree=190
num_leaves=15
num_cat=1
split_feature=15 39 14 29 20 57 39 28 35 28 13 13 39 35
split_gain=0.310692 0.678483 0.496005 0.425884 0.424966 0.397602 0.359755 0.307714 0.299505 0.283184 0.329958 0.712078 0.711876 0.50716
threshold=0.30855000000000005 1.1890000000000003 0.18300000000000002 17.500000000000004 3.5000000000000004 0 1.4115000000000002 0.90280000000000016 10.500000000000002 0.78175000000000006 0.43350000000000005 0.48790000000000006 1.0570000000000002 9.5000000000000018
decision_type=2 2 2 2 2 1 2 2 2 2 2 2 2 2
left_child=1 3 9 7 5 -4 -3 -1 -7 10 -2 -12 13 -13
right_child=2 6 4 -5 -6 8 -8 -9 -10 -11 11 12 -14 -15
leaf_value=-0.029729920138247629 0.010580954824837613 0.025206848994824279 -0.0068545789363783447 0.011129424818109176 -0.0066246482167256265 0.024620128589074738 -0.011704987088417489 0.0051692135684553598 -5.3165560986679687e-05 -0.024020473031894703 -0.031522193502911862 0.0094508698800456065 0.026928711863853629 -0.027623021923651177
leaf_weight=2.8773149831395166 2.5509626604034592 0.90428500890266128 1.22034259326756 0.40113895316608239 2.3721015028713737 5.0154227581224387 0.29849053756333888 0.43657324986997981 1.5406695727142503 0.76960091362707306 1.1373061102349309 1.0311479805386627 1.0271685112384146 0.95683067839127023
leaf_count=198 69 21 99 7 73 183 82 33 72 19 25 38 21 50
internal_value=-6.8753e-05 -0.010046 0.00310564 -0.0195656 0.00990326 0.0151253 0.0148913 -0.0249998 0.0195823 -0.006205 -0.00130701 -0.00924628 0.00491428 -0.0116659
internal_weight=22.5394 4.9178 17.6216 3.71503 10.1485 7.77643 1.20278 3.31389 6.55609 7.47302 6.70342 4.15245 3.01515 1.98798
internal_count=990 341 649 238 427 354 103 231 255 222 203 134 109 88
cat_boundaries=0 1
cat_threshold=2
is_linear=0
shrinkage=0.05


Tree=191
num_leaves=15
num_cat=0
split_feature=12 35 12 13 14 28 45 0 35 23 13 28 14 0
split_gain=0.257233 0.517141 0.350783 0.397114 0.275328 0.394794 0.518909 0.621604 0.528821 0.47194 0.369287 0.398418 0.291056 0.215661
threshold=0.14675000000000002 12.500000000000002 0.28070000000000006 0.48490000000000005 0.21680000000000002 0.78175000000000006 2.5000000000000004 0.7340000000000001 5.5000000000000009 0.36035 0.39875000000000005 0.43650000000000005 0.26590000000000008 0.41975000000000007
decision_type=2 2 2 2 2 2 2 2 2 2 2 2 2 2
left_child=4 2 -2 -4 5 6 7 8 -1 -8 11 -6 -13 -12
right_child=1 -3 3 -5 10 -7 9 -9 -10 -11 13 12 -14 -15
leaf_value=0.019527338656941135 -0.031250620423013221 0.010500598499268786 -0.01485946307359011 0.015523405024461714 -0.020837068745009929 -0.020106638676980659 -0.019783500117575722 0.031393265763777871 -0.010845376700347253 0.01079792157668511 -0.0014597866281898522 -0.0087692137482383234 0.020628981337111753 0.026315684146365814
leaf_weight=1.2130442605121112 1.3970259845955291 1.6833476587198672 1.6247082276095173 0.84377181855961669 0.76557933469302897 1.3712131930806197 2.6713687689916701 1.4453206406906245 3.0666836420132313 1.1471733581274746 0.76417826820397783 0.70459006121382106 1.0117606560816055 2.2141538576688617
leaf_count=29 91 76 200 42 25 59 136 49 104 23 58 24 25 39
internal_value=-0.000287443 -0.00872091 -0.0175293 -0.00299271 0.00290776 -0.00178332 0.00250666 0.0112827 -0.000168541 -0.0102619 0.0111095 -0.00293999 0.00977512 0.0206135
internal_weight=21.9239 5.54885 3.86551 2.46848 16.3751 10.9148 9.54359 5.72505 4.27973 3.81854 5.46026 2.48193 1.71635 2.97833
internal_count=980 409 333 242 571 400 341 182 133 159 171 74 49 97
is_linear=0
shrinkage=0.05


Tree=192
num_leaves=15
num_cat=0
split_feature=28 23 47 47 14 33 23 23 47 45 29 47 46 45
split_gain=0.232859 0.344886 0.341238 0.643053 0.575367 0.292711 0.25049 0.222002 0.179609 0.310682 0.211072 0.253229 0.244352 0.216432
threshold=0.56350000000000011 0.12250000000000001 0.38125000000000009 0.09799999999999999 0.21200000000000005 11.000000000000002 0.34520000000000001 0.10130000000000002 0.13034999999999999 1.5000000000000002 12.500000000000002 0.19695000000000004 7.5000000000000009 3.5000000000000004
decision_type=2 2 2 2 2 2 2 2 2 2 2 2 2 2
left_child=7 5 3 6 -5 -2 -3 -1 9 -9 12 -12 -10 -14
right_child=1 2 -4 4 -6 -7 -8 8 10 -11 11 -13 13 -15
leaf_value=-0.012787679887658433 0.017004804948847221 -0.0023357072374738446 -0.028955024083628489 -0.011844739906279197 0.021257460049661548 -0.011695026040452271 -0.032448298917137706 0.022568416330748724 -0.010058317077910148 -0.0088595466499347842 0.0082231617849088546 -0.021948453621821986 -5.4511485021060563e-06 0.016108301754045037
leaf_weight=1.0719600041338733 1.511314780247629 1.3201176082366148 1.242952143482398 1.4378091366961601 2.086247554543661 0.52681176687474351 0.9763611250091343 1.7628330984734923 1.4240821688144913 0.48177649138960976 0.45680785737931617 0.83428829850163311 4.0655748314457014 3.2736489567905664
leaf_count=88 78 43 202 23 42 51 10 63 76 25 6 66 131 99
internal_value=-0.00144995 -0.00721811 -0.0121241 -0.00481166 0.00811895 0.00817883 -0.0210979 0.00270549 0.00491586 0.0151713 0.00146107 -0.0123435 0.00455086 0.0082518
internal_weight=22.4726 9.10161 7.06349 5.82054 3.52406 2.03813 2.29648 13.371 12.299 2.24461 10.0544 1.2911 8.76331 7.33922
internal_count=1003 449 320 118 65 129 53 554 466 88 378 72 306 230
is_linear=0
shrinkage=0.05


Tree=193
num_leaves=15
num_cat=0
split_feature=22 23 22 14 0 20 28 0 39 28 13 14 21 46
split_gain=0.277753 0.520501 0.612601 0.444715 0.493054 0.423682 0.355122 0.408881 0.35968 0.369084 0.302536 0.267899 0.401287 0.249174
threshold=0.80475000000000019 0.21825000000000003 0.9245000000000001 0.11170000000000001 0.73160000000000014 7.5000000000000009 0.26785000000000009 0.62970000000000015 1.0005000000000002 0.69050000000000011 0.24765000000000001 0.14920000000000003 0.23305000000000003 14.500000000000002
decision_type=2 2 2 2 2 2 2 2 2 2 2 2 2 2
left_child=5 3 -3 -2 6 11 -5 8 9 -8 -6 13 -13 -1
right_child=1 2 -4 4 10 -7 7 -9 -10 -11 -12 12 -14 -15
leaf_value=-0.015624338989959638 -0.022273464390354398 -0.02661833264160331 0.007001407864910875 -0.017579728214757159 -0.0055694097679455726 -0.018402978562458809 0.025381021902182423 -0.015202245783978455 -0.0074272846128064455 -0.0039693199543397615 0.02799908561751125 0.021257339263246931 -0.01291185229694415 0.0092643946639041682
leaf_weight=0.87906731595285537 0.66173940931912412 3.1543244922650038 1.4957324276911093 1.4610767033882419 0.49635155568830702 0.50921636499697331 2.6055527098069438 1.1327298111282287 1.4503704422677399 1.1807752786262424 1.8918644280638544 4.2831142744107638 0.33730113337514911 1.2106119796517303
leaf_count=27 31 86 31 89 16 32 114 30 80 80 83 171 114 25
internal_value=-0.000426545 -0.00414476 -0.016479 0.00207 0.00549129 0.00710335 -0.00124914 0.00437409 0.0103672 0.0173111 0.0214378 0.0111748 0.0169094 -0.00287383
internal_weight=22.7498 15.5305 4.65006 10.8805 10.2187 7.21931 7.8305 6.36943 5.2367 3.78633 2.38822 6.71009 4.62042 2.08968
internal_count=1009 640 117 523 492 369 393 304 274 194 99 337 285 52
is_linear=0
shrinkage=0.05


Tree=194
num_leaves=15
num_cat=1
split_feature=23 57 12 12 14 13 12 47 13 19 35 39 29 14
split_gain=0.252519 0.22117 0.394934 0.686699 0.489052 0.397037 0.415982 0.358159 0.348457 0.430191 0.427995 0.465144 0.38889 0.356144
threshold=0.085150000000000017 0 0.35650000000000009 0.15040000000000003 0.20230000000000001 0.30440000000000006 0.057550000000000011 0.23810000000000001 0.43350000000000005 7.5000000000000009 5.5000000000000009 1.054 10.500000000000002 0.13350000000000004
decision_type=2 1 2 2 2 2 2 2 2 2 2 2 2 2
left_child=-1 -2 3 4 8 -6 7 -7 9 -3 -10 -12 -11 -13
right_child=1 2 -4 -5 5 6 -8 -9 10 12 11 13 -14 -15
leaf_value=-0.019624502423826889 -0.011826719561652616 0.020135067577547031 0.020573728609191055 -0.021413341363449447 -0.0027596663039812083 0.015585796527615665 0.031138847413404711 -0.015040156758390738 0.011155117713560106 -0.017151060096989794 -0.029602470149828249 0.016833931691099469 0.012645227805194604 -0.014243434929485278
leaf_weight=0.61732404094073245 2.03159047907684 1.7775734115857718 1.6739100956765458 2.1582245973404488 2.3171621614019378 0.97755810245871522 2.4814399045426399 0.8488854150637053 0.90736999572254706 1.7618130359333011 2.1730262990458873 0.85298101138323523 0.91329521033912886 0.84462542933761142
leaf_count=114 242 44 70 96 51 16 77 32 25 80 93 10 15 30
internal_value=-0.000553692 0.000828267 0.00264269 -1.7921e-05 0.00399196 0.0134121 0.0209919 0.00106646 -0.00341919 0.00600671 -0.0117226 -0.0182749 -0.00630566 0.00182353
internal_weight=22.3368 21.7195 19.6879 18.014 15.8557 6.62505 4.30788 1.82644 9.23068 4.45268 4.778 3.87063 2.67511 1.69761
internal_count=995 881 639 569 473 176 125 48 297 139 158 133 95 40
cat_boundaries=0 1
cat_threshold=2
is_linear=0
shrinkage=0.05


Tree=195
num_leaves=15
num_cat=0
split_feature=0 45 21 33 44 35 42 35 13 29 13 37 46 0
split_gain=0.311401 0.572047 0.308097 0.295868 0.445308 0.508853 0.495599 0.463867 0.298743 0.388024 0.21684 0.205361 0.119718 0.117371
threshold=0.34510000000000002 11.500000000000002 0.080100000000000018 5.5000000000000009 1.0000000180025095e-35 12.500000000000002 1.0000000180025095e-35 11.500000000000002 0.33770000000000006 7.5000000000000009 0.23255000000000003 0.10795 11.500000000000002 0.53665000000000018
decision_type=2 2 2 2 2 2 2 2 2 2 2 2 2 2
left_child=1 2 11 10 5 6 -5 -6 -8 -10 13 -1 -7 -2
right_child=3 -3 -4 4 7 12 8 -9 9 -11 -12 -13 -14 -15
leaf_value=-0.026245408625728845 0.0077309642696528182 0.013813712435452388 0.010171322263900948 -0.02933770529180553 0.022901865950283675 0.020570034217134481 -0.015490940535619051 -0.0072600049982305681 0.015336592603089309 -0.010244440596392602 0.019952244642523778 0.0033177911648236249 -0.00040837721433424927 -0.013750068420318881
leaf_weight=2.9163012270291837 0.32219504949171396 1.128854644950479 0.27042838590568852 1.6755134229606463 2.4262350962962951 0.88534997100941826 1.8705942342057822 1.4208052665926514 2.4038831063080579 1.7181401320267466 2.7302751692768652 0.44732063030824054 1.0041190432384608 0.36007771972799674
leaf_count=385 19 49 31 102 52 37 36 36 37 35 86 7 33 39
internal_value=0.00046706 -0.00965723 -0.0183557 0.00371551 1.74881e-05 -0.00574375 -0.0113754 0.0125627 -0.0028759 0.00475557 0.0149456 -0.0224545 0.0131385 -0.00504039
internal_weight=21.5801 4.7629 3.63405 16.8172 13.4046 9.5576 7.66813 3.84704 5.99262 4.12202 3.41255 3.36362 1.88947 0.682273
internal_count=984 472 423 512 368 280 210 88 108 72 144 392 70 58
is_linear=0
shrinkage=0.05


Tree=196
num_leaves=15
num_cat=1
split_feature=36 14 39 19 19 12 39 19 20 29 22 14 57 0
split_gain=0.213176 0.257376 0.232316 0.304755 0.400315 0.356589 0.45629 0.870593 0.564742 0.679796 0.465584 0.441441 0.324378 0.268182
threshold=1.5000000000000002 0.35535000000000011 1.2325000000000002 4.5000000000000009 8.5000000000000018 0.35810000000000003 1.0005000000000002 28.500000000000004 3.5000000000000004 4.5000000000000009 0.9215500000000002 0.13100000000000003 0 0.73890000000000011
decision_type=2 2 2 2 2 2 2 2 2 2 2 2 1 2
left_child=2 -2 3 -1 13 6 8 10 9 -6 -8 -11 -7 -5
right_child=1 -3 -4 4 5 12 7 -9 -10 11 -12 -13 -14 -15
leaf_value=0.0095851886382235813 0.020674629739734635 -0.0084645304269179069 0.014020069820978816 -0.026480208401407902 -0.013105705804957511 -0.0091027014892587719 -0.032333345236227592 0.014910007206683186 -0.017209856697592323 -0.011831844029597695 0.002714141760945853 0.025624398231613596 0.025146297289954978 0.0029175262193372321
leaf_weight=2.4443562857341119 1.1682483331533138 0.4907375934999435 0.90170285745989431 2.4240860141871994 1.3887803109828363 0.42959471864742227 3.1419962390500586 1.1312313021626321 1.5436289963254237 0.34549011185299638 1.0394748327089471 3.4688094013254158 0.99822692348970921 0.76571498590055842
leaf_count=60 52 30 104 198 68 61 88 34 61 16 37 135 41 12
internal_value=-0.00130066 0.0121134 -0.00293539 -0.004392 -0.00686698 -0.0024759 -0.00559778 -0.0153045 0.00303468 0.0108469 -0.0247785 0.0204788 0.0153367 -0.0204112
internal_weight=21.6821 1.65899 20.0231 19.1214 16.677 13.4872 12.0594 5.3127 6.74671 5.20308 4.18147 3.8143 1.42782 3.1898
internal_count=997 82 915 811 751 541 439 159 280 219 125 151 102 210
cat_boundaries=0 1
cat_threshold=2
is_linear=0
shrinkage=0.05


Tree=197
num_leaves=15
num_cat=0
split_feature=23 36 22 15 15 28 22 39 19 12 23 12 23 29
split_gain=0.277086 0.229659 0.468808 0.405736 0.463268 0.393514 0.551568 0.514991 0.395121 0.531276 0.342441 0.265568 0.264305 0.42335
threshold=0.085150000000000017 1.0000000180025095e-35 0.95120000000000016 0.63690000000000013 0.23965000000000003 0.34520000000000001 0.90695000000000014 1.2325000000000002 17.500000000000004 0.024800000000000003 0.19200000000000003 0.054100000000000009 0.17915 8.5000000000000018
decision_type=2 2 2 2 2 2 2 2 2 2 2 2 2 2
left_child=-1 5 3 4 11 8 7 -7 9 -2 -11 -3 -6 -14
right_child=1 2 -4 -5 12 6 -8 -9 -10 10 -12 -13 13 -15
leaf_value=-0.019697920040516674 -0.016333310003835415 0.0095386280899307889 -0.0096089177396177939 -0.0089812244134311898 0.030744607300178112 -0.031562405776316159 0.012401923641906438 0.011413987147943151 -0.017123559846349373 -0.0062313967511746018 0.023885009534088328 -0.020315164760765909 0.017059738969217888 -0.010913732568036863
leaf_weight=0.62189548779861326 0.66366880387067961 0.55805453285574713 2.8872490287758401 1.4547861580504093 2.5043011227389798 2.2910354400228252 0.70817668113159005 0.33631263393908728 0.75051399148651388 0.7774287820211615 2.9594056532368995 0.64192665211157873 3.2639042392838746 1.1747066925163379
leaf_count=118 5 7 50 31 86 312 37 30 40 82 84 41 64 23
internal_value=0.000257351 0.0017187 0.0058474 0.010965 0.0151211 -0.00433133 -0.0155542 -0.0244312 0.00428325 0.0104289 0.0176267 -0.00840658 0.019734 0.00901093
internal_weight=21.5934 20.9715 12.4849 9.59768 8.14289 8.48654 3.33552 2.62735 5.15102 4.4005 3.73683 1.19998 6.94291 4.43861
internal_count=1010 892 302 252 221 590 379 342 211 171 166 48 173 87
is_linear=0
shrinkage=0.05


Tree=198
num_leaves=15
num_cat=1
split_feature=0 37 45 57 12 15 12 33 13 23 23 21 23 41
split_gain=0.327977 0.400488 0.466305 0.395611 0.347058 0.552746 0.344436 0.450892 0.316653 0.306418 0.560987 0.272719 0.246337 0.22617
threshold=0.37910000000000005 0.10795 18.500000000000004 0 0.055800000000000009 0.23965000000000003 0.081500000000000017 7.5000000000000009 0.21160000000000004 0.20345000000000005 0.13820000000000002 0.080100000000000018 0.15895000000000004 0.89900000000000013
decision_type=2 2 2 1 2 2 2 2 2 2 2 2 2 2
left_child=1 2 3 -1 8 -6 -7 -8 -2 10 -9 13 -10 -5
right_child=4 -3 -4 11 5 6 7 9 12 -11 -12 -13 -14 -15
leaf_value=0.0053202268482835336 0.012858855171969908 0.014079936257082194 0.013002583492753104 -0.033064142250053011 -0.020697829538386961 0.023134121734406987 0.016111375660066349 -0.013137085041590287 0.00011444246510614736 -0.016355668381209845 0.023271882013866253 0.0050827603703363861 -0.023686617381633104 -6.8347648412126375e-06
leaf_weight=0.93540716101415655 0.57690837047994037 0.64106078259646881 0.60269673215225328 3.0980671235010973 0.67734367086086322 2.7285078167915326 3.0909372670284938 1.2295560865313748 1.7996911546215417 2.1725065352511592 1.0852548347320405 0.36661910879774939 1.7092804978601632 0.59265684965066601
leaf_count=68 9 8 9 360 122 52 91 39 54 42 28 34 34 51
internal_value=-0.00148384 -0.0102704 -0.014772 -0.019735 0.00256518 0.00707591 0.0105703 0.00387726 -0.00856805 -0.00595018 0.00580363 -0.0254212 -0.0141614 -0.0288889
internal_weight=21.3065 6.23651 5.59545 4.99275 15.07 10.9841 10.3068 7.57825 4.08588 4.48732 2.31481 4.05734 3.50897 3.69072
internal_count=1001 530 522 513 471 374 252 200 97 109 67 445 88 411
cat_boundaries=0 1
cat_threshold=1
is_linear=0
shrinkage=0.05


Tree=199
num_leaves=15
num_cat=0
split_feature=37 0 28 15 13 35 13 13 19 47 45 29 47 15
split_gain=0.31714 0.40631 0.631565 0.346198 0.444227 0.261679 0.392656 0.381792 0.432183 0.298117 0.266117 0.258863 0.228446 0.188734
threshold=0.10795 0.7904500000000001 0.69050000000000011 0.24415000000000001 0.60855000000000015 6.5000000000000009 0.49415000000000003 0.36995000000000006 9.5000000000000018 0.18460000000000001 9.5000000000000018 10.500000000000002 0.30495 0.29660000000000003
decision_type=2 2 2 2 2 2 2 2 2 2 2 2 2 2
left_child=1 5 -3 -2 -5 6 9 8 13 -1 -11 -9 -10 -7
right_child=3 2 -4 4 -6 7 -8 11 12 10 -12 -13 -14 -15
leaf_value=0.0099085705977969493 -0.015112053079871589 0.023986465751686364 -0.014018262661964213 0.022325087347890807 -0.0087554010834096693 -0.0052524313719016034 0.016017235992446057 -0.026330865634461454 0.0036815730528576064 -0.021544543674063592 0.0087588426816804649 -0.0036517905796781963 -0.023402477760462996 0.023561611962115439
leaf_weight=0.83952997994493417 0.41733829450094972 1.722858693567104 0.98707548959646363 2.8318455017870297 1.0103931254707275 0.36649168675648824 1.5870881861774249 3.7828203012468293 0.96830735748517305 2.1188786777784121 0.34651250240858633 2.203143501887098 0.78337528748670593 0.9584530966822058
leaf_count=31 32 62 16 86 19 64 75 228 18 185 18 76 71 18
internal_value=-0.00204838 -0.00517616 0.0100962 0.00884588 0.0140316 -0.00861881 0.000723724 -0.0132327 0.00109845 -0.00863519 -0.0159869 -0.0197014 -0.0125338 0.0167604
internal_weight=20.9241 16.6645 2.70993 4.25958 3.84224 13.9546 4.89201 9.06259 3.07663 3.30492 2.46539 5.98596 1.75168 1.32494
internal_count=999 862 78 137 105 784 309 475 171 234 203 304 89 82
is_linear=0
shrinkage=0.05


end of trees

feature_importances:
value_x1=217
value_y0=213
upper_ratio=213
value_x0=210
rule_score=168
heading_height_ratio=163
heading_tail_words=137
page_frac=129
score_gap=127
n_field_candidates=119
value_len=113
alpha_ratio=106
n_field_accepted=100
value_y1=99
record_value_pages=96
score_rank=84
n_keys_page=73
value_n_words=63
region=58
record_value_share=50
page_distinct_values=47
heading_whole_line=32
n_trusted_keys_page=31
digit_ratio=28
same_value_in_group=26
page_count=20
heading_position=20
heading_value_overlap=19
record_distinct_values=10
rule_source=10
heading_ends_colon=8
heading_key_overlap=4
detail_cat=3
rule_accepted=1
has_comma=1

parameters:
[boosting: gbdt]
[objective: binary]
[metric: binary_logloss]
[tree_learner: serial]
[device_type: cpu]
[data_sample_strategy: bagging]
[data: ]
[valid: ]
[num_iterations: 200]
[learning_rate: 0.05]
[num_leaves: 15]
[num_threads: 0]
[seed: 7]
[deterministic: 0]
[force_col_wise: 0]
[force_row_wise: 0]
[histogram_pool_size: -1]
[max_depth: -1]
[min_data_in_leaf: 20]
[min_sum_hessian_in_leaf: 0.001]
[bagging_fraction: 0.9]
[pos_bagging_fraction: 1]
[neg_bagging_fraction: 1]
[bagging_freq: 1]
[bagging_seed: 17422]
[bagging_by_query: 0]
[feature_fraction: 0.9]
[feature_fraction_bynode: 1]
[feature_fraction_seed: 7040]
[extra_trees: 0]
[extra_seed: 6516]
[early_stopping_round: 0]
[early_stopping_min_delta: 0]
[first_metric_only: 0]
[max_delta_step: 0]
[lambda_l1: 0]
[lambda_l2: 1]
[linear_lambda: 0]
[min_gain_to_split: 0]
[drop_rate: 0.1]
[max_drop: 50]
[skip_drop: 0.5]
[xgboost_dart_mode: 0]
[uniform_drop: 0]
[drop_seed: 15215]
[top_rate: 0.2]
[other_rate: 0.1]
[min_data_per_group: 5]
[max_cat_threshold: 32]
[cat_l2: 10]
[cat_smooth: 10]
[max_cat_to_onehot: 4]
[top_k: 20]
[monotone_constraints: ]
[monotone_constraints_method: basic]
[monotone_penalty: 0]
[feature_contri: ]
[forcedsplits_filename: ]
[refit_decay_rate: 0.9]
[cegb_tradeoff: 1]
[cegb_penalty_split: 0]
[cegb_penalty_feature_lazy: ]
[cegb_penalty_feature_coupled: ]
[path_smooth: 0]
[interaction_constraints: ]
[verbosity: -1]
[saved_feature_importance_type: 0]
[use_quantized_grad: 0]
[num_grad_quant_bins: 4]
[quant_train_renew_leaf: 0]
[stochastic_rounding: 1]
[linear_tree: 0]
[max_bin: 255]
[max_bin_by_feature: ]
[min_data_in_bin: 3]
[bin_construct_sample_cnt: 200000]
[data_random_seed: 61]
[is_enable_sparse: 1]
[enable_bundle: 1]
[use_missing: 1]
[zero_as_missing: 0]
[feature_pre_filter: 1]
[pre_partition: 0]
[two_round: 0]
[header: 0]
[label_column: ]
[weight_column: ]
[group_column: ]
[ignore_column: ]
[categorical_feature: 49,50,51,52,53,54,55,56,57,58]
[forcedbins_filename: ]
[precise_float_parser: 0]
[parser_config_file: ]
[objective_seed: 15521]
[num_class: 1]
[is_unbalance: 0]
[scale_pos_weight: 1]
[sigmoid: 1]
[boost_from_average: 1]
[reg_sqrt: 0]
[alpha: 0.9]
[fair_c: 1]
[poisson_max_delta_step: 0.7]
[tweedie_variance_power: 1.5]
[lambdarank_truncation_level: 30]
[lambdarank_norm: 1]
[label_gain: ]
[lambdarank_position_bias_regularization: 0]
[eval_at: ]
[multi_error_top_k: 1]
[auc_mu_weights: ]
[num_machines: 1]
[local_listen_port: 12400]
[time_out: 120]
[machine_list_filename: ]
[machines: ]
[gpu_platform_id: -1]
[gpu_device_id: -1]
[gpu_device_id_list: ]
[gpu_use_dp: 0]
[num_gpu: 1]

end of parameters

pandas_categorical:[[], ["keyless"], [], ["label", "page_header", "section"], [], ["page_header", "section_header", "text_label"], ["Heading", "Subheading"], ["dob", "dos", "electronic_signature", "member_id", "name", "provider_name"], ["after_stop", "inline", "line_start"], []]
